Workbook

Sheet Colour Guide
A1: Brand | B1: Primary | C1: Secondary
A2: Holiday Inn Express | B2: #002D72 | C2: #9BCBEB | D2: #E35205
A3: Holiday Inn | B3: #1C4B34 | C3: #578272 | D3: #9BC5B7
A4: avid hotels | B4: #68D2DF | C4: #FF0000
A5: Garner | B5: #ABDBC6 | C5: #FBF8EB
A6: Atwell Suites | B6: #6C714D | C6: #E8CEBD | D6: #B46A55
A7: Staybridge Suites | B7: #006980
A8: Candlewood Suites | B8: #9B2241 | C8: #00205B
A9: Even Hotels | B9: #164945
A10: voco | B10: #121217 | C10: #F8B9OD
A11: Crowne Plaza | B11: #A00062 | C11: #515A61
A12: Hotel Indigo | B12: #2E5992 | C12: #D8A400
A13: Vignette | B13: #2E273B | C13: #E9D0D5
A14: Intercontinental | B14: #3D3935 | C14: #CBC5BE
A15: Regent | B15: #D6E3DC | C15: F5E1CC | D15: #211551
A16: Kimpton | B16: #58565C | C16: #FFFFFF

Sheet Regent
A1: Course Title | B1: Instructions | C1: Hyperlink for Access | D1: Access ______ | E1: Not visible to learner: OJT Course ID: | F1: Create OJT Button
A2: First Aid | B2: Review your first aid procedures and practices. | E2: IHG1885862-OJT | F2: https://mylearning.sumtotal.host/core/pillarRedirect?relyingParty=LM&url=app%2Fmanagement%2FLMS_ActDetails.aspx%3FActivityId%3D601671%26UserMode%3D0
A3: Understanding PCI DSS | B3: View the videos with your group to complete the learning offer | C3: https://mylearning.sumtotal.host/core/pillarRedirect?relyingParty=LM&url=app%2fmanagement%2fLMS_ActDetails.aspx%3fActivityId%3d612703%26UserMode%3d0 | D3: Course | E3: IHG0047626-OJT | F3: https://mylearning.sumtotal.host/core/pillarRedirect?relyingParty=LM&url=app%2fmanagement%2fLMS_ActDetails.aspx%3fActivityId%3d595012%26UserMode%3d0
A4: Health & Safety, Security an Emergency Procedures | B4: Review your health safety and security procedures, including fire evacuation plan. | C4: Link | D4: course | E4: IHG9191264-OJT | F4: https://mylearning.sumtotal.host/core/pillarRedirect?relyingParty=LM&url=app%2Fmanagement%2FLMS_ActDetails.aspx%3FActivityId%3D601724%26UserMode%3D0
A5: Getting to Know IHG Concerto | B5: View the videos with your group to complete the learning offer. Once complete, review the assessments as a group. NOTE: Assessment records are not required | C5: https://mylearning.sumtotal.host/core/pillarRedirect?relyingParty=LM&url=app%2fmanagement%2fLMS_ActDetails.aspx%3fActivityId%3d52090%26UserMode%3d0 | D5: course | E5: IHG0049491-OJT | F5: https://mylearning.sumtotal.host/core/pillarRedirect?relyingParty=LM&url=app%2Fmanagement%2FLMS_ActDetails.aspx%3FActivityId%3D595027%26UserMode%3D0
A6: IHG Voice Program Training | B6: View the videos with your group to complete the learning offer | C6: https://mylearning.sumtotal.host/core/pillarRedirect?relyingParty=LM&url=app%2fmanagement%2fLMS_ActDetails.aspx%3fActivityId%3d2823%26UserMode%3d0 | D6: course | E6: IHG0054667-OJT | F6: https://mylearning.sumtotal.host/core/pillarRedirect?relyingParty=LM&url=app%2Fmanagement%2FLMS_ActDetails.aspx%3FActivityId%3D595030%26UserMode%3D0
A7: IHG Way of Clean 5-S Cleaning Program | B7: View the videos with your group to complete the learning offer. Once complete, review the assessments as a group. NOTE: Assessment records are not required | C7: Link | D7: course | E7: IHG7376524-OJT | F7: https://mylearning.sumtotal.host/core/pillarRedirect?relyingParty=LM&url=app%2Fmanagement%2FLMS_ActDetails.aspx%3FActivityId%3D468097%26UserMode%3D0
A8: IHG Way of Clean 5-S Cleaning Program for Non-Housekeeping Colleagues | B8: View the videos with your group to complete the learning offer. Once complete, review the assessments as a group. NOTE: Assessment records are not required | C8: Link | D8: course | E8: IHG1227263-OJT | F8: https://mylearning.sumtotal.host/core/pillarRedirect?relyingParty=LM&url=app%2Fmanagement%2FLMS_ActDetails.aspx%3FActivityId%3D595028%26UserMode%3D0
A9: IHG World Class Beverage Academy - 101 Essentials | B9: View the videos with your group to complete the learning offer. Once complete, review the assessments as a group. NOTE: Assessment records are not required | C9: Link | D9: course | E9: IHG052185-OJT | F9: https://mylearning.sumtotal.host/core/pillarRedirect?relyingParty=LM&url=app%2Fmanagement%2FLMS_ActDetails.aspx%3FActivityId%3D595029%26UserMode%3D0
A10: Introduction to Information Security | B10: View the videos with your group to complete the learning offer Please visit the Information Security Page on Merlin to learn more about Information Security at IHG: https://me2.ihgmerlin.com/web/init-ihg-information-security/home | C10: https://me2.ihgmerlin.com/web/init-ihg-information-security/home | D10: Resource | E10: IHG0047625-OJT | F10: https://mylearning.sumtotal.host/core/pillarRedirect?relyingParty=LM&url=app%2Fmanagement%2FLMS_ActDetails.aspx%3FActivityId%3D596770%26UserMode%3D0
A11: Leading and Sustaining your Service Culture | B11: View the videos with your group to complete the learning offer. Once complete, review the assessments as a group. NOTE: Assessment records are not required | C11: Link | D11: course | E11: IHG0056403-OJT | F11: https://mylearning.sumtotal.host/core/pillarRedirect?relyingParty=LM&url=app%2Fmanagement%2FLMS_ActDetails.aspx%3FActivityId%3D596772%26UserMode%3D0
A12: Luxury Fundamentals | B12: Use the link provided to access the learning offer. Review the offering in its entirety to complete. | C12: Link | D12: Course | E12: IHG0063363-OJT | F12: https://mylearning.sumtotal.host/core/pillarRedirect?relyingParty=LM&url=app%2Fmanagement%2FLMS_ActDetails.aspx%3FActivityId%3D468098%26UserMode%3D0
A13: Preventing Human Trafficking | B13: View the videos with your group to complete the learning offer. Once complete, review the assessments as a group. NOTE: Assessment records are not required | C13: Link https://ihg.sharepoint.com/sites/ResponsibleBusiness/SitePages/Human-Rights-Brand-Standards-Guidance.aspx | D13: course | E13: IHG0057043-OJT | F13: https://mylearning.sumtotal.host/core/pillarRedirect?relyingParty=LM&url=app%2Fmanagement%2FLMS_ActDetails.aspx%3FActivityId%3D468092%26UserMode%3D0
A14: IHG Problem Handling V2 | B14: View the videos with your group to complete the learning offer. Once complete, review the assessments as a group. NOTE: Assessment records are not required | C14: Link | D14: course | E14: IHG056045-OJT | F14: https://mylearning.sumtotal.host/core/pillarRedirect?relyingParty=LM&url=app%2Fmanagement%2FLMS_ActDetails.aspx%3FActivityId%3D468095%26UserMode%3D0
A15: Property Orientation | B15: Complete a tour of your property with new hires. | E15: IHG8342629-OJT | F15: https://mylearning.sumtotal.host/core/pillarRedirect?relyingParty=LM&url=app%2Fmanagement%2FLMS_ActDetails.aspx%3FActivityId%3D603028%26UserMode%3D0
A16: Regent Brand Experience Training | B16: Deliver your brand service training | E16: IHG2466648-OJT | F16: https://mylearning.sumtotal.host/core/pillarRedirect?relyingParty=LM&url=app%2Fmanagement%2FLMS_ActDetails.aspx%3FActivityId%3D606314%26UserMode%3D0
A17: Regent Brand Orientation | B17: Deliver your brand service training | E17: IHG2170824-OJT | F17: https://mylearning.sumtotal.host/core/pillarRedirect?relyingParty=LM&url=app%2Fmanagement%2FLMS_ActDetails.aspx%3FActivityId%3D606352%26UserMode%3D0
A18: True Hospitality Service Skills | B18: View the videos with your group to complete the learning offer. Once complete, review the assessments as a group. NOTE: Assessment records are not required | C18: Link | D18: course | E18: IHG051263-OJT | F18: https://mylearning.sumtotal.host/core/pillarRedirect?relyingParty=LM&url=app%2Fmanagement%2FLMS_ActDetails.aspx%3FActivityId%3D468089%26UserMode%3D0
A19: Welcome to IHG | B19: View the videos with your group to complete the learning offer | C19: Link | D19: course | E19: IHG058044-OJT | F19: https://mylearning.sumtotal.host/core/pillarRedirect?relyingParty=LM&url=app%2Fmanagement%2FLMS_ActDetails.aspx%3FActivityId%3D606314%26UserMode%3D0

Sheet InterContinental
A1: Course Title | B1: Instructions | C1: Hyperlink for Access | D1: Access ______ | E1: Not visible to learner: OJT Course ID: | F1: Create OJT Button
A2: First Aid | B2: Review your first aid procedures and practices. | E2: IHG1885862-OJT | F2: https://mylearning.sumtotal.host/core/pillarRedirect?relyingParty=LM&url=app%2Fmanagement%2FLMS_ActDetails.aspx%3FActivityId%3D601671%26UserMode%3D0
A3: Understanding PCI DSS | B3: View the videos with your group to complete the learning offer | C3: https://mylearning.sumtotal.host/core/pillarRedirect?relyingParty=LM&url=app%2fmanagement%2fLMS_ActDetails.aspx%3fActivityId%3d612703%26UserMode%3d0 | D3: Course | E3: IHG0047626-OJT | F3: https://mylearning.sumtotal.host/core/pillarRedirect?relyingParty=LM&url=app%2fmanagement%2fLMS_ActDetails.aspx%3fActivityId%3d595012%26UserMode%3d0
A4: Health & Safety, Security an Emergency Procedures | B4: Review your health safety and security procedures, including fire evacuation plan. | C4: Link | D4: course | E4: IHG9191264-OJT | F4: https://mylearning.sumtotal.host/core/pillarRedirect?relyingParty=LM&url=app%2Fmanagement%2FLMS_ActDetails.aspx%3FActivityId%3D601724%26UserMode%3D0
A5: Getting to Know IHG Concerto | B5: View the videos with your group to complete the learning offer. Once complete, review the assessments as a group. NOTE: Assessment records are not required | C5: https://mylearning.sumtotal.host/core/pillarRedirect?relyingParty=LM&url=app%2fmanagement%2fLMS_ActDetails.aspx%3fActivityId%3d52090%26UserMode%3d0 | D5: course | E5: IHG0049491-OJT | F5: https://mylearning.sumtotal.host/core/pillarRedirect?relyingParty=LM&url=app%2Fmanagement%2FLMS_ActDetails.aspx%3FActivityId%3D595027%26UserMode%3D0
A6: IHG Voice Program Training | B6: View the videos with your group to complete the learning offer | C6: https://mylearning.sumtotal.host/core/pillarRedirect?relyingParty=LM&url=app%2fmanagement%2fLMS_ActDetails.aspx%3fActivityId%3d2823%26UserMode%3d0 | D6: course | E6: IHG0054667-OJT | F6: https://mylearning.sumtotal.host/core/pillarRedirect?relyingParty=LM&url=app%2Fmanagement%2FLMS_ActDetails.aspx%3FActivityId%3D595030%26UserMode%3D0
A7: IHG Way of Clean 5-S Cleaning Program | B7: View the videos with your group to complete the learning offer. Once complete, review the assessments as a group. NOTE: Assessment records are not required | C7: Link | D7: course | E7: IHG7376524-OJT | F7: https://mylearning.sumtotal.host/core/pillarRedirect?relyingParty=LM&url=app%2Fmanagement%2FLMS_ActDetails.aspx%3FActivityId%3D468097%26UserMode%3D0
A8: IHG Way of Clean 5-S Cleaning Program for Non-Housekeeping Colleagues | B8: View the videos with your group to complete the learning offer. Once complete, review the assessments as a group. NOTE: Assessment records are not required | C8: Link | D8: course | E8: IHG1227263-OJT | F8: https://mylearning.sumtotal.host/core/pillarRedirect?relyingParty=LM&url=app%2Fmanagement%2FLMS_ActDetails.aspx%3FActivityId%3D595028%26UserMode%3D0
A9: IHG World Class Beverage Academy - 101 Essentials | B9: View the videos with your group to complete the learning offer. Once complete, review the assessments as a group. NOTE: Assessment records are not required | C9: Link | D9: course | E9: IHG052185-OJT | F9: https://mylearning.sumtotal.host/core/pillarRedirect?relyingParty=LM&url=app%2Fmanagement%2FLMS_ActDetails.aspx%3FActivityId%3D595029%26UserMode%3D0
A10: Introduction to Information Security | B10: View the videos with your group to complete the learning offer Please visit the Information Security Page on Merlin to learn more about Information Security at IHG: https://me2.ihgmerlin.com/web/init-ihg-information-security/home | C10: Link | D10: course | E10: IHG0047625-OJT | F10: https://mylearning.sumtotal.host/core/pillarRedirect?relyingParty=LM&url=app%2Fmanagement%2FLMS_ActDetails.aspx%3FActivityId%3D596770%26UserMode%3D0
A11: Leading and Sustaining your Service Culture | B11: View the videos with your group to complete the learning offer. Once complete, review the assessments as a group. NOTE: Assessment records are not required | C11: Link | D11: course | E11: IHG0056403-OJT | F11: https://mylearning.sumtotal.host/core/pillarRedirect?relyingParty=LM&url=app%2Fmanagement%2FLMS_ActDetails.aspx%3FActivityId%3D596772%26UserMode%3D0
A12: Luxury Fundamentals | B12: Use the link provided to access the learning offer. Review the offering in its entirety to complete. | C12: Link | D12: Course | E12: IHG0063363-OJT | F12: https://mylearning.sumtotal.host/core/pillarRedirect?relyingParty=LM&url=app%2Fmanagement%2FLMS_ActDetails.aspx%3FActivityId%3D468098%26UserMode%3D0
A13: Preventing Human Trafficking | B13: View the videos with your group to complete the learning offer. Once complete, review the assessments as a group. NOTE: Assessment records are not required | C13: Link https://ihg.sharepoint.com/sites/ResponsibleBusiness/SitePages/Human-Rights-Brand-Standards-Guidance.aspx | D13: course | E13: IHG0057043-OJT | F13: https://mylearning.sumtotal.host/core/pillarRedirect?relyingParty=LM&url=app%2Fmanagement%2FLMS_ActDetails.aspx%3FActivityId%3D468092%26UserMode%3D0
A14: IHG Problem Handling V2 | B14: View the videos with your group to complete the learning offer. Once complete, review the assessments as a group. NOTE: Assessment records are not required | C14: Link | D14: course | E14: IHG056045-OJT | F14: https://mylearning.sumtotal.host/core/pillarRedirect?relyingParty=LM&url=app%2Fmanagement%2FLMS_ActDetails.aspx%3FActivityId%3D468095%26UserMode%3D0
... A16: Welcome to IHG | B16: View the videos with your group to complete the learning offer | C16: Link | D16: course | E16: IHG058044-OJT | F16: https://mylearning.sumtotal.host/core/pillarRedirect?relyingParty=LM&url=app%2Fmanagement%2FLMS_ActDetails.aspx%3FActivityId%3D606314%26UserMode%3D0
A17: Property Orientation | B17: Complete a tour of your property with new hires. | E17: IHG8342629-OJT | F17: https://mylearning.sumtotal.host/core/pillarRedirect?relyingParty=LM&url=app%2Fmanagement%2FLMS_ActDetails.aspx%3FActivityId%3D603028%26UserMode%3D0
A18: InterContinental Hotels and Resorts Brand Orientation | B18: View the videos with your group to complete the learning offer. Once complete, review the assessments as a group. NOTE: Assessment records are not required | C18: https://mylearning.sumtotal.host/core/pillarRedirect?relyingParty=LM&url=app%2fmanagement%2fLMS_ActDetails.aspx%3fActivityId%3d10703%26UserMode%3d0 | D18: course | E18: IHG051925-OJT | F18: https://mylearning.sumtotal.host/core/pillarRedirect?relyingParty=LM&url=app%2Fmanagement%2FLMS_ActDetails.aspx%3FActivityId%3D595031%26UserMode%3D0

Sheet Kimpton
A1: Course Title | B1: Instructions | C1: Hyperlink for Access | D1: Access ______ | E1: Not visible to learner: OJT Course ID: | F1: Create OJT Button
A2: First Aid | B2: Review your first aid procedures and practices. | E2: IHG1885862-OJT | F2: https://mylearning.sumtotal.host/core/pillarRedirect?relyingParty=LM&url=app%2Fmanagement%2FLMS_ActDetails.aspx%3FActivityId%3D601671%26UserMode%3D0
A3: Understanding PCI DSS | B3: View the videos with your group to complete the learning offer | C3: https://mylearning.sumtotal.host/core/pillarRedirect?relyingParty=LM&url=app%2fmanagement%2fLMS_ActDetails.aspx%3fActivityId%3d612703%26UserMode%3d0 | D3: Course | E3: IHG0047626-OJT | F3: https://mylearning.sumtotal.host/core/pillarRedirect?relyingParty=LM&url=app%2fmanagement%2fLMS_ActDetails.aspx%3fActivityId%3d595012%26UserMode%3d0
A4: Health & Safety, Security an Emergency Procedures | B4: Review your health safety and security procedures, including fire evacuation plan. | C4: Link | D4: course | E4: IHG9191264-OJT | F4: https://mylearning.sumtotal.host/core/pillarRedirect?relyingParty=LM&url=app%2Fmanagement%2FLMS_ActDetails.aspx%3FActivityId%3D601724%26UserMode%3D0
A5: Getting to Know IHG Concerto | B5: View the videos with your group to complete the learning offer. Once complete, review the assessments as a group. NOTE: Assessment records are not required | C5: https://mylearning.sumtotal.host/core/pillarRedirect?relyingParty=LM&url=app%2fmanagement%2fLMS_ActDetails.aspx%3fActivityId%3d52090%26UserMode%3d0 | D5: course | E5: IHG0049491-OJT | F5: https://mylearning.sumtotal.host/core/pillarRedirect?relyingParty=LM&url=app%2Fmanagement%2FLMS_ActDetails.aspx%3FActivityId%3D595027%26UserMode%3D0
A6: IHG Voice Program Training | B6: View the videos with your group to complete the learning offer | C6: https://mylearning.sumtotal.host/core/pillarRedirect?relyingParty=LM&url=app%2fmanagement%2fLMS_ActDetails.aspx%3fActivityId%3d2823%26UserMode%3d0 | D6: course | E6: IHG0054667-OJT | F6: https://mylearning.sumtotal.host/core/pillarRedirect?relyingParty=LM&url=app%2Fmanagement%2FLMS_ActDetails.aspx%3FActivityId%3D595030%26UserMode%3D0
A7: IHG Way of Clean 5-S Cleaning Program | B7: View the videos with your group to complete the learning offer. Once complete, review the assessments as a group. NOTE: Assessment records are not required | C7: Link | D7: course | E7: IHG7376524-OJT | F7: https://mylearning.sumtotal.host/core/pillarRedirect?relyingParty=LM&url=app%2Fmanagement%2FLMS_ActDetails.aspx%3FActivityId%3D468097%26UserMode%3D0
A8: IHG Way of Clean 5-S Cleaning Program for Non-Housekeeping Colleagues | B8: View the videos with your group to complete the learning offer. Once complete, review the assessments as a group. NOTE: Assessment records are not required | C8: Link | D8: course | E8: IHG1227263-OJT | F8: https://mylearning.sumtotal.host/core/pillarRedirect?relyingParty=LM&url=app%2Fmanagement%2FLMS_ActDetails.aspx%3FActivityId%3D595028%26UserMode%3D0
A9: IHG World Class Beverage Academy - 101 Essentials | B9: View the videos with your group to complete the learning offer. Once complete, review the assessments as a group. NOTE: Assessment records are not required | C9: Link | D9: course | E9: IHG052185-OJT | F9: https://mylearning.sumtotal.host/core/pillarRedirect?relyingParty=LM&url=app%2Fmanagement%2FLMS_ActDetails.aspx%3FActivityId%3D595029%26UserMode%3D0
A10: Introduction to Information Security | B10: View the videos with your group to complete the learning offer Please visit the Information Security Page on Merlin to learn more about Information Security at IHG: https://me2.ihgmerlin.com/web/init-ihg-information-security/home | C10: Link | D10: course | E10: IHG0047625-OJT | F10: https://mylearning.sumtotal.host/core/pillarRedirect?relyingParty=LM&url=app%2Fmanagement%2FLMS_ActDetails.aspx%3FActivityId%3D596770%26UserMode%3D0
A11: Leading and Sustaining your Service Culture | B11: View the videos with your group to complete the learning offer. Once complete, review the assessments as a group. NOTE: Assessment records are not required | C11: Link | D11: course | E11: IHG0056403-OJT | F11: https://mylearning.sumtotal.host/core/pillarRedirect?relyingParty=LM&url=app%2Fmanagement%2FLMS_ActDetails.aspx%3FActivityId%3D596772%26UserMode%3D0
A12: Luxury Fundamentals | B12: Use the link provided to access the learning offer. Review the offering in its entirety to complete. | C12: Link | D12: Course | E12: IHG0063363-OJT | F12: https://mylearning.sumtotal.host/core/pillarRedirect?relyingParty=LM&url=app%2Fmanagement%2FLMS_ActDetails.aspx%3FActivityId%3D468098%26UserMode%3D0
A13: Preventing Human Trafficking | B13: View the videos with your group to complete the learning offer. Once complete, review the assessments as a group. NOTE: Assessment records are not required | C13: Link https://ihg.sharepoint.com/sites/ResponsibleBusiness/SitePages/Human-Rights-Brand-Standards-Guidance.aspx | D13: course | E13: IHG0057043-OJT | F13: https://mylearning.sumtotal.host/core/pillarRedirect?relyingParty=LM&url=app%2Fmanagement%2FLMS_ActDetails.aspx%3FActivityId%3D468092%26UserMode%3D0
A14: IHG Problem Handling V2 | B14: View the videos with your group to complete the learning offer. Once complete, review the assessments as a group. NOTE: Assessment records are not required | C14: Link | D14: course | E14: IHG056045-OJT | F14: https://mylearning.sumtotal.host/core/pillarRedirect?relyingParty=LM&url=app%2Fmanagement%2FLMS_ActDetails.aspx%3FActivityId%3D468095%26UserMode%3D0
... A16: Welcome to IHG | B16: View the videos with your group to complete the learning offer | C16: Link | D16: course | E16: IHG058044-OJT | F16: https://mylearning.sumtotal.host/core/pillarRedirect?relyingParty=LM&url=app%2Fmanagement%2FLMS_ActDetails.aspx%3FActivityId%3D606314%26UserMode%3D0
A17: Property Orientation | B17: Complete a tour of your property with new hires. | E17: IHG8342629-OJT | F17: https://mylearning.sumtotal.host/core/pillarRedirect?relyingParty=LM&url=app%2Fmanagement%2FLMS_ActDetails.aspx%3FActivityId%3D603028%26UserMode%3D0

Sheet Vignette
A1: Course Title | B1: Instructions | C1: Hyperlink for Access | D1: Access ______ | E1: Not visible to learner: OJT Course ID: | F1: Create OJT Button
A2: First Aid | B2: Review your first aid procedures and practices. | E2: IHG1885862-OJT | F2: https://mylearning.sumtotal.host/core/pillarRedirect?relyingParty=LM&url=app%2Fmanagement%2FLMS_ActDetails.aspx%3FActivityId%3D601671%26UserMode%3D0
A3: Understanding PCI DSS | B3: View the videos with your group to complete the learning offer | C3: https://mylearning.sumtotal.host/core/pillarRedirect?relyingParty=LM&url=app%2fmanagement%2fLMS_ActDetails.aspx%3fActivityId%3d612703%26UserMode%3d0 | D3: Course | E3: IHG0047626-OJT | F3: https://mylearning.sumtotal.host/core/pillarRedirect?relyingParty=LM&url=app%2fmanagement%2fLMS_ActDetails.aspx%3fActivityId%3d595012%26UserMode%3d0
A4: Health & Safety, Security an Emergency Procedures | B4: Review your health safety and security procedures, including fire evacuation plan. | C4: Link | D4: course | E4: IHG9191264-OJT | F4: https://mylearning.sumtotal.host/core/pillarRedirect?relyingParty=LM&url=app%2Fmanagement%2FLMS_ActDetails.aspx%3FActivityId%3D601724%26UserMode%3D0
A5: Getting to Know IHG Concerto | B5: View the videos with your group to complete the learning offer. Once complete, review the assessments as a group. NOTE: Assessment records are not required | C5: https://mylearning.sumtotal.host/core/pillarRedirect?relyingParty=LM&url=app%2fmanagement%2fLMS_ActDetails.aspx%3fActivityId%3d52090%26UserMode%3d0 | D5: course | E5: IHG0049491-OJT | F5: https://mylearning.sumtotal.host/core/pillarRedirect?relyingParty=LM&url=app%2Fmanagement%2FLMS_ActDetails.aspx%3FActivityId%3D595027%26UserMode%3D0
A6: IHG Voice Program Training | B6: View the videos with your group to complete the learning offer | C6: https://mylearning.sumtotal.host/core/pillarRedirect?relyingParty=LM&url=app%2fmanagement%2fLMS_ActDetails.aspx%3fActivityId%3d2823%26UserMode%3d0 | D6: course | E6: IHG0054667-OJT | F6: https://mylearning.sumtotal.host/core/pillarRedirect?relyingParty=LM&url=app%2Fmanagement%2FLMS_ActDetails.aspx%3FActivityId%3D595030%26UserMode%3D0
A7: IHG Way of Clean 5-S Cleaning Program | B7: View the videos with your group to complete the learning offer. Once complete, review the assessments as a group. NOTE: Assessment records are not required | C7: Link | D7: course | E7: IHG7376524-OJT | F7: https://mylearning.sumtotal.host/core/pillarRedirect?relyingParty=LM&url=app%2Fmanagement%2FLMS_ActDetails.aspx%3FActivityId%3D468097%26UserMode%3D0
A8: IHG Way of Clean 5-S Cleaning Program for Non-Housekeeping Colleagues | B8: View the videos with your group to complete the learning offer. Once complete, review the assessments as a group. NOTE: Assessment records are not required | C8: Link | D8: course | E8: IHG1227263-OJT | F8: https://mylearning.sumtotal.host/core/pillarRedirect?relyingParty=LM&url=app%2Fmanagement%2FLMS_ActDetails.aspx%3FActivityId%3D595028%26UserMode%3D0
A9: IHG World Class Beverage Academy - 101 Essentials | B9: View the videos with your group to complete the learning offer. Once complete, review the assessments as a group. NOTE: Assessment records are not required | C9: Link | D9: course | E9: IHG052185-OJT | F9: https://mylearning.sumtotal.host/core/pillarRedirect?relyingParty=LM&url=app%2Fmanagement%2FLMS_ActDetails.aspx%3FActivityId%3D595029%26UserMode%3D0
A10: Introduction to Information Security | B10: View the videos with your group to complete the learning offer Please visit the Information Security Page on Merlin to learn more about Information Security at IHG: https://me2.ihgmerlin.com/web/init-ihg-information-security/home | C10: Link | D10: course | E10: IHG0047625-OJT | F10: https://mylearning.sumtotal.host/core/pillarRedirect?relyingParty=LM&url=app%2Fmanagement%2FLMS_ActDetails.aspx%3FActivityId%3D596770%26UserMode%3D0
A11: Leading and Sustaining your Service Culture | B11: View the videos with your group to complete the learning offer. Once complete, review the assessments as a group. NOTE: Assessment records are not required | C11: Link | D11: course | E11: IHG0056403-OJT | F11: https://mylearning.sumtotal.host/core/pillarRedirect?relyingParty=LM&url=app%2Fmanagement%2FLMS_ActDetails.aspx%3FActivityId%3D596772%26UserMode%3D0
A12: Luxury Fundamentals | B12: Use the link provided to access the learning offer. Review the offering in its entirety to complete. | C12: Link | D12: Course | E12: IHG0063363-OJT | F12: https://mylearning.sumtotal.host/core/pillarRedirect?relyingParty=LM&url=app%2Fmanagement%2FLMS_ActDetails.aspx%3FActivityId%3D468098%26UserMode%3D0
A13: Preventing Human Trafficking | B13: View the videos with your group to complete the learning offer. Once complete, review the assessments as a group. NOTE: Assessment records are not required | C13: Link https://ihg.sharepoint.com/sites/ResponsibleBusiness/SitePages/Human-Rights-Brand-Standards-Guidance.aspx | D13: course | E13: IHG0057043-OJT | F13: https://mylearning.sumtotal.host/core/pillarRedirect?relyingParty=LM&url=app%2Fmanagement%2FLMS_ActDetails.aspx%3FActivityId%3D468092%26UserMode%3D0
A14: IHG Problem Handling V2 | B14: View the videos with your group to complete the learning offer. Once complete, review the assessments as a group. NOTE: Assessment records are not required | C14: Link | D14: course | E14: IHG056045-OJT | F14: https://mylearning.sumtotal.host/core/pillarRedirect?relyingParty=LM&url=app%2Fmanagement%2FLMS_ActDetails.aspx%3FActivityId%3D468095%26UserMode%3D0
... A16: Welcome to IHG | B16: View the videos with your group to complete the learning offer | C16: Link | D16: course | E16: IHG058044-OJT | F16: https://mylearning.sumtotal.host/core/pillarRedirect?relyingParty=LM&url=app%2Fmanagement%2FLMS_ActDetails.aspx%3FActivityId%3D606314%26UserMode%3D0
A17: Property Orientation | B17: Complete a tour of your property with new hires. | E17: IHG8342629-OJT | F17: https://mylearning.sumtotal.host/core/pillarRedirect?relyingParty=LM&url=app%2Fmanagement%2FLMS_ActDetails.aspx%3FActivityId%3D603028%26UserMode%3D0
A18: Vignette Collection Brand Orientation | B18: Deliver your brand service training | E18: IHG1995111-OJT | F18: https://mylearning.sumtotal.host/core/pillarRedirect?relyingParty=LM&url=app%2Fmanagement%2FLMS_ActDetails.aspx%3FActivityId%3D606368%26UserMode%3D0
A19: Vignette Collection Brand Experience Training | B19: Deliver your brand service training | E19: IHG9705880-OJT | F19: https://mylearning.sumtotal.host/core/pillarRedirect?relyingParty=LM&url=app%2Fmanagement%2FLMS_ActDetails.aspx%3FActivityId%3D606368%26UserMode%3D0

Sheet Hotel Indigo
A1: Course Title | B1: Instructions | C1: Hyperlink for Access | D1: Access ______ | E1: Not visible to learner: OJT Course ID: | F1: Create OJT Button
A2: First Aid | B2: Review your first aid procedures and practices. | E2: IHG1885862-OJT | F2: https://mylearning.sumtotal.host/core/pillarRedirect?relyingParty=LM&url=app%2Fmanagement%2FLMS_ActDetails.aspx%3FActivityId%3D601671%26UserMode%3D0
A3: Understanding PCI DSS | B3: View the videos with your group to complete the learning offer | C3: https://mylearning.sumtotal.host/core/pillarRedirect?relyingParty=LM&url=app%2fmanagement%2fLMS_ActDetails.aspx%3fActivityId%3d612703%26UserMode%3d0 | D3: Course | E3: IHG0047626-OJT | F3: https://mylearning.sumtotal.host/core/pillarRedirect?relyingParty=LM&url=app%2fmanagement%2fLMS_ActDetails.aspx%3fActivityId%3d595012%26UserMode%3d0
A4: Health & Safety, Security an Emergency Procedures | B4: Review your health safety and security procedures, including fire evacuation plan. | C4: Link | D4: course | E4: IHG9191264-OJT | F4: https://mylearning.sumtotal.host/core/pillarRedirect?relyingParty=LM&url=app%2Fmanagement%2FLMS_ActDetails.aspx%3FActivityId%3D601724%26UserMode%3D0
A5: Getting to Know IHG Concerto | B5: View the videos with your group to complete the learning offer. Once complete, review the assessments as a group. NOTE: Assessment records are not required | C5: https://mylearning.sumtotal.host/core/pillarRedirect?relyingParty=LM&url=app%2fmanagement%2fLMS_ActDetails.aspx%3fActivityId%3d52090%26UserMode%3d0 | D5: course | E5: IHG0049491-OJT | F5: https://mylearning.sumtotal.host/core/pillarRedirect?relyingParty=LM&url=app%2Fmanagement%2FLMS_ActDetails.aspx%3FActivityId%3D595027%26UserMode%3D0
A6: IHG Voice Program Training | B6: View the videos with your group to complete the learning offer | C6: https://mylearning.sumtotal.host/core/pillarRedirect?relyingParty=LM&url=app%2fmanagement%2fLMS_ActDetails.aspx%3fActivityId%3d2823%26UserMode%3d0 | D6: course | E6: IHG0054667-OJT | F6: https://mylearning.sumtotal.host/core/pillarRedirect?relyingParty=LM&url=app%2Fmanagement%2FLMS_ActDetails.aspx%3FActivityId%3D595030%26UserMode%3D0
A7: IHG Way of Clean 5-S Cleaning Program | B7: View the videos with your group to complete the learning offer. Once complete, review the assessments as a group. NOTE: Assessment records are not required | C7: Link | D7: course | E7: IHG7376524-OJT | F7: https://mylearning.sumtotal.host/core/pillarRedirect?relyingParty=LM&url=app%2Fmanagement%2FLMS_ActDetails.aspx%3FActivityId%3D468097%26UserMode%3D0
A8: IHG Way of Clean 5-S Cleaning Program for Non-Housekeeping Colleagues | B8: View the videos with your group to complete the learning offer. Once complete, review the assessments as a group. NOTE: Assessment records are not required | C8: Link | D8: course | E8: IHG1227263-OJT | F8: https://mylearning.sumtotal.host/core/pillarRedirect?relyingParty=LM&url=app%2Fmanagement%2FLMS_ActDetails.aspx%3FActivityId%3D595028%26UserMode%3D0
A9: IHG World Class Beverage Academy - 101 Essentials | B9: View the videos with your group to complete the learning offer. Once complete, review the assessments as a group. NOTE: Assessment records are not required | C9: Link | D9: course | E9: IHG052185-OJT | F9: https://mylearning.sumtotal.host/core/pillarRedirect?relyingParty=LM&url=app%2Fmanagement%2FLMS_ActDetails.aspx%3FActivityId%3D595029%26UserMode%3D0
A10: Introduction to Information Security | B10: View the videos with your group to complete the learning offer Please visit the Information Security Page on Merlin to learn more about Information Security at IHG: https://me2.ihgmerlin.com/web/init-ihg-information-security/home | C10: Link | D10: course | E10: IHG0047625-OJT | F10: https://mylearning.sumtotal.host/core/pillarRedirect?relyingParty=LM&url=app%2Fmanagement%2FLMS_ActDetails.aspx%3FActivityId%3D596770%26UserMode%3D0
A11: Leading and Sustaining your Service Culture | B11: View the videos with your group to complete the learning offer. Once complete, review the assessments as a group. NOTE: Assessment records are not required | C11: Link | D11: course | E11: IHG0056403-OJT | F11: https://mylearning.sumtotal.host/core/pillarRedirect?relyingParty=LM&url=app%2Fmanagement%2FLMS_ActDetails.aspx%3FActivityId%3D596772%26UserMode%3D0
A12: Preventing Human Trafficking | B12: View the videos with your group to complete the learning offer. Once complete, review the assessments as a group. NOTE: Assessment records are not required | C12: Link https://ihg.sharepoint.com/sites/ResponsibleBusiness/SitePages/Human-Rights-Brand-Standards-Guidance.aspx | D12: course | E12: IHG0057043-OJT | F12: https://mylearning.sumtotal.host/core/pillarRedirect?relyingParty=LM&url=app%2Fmanagement%2FLMS_ActDetails.aspx%3FActivityId%3D468092%26UserMode%3D0
A13: IHG Problem Handling V2 | B13: View the videos with your group to complete the learning offer. Once complete, review the assessments as a group. NOTE: Assessment records are not required | C13: Link | D13: course | E13: IHG056045-OJT | F13: https://mylearning.sumtotal.host/core/pillarRedirect?relyingParty=LM&url=app%2Fmanagement%2FLMS_ActDetails.aspx%3FActivityId%3D468095%26UserMode%3D0
A14: True Hospitality Service Skills | B14: View the videos with your group to complete the learning offer. Once complete, review the assessments as a group. NOTE: Assessment records are not required | C14: Link | D14: course | E14: IHG051263-OJT | F14: https://mylearning.sumtotal.host/core/pillarRedirect?relyingParty=LM&url=app%2Fmanagement%2FLMS_ActDetails.aspx%3FActivityId%3D468089%26UserMode%3D0
A15: Welcome to IHG | B15: View the videos with your group to complete the learning offer | C15: Link | D15: course | E15: IHG058044-OJT | F15: https://mylearning.sumtotal.host/core/pillarRedirect?relyingParty=LM&url=app%2Fmanagement%2FLMS_ActDetails.aspx%3FActivityId%3D606314%26UserMode%3D0
A16: Property Orientation | B16: Complete a tour of your property with new hires. | E16: IHG8342629-OJT | F16: https://mylearning.sumtotal.host/core/pillarRedirect?relyingParty=LM&url=app%2Fmanagement%2FLMS_ActDetails.aspx%3FActivityId%3D603028%26UserMode%3D0
A17: Hotel Indigo Inspire New Stories Brand Experience Training | B17: View the videos with your group to complete the learning offer. Once complete, review the assessments as a group. NOTE: Assessment records are not required | C17: https://mylearning.sumtotal.host/core/pillarRedirect?relyingParty=LM&url=app%2fmanagement%2fLMS_ActDetails.aspx%3fActivityId%3d14870%26UserMode%3d0 | D17: course | E17: IHG0064463-OJT | F17: https://mylearning.sumtotal.host/Core/pillarRedirect?relyingParty=LM&url=core%2Factivitydetails%2FViewActivityDetails%3FActivityId%3D595019%26UserMode%3D0
A18: Hotel Indigo Inspire New Stories Brand Orientation | B18: View the videos with your group to complete the learning offer. Once complete, review the assessments as a group. NOTE: Assessment records are not required | C18: https://mylearning.sumtotal.host/core/pillarRedirect?relyingParty=LM&url=app%2fmanagement%2fLMS_ActDetails.aspx%3fActivityId%3d14835%26UserMode%3d0 | D18: course | E18: IHG0064483-OJT | F18: https://mylearning.sumtotal.host/core/pillarRedirect?relyingParty=LM&url=app%2Fmanagement%2FLMS_ActDetails.aspx%3FActivityId%3D595025%26UserMode%3D0

Sheet voco
A1: Course Title | B1: Instructions | C1: Hyperlink for Access | D1: Access ______ | E1: Not visible to learner: OJT Course ID: | F1: Create OJT Button
A2: First Aid | B2: Review your first aid procedures and practices. | E2: IHG1885862-OJT | F2: https://mylearning.sumtotal.host/core/pillarRedirect?relyingParty=LM&url=app%2Fmanagement%2FLMS_ActDetails.aspx%3FActivityId%3D601671%26UserMode%3D0
A3: Understanding PCI DSS | B3: View the videos with your group to complete the learning offer | C3: https://mylearning.sumtotal.host/core/pillarRedirect?relyingParty=LM&url=app%2fmanagement%2fLMS_ActDetails.aspx%3fActivityId%3d612703%26UserMode%3d0 | D3: Course | E3: IHG0047626-OJT | F3: https://mylearning.sumtotal.host/core/pillarRedirect?relyingParty=LM&url=app%2fmanagement%2fLMS_ActDetails.aspx%3fActivityId%3d595012%26UserMode%3d0
A4: Health & Safety, Security an Emergency Procedures | B4: Review your health safety and security procedures, including fire evacuation plan. | C4: Link | D4: course | E4: IHG9191264-OJT | F4: https://mylearning.sumtotal.host/core/pillarRedirect?relyingParty=LM&url=app%2Fmanagement%2FLMS_ActDetails.aspx%3FActivityId%3D601724%26UserMode%3D0
A5: Getting to Know IHG Concerto | B5: View the videos with your group to complete the learning offer. Once complete, review the assessments as a group. NOTE: Assessment records are not required | C5: https://mylearning.sumtotal.host/core/pillarRedirect?relyingParty=LM&url=app%2fmanagement%2fLMS_ActDetails.aspx%3fActivityId%3d52090%26UserMode%3d0 | D5: course | E5: IHG0049491-OJT | F5: https://mylearning.sumtotal.host/core/pillarRedirect?relyingParty=LM&url=app%2Fmanagement%2FLMS_ActDetails.aspx%3FActivityId%3D595027%26UserMode%3D0
A6: IHG Voice Program Training | B6: View the videos with your group to complete the learning offer | C6: https://mylearning.sumtotal.host/core/pillarRedirect?relyingParty=LM&url=app%2fmanagement%2fLMS_ActDetails.aspx%3fActivityId%3d2823%26UserMode%3d0 | D6: course | E6: IHG0054667-OJT | F6: https://mylearning.sumtotal.host/core/pillarRedirect?relyingParty=LM&url=app%2Fmanagement%2FLMS_ActDetails.aspx%3FActivityId%3D595030%26UserMode%3D0
A7: IHG Way of Clean 5-S Cleaning Program | B7: View the videos with your group to complete the learning offer. Once complete, review the assessments as a group. NOTE: Assessment records are not required | C7: Link | D7: course | E7: IHG7376524-OJT | F7: https://mylearning.sumtotal.host/core/pillarRedirect?relyingParty=LM&url=app%2Fmanagement%2FLMS_ActDetails.aspx%3FActivityId%3D468097%26UserMode%3D0
A8: IHG Way of Clean 5-S Cleaning Program for Non-Housekeeping Colleagues | B8: View the videos with your group to complete the learning offer. Once complete, review the assessments as a group. NOTE: Assessment records are not required | C8: Link | D8: course | E8: IHG1227263-OJT | F8: https://mylearning.sumtotal.host/core/pillarRedirect?relyingParty=LM&url=app%2Fmanagement%2FLMS_ActDetails.aspx%3FActivityId%3D595028%26UserMode%3D0
A9: IHG World Class Beverage Academy - 101 Essentials | B9: View the videos with your group to complete the learning offer. Once complete, review the assessments as a group. NOTE: Assessment records are not required | C9: Link | D9: course | E9: IHG052185-OJT | F9: https://mylearning.sumtotal.host/core/pillarRedirect?relyingParty=LM&url=app%2Fmanagement%2FLMS_ActDetails.aspx%3FActivityId%3D595029%26UserMode%3D0
A10: Introduction to Information Security | B10: View the videos with your group to complete the learning offer Please visit the Information Security Page on Merlin to learn more about Information Security at IHG: https://me2.ihgmerlin.com/web/init-ihg-information-security/home | C10: Link | D10: course | E10: IHG0047625-OJT | F10: https://mylearning.sumtotal.host/core/pillarRedirect?relyingParty=LM&url=app%2Fmanagement%2FLMS_ActDetails.aspx%3FActivityId%3D596770%26UserMode%3D0
A11: Leading and Sustaining your Service Culture | B11: View the videos with your group to complete the learning offer. Once complete, review the assessments as a group. NOTE: Assessment records are not required | C11: Link | D11: course | E11: IHG0056403-OJT | F11: https://mylearning.sumtotal.host/core/pillarRedirect?relyingParty=LM&url=app%2Fmanagement%2FLMS_ActDetails.aspx%3FActivityId%3D596772%26UserMode%3D0
A12: Preventing Human Trafficking | B12: View the videos with your group to complete the learning offer. Once complete, review the assessments as a group. NOTE: Assessment records are not required | C12: Link https://ihg.sharepoint.com/sites/ResponsibleBusiness/SitePages/Human-Rights-Brand-Standards-Guidance.aspx | D12: course | E12: IHG0057043-OJT | F12: https://mylearning.sumtotal.host/core/pillarRedirect?relyingParty=LM&url=app%2Fmanagement%2FLMS_ActDetails.aspx%3FActivityId%3D468092%26UserMode%3D0
A13: IHG Problem Handling V2 | B13: View the videos with your group to complete the learning offer. Once complete, review the assessments as a group. NOTE: Assessment records are not required | C13: Link | D13: course | E13: IHG056045-OJT | F13: https://mylearning.sumtotal.host/core/pillarRedirect?relyingParty=LM&url=app%2Fmanagement%2FLMS_ActDetails.aspx%3FActivityId%3D468095%26UserMode%3D0
A14: True Hospitality Service Skills | B14: View the videos with your group to complete the learning offer. Once complete, review the assessments as a group. NOTE: Assessment records are not required | C14: Link | D14: course | E14: IHG051263-OJT | F14: https://mylearning.sumtotal.host/core/pillarRedirect?relyingParty=LM&url=app%2Fmanagement%2FLMS_ActDetails.aspx%3FActivityId%3D468089%26UserMode%3D0
A15: Welcome to IHG | B15: View the videos with your group to complete the learning offer | C15: Link | D15: course | E15: IHG058044-OJT | F15: https://mylearning.sumtotal.host/core/pillarRedirect?relyingParty=LM&url=app%2Fmanagement%2FLMS_ActDetails.aspx%3FActivityId%3D606314%26UserMode%3D0
A16: Property Orientation | B16: Complete a tour of your property with new hires. | E16: IHG8342629-OJT | F16: https://mylearning.sumtotal.host/core/pillarRedirect?relyingParty=LM&url=app%2Fmanagement%2FLMS_ActDetails.aspx%3FActivityId%3D603028%26UserMode%3D0
A17: voco Hotels Brand Experience Training | B17: View the videos with your group to complete the learning offer. Once complete, review the assessments as a group. NOTE: Assessment records are not required | C17: https://mylearning.sumtotal.host/core/pillarRedirect?relyingParty=LM&url=app%2fmanagement%2fLMS_ActDetails.aspx%3fActivityId%3d16585%26UserMode%3d0 | D17: course | E17: IHG0066043-OJT | F17: https://mylearning.sumtotal.host/core/pillarRedirect?relyingParty=LM&url=app%2Fmanagement%2FLMS_ActDetails.aspx%3FActivityId%3D596785%26UserMode%3D0
A18: voco hotels Brand Orientation Training | B18: View the videos with your group to complete the learning offer. Once complete, review the assessments as a group. NOTE: Assessment records are not required | C18: https://mylearning.sumtotal.host/core/pillarRedirect?relyingParty=LM&url=app%2fmanagement%2fLMS_ActDetails.aspx%3fActivityId%3d3735%26UserMode%3d0 | D18: course | E18: IHG0065384-OJT | F18: https://mylearning.sumtotal.host/core/pillarRedirect?relyingParty=LM&url=app%2Fmanagement%2FLMS_ActDetails.aspx%3FActivityId%3D596786%26UserMode%3D0

Sheet Crowne Plaza
A1: Course Title | B1: Instructions | C1: Hyperlink for Access | D1: Access ______ | E1: Not visible to learner: OJT Course ID: | F1: Create OJT Button
A2: First Aid | B2: Review your first aid procedures and practices. | E2: IHG1885862-OJT | F2: https://mylearning.sumtotal.host/core/pillarRedirect?relyingParty=LM&url=app%2Fmanagement%2FLMS_ActDetails.aspx%3FActivityId%3D601671%26UserMode%3D0
A3: Understanding PCI DSS | B3: View the videos with your group to complete the learning offer | C3: https://mylearning.sumtotal.host/core/pillarRedirect?relyingParty=LM&url=app%2fmanagement%2fLMS_ActDetails.aspx%3fActivityId%3d612703%26UserMode%3d0 | D3: Course | E3: IHG0047626-OJT | F3: https://mylearning.sumtotal.host/core/pillarRedirect?relyingParty=LM&url=app%2fmanagement%2fLMS_ActDetails.aspx%3fActivityId%3d595012%26UserMode%3d0
A4: Health & Safety, Security an Emergency Procedures | B4: Review your health safety and security procedures, including fire evacuation plan. | C4: Link | D4: course | E4: IHG9191264-OJT | F4: https://mylearning.sumtotal.host/core/pillarRedirect?relyingParty=LM&url=app%2Fmanagement%2FLMS_ActDetails.aspx%3FActivityId%3D601724%26UserMode%3D0
A5: Getting to Know IHG Concerto | B5: View the videos with your group to complete the learning offer. Once complete, review the assessments as a group. NOTE: Assessment records are not required | C5: https://mylearning.sumtotal.host/core/pillarRedirect?relyingParty=LM&url=app%2fmanagement%2fLMS_ActDetails.aspx%3fActivityId%3d52090%26UserMode%3d0 | D5: course | E5: IHG0049491-OJT | F5: https://mylearning.sumtotal.host/core/pillarRedirect?relyingParty=LM&url=app%2Fmanagement%2FLMS_ActDetails.aspx%3FActivityId%3D595027%26UserMode%3D0
A6: IHG Voice Program Training | B6: View the videos with your group to complete the learning offer | C6: https://mylearning.sumtotal.host/core/pillarRedirect?relyingParty=LM&url=app%2fmanagement%2fLMS_ActDetails.aspx%3fActivityId%3d2823%26UserMode%3d0 | D6: course | E6: IHG0054667-OJT | F6: https://mylearning.sumtotal.host/core/pillarRedirect?relyingParty=LM&url=app%2Fmanagement%2FLMS_ActDetails.aspx%3FActivityId%3D595030%26UserMode%3D0
A7: IHG Way of Clean 5-S Cleaning Program | B7: View the videos with your group to complete the learning offer. Once complete, review the assessments as a group. NOTE: Assessment records are not required | C7: Link | D7: course | E7: IHG7376524-OJT | F7: https://mylearning.sumtotal.host/core/pillarRedirect?relyingParty=LM&url=app%2Fmanagement%2FLMS_ActDetails.aspx%3FActivityId%3D468097%26UserMode%3D0
A8: IHG Way of Clean 5-S Cleaning Program for Non-Housekeeping Colleagues | B8: View the videos with your group to complete the learning offer. Once complete, review the assessments as a group. NOTE: Assessment records are not required | C8: Link | D8: course | E8: IHG1227263-OJT | F8: https://mylearning.sumtotal.host/core/pillarRedirect?relyingParty=LM&url=app%2Fmanagement%2FLMS_ActDetails.aspx%3FActivityId%3D595028%26UserMode%3D0
A9: IHG World Class Beverage Academy - 101 Essentials | B9: View the videos with your group to complete the learning offer. Once complete, review the assessments as a group. NOTE: Assessment records are not required | C9: Link | D9: course | E9: IHG052185-OJT | F9: https://mylearning.sumtotal.host/core/pillarRedirect?relyingParty=LM&url=app%2Fmanagement%2FLMS_ActDetails.aspx%3FActivityId%3D595029%26UserMode%3D0
A10: Introduction to Information Security | B10: View the videos with your group to complete the learning offer Please visit the Information Security Page on Merlin to learn more about Information Security at IHG: https://me2.ihgmerlin.com/web/init-ihg-information-security/home | C10: Link | D10: course | E10: IHG0047625-OJT | F10: https://mylearning.sumtotal.host/core/pillarRedirect?relyingParty=LM&url=app%2Fmanagement%2FLMS_ActDetails.aspx%3FActivityId%3D596770%26UserMode%3D0
A11: Leading and Sustaining your Service Culture | B11: View the videos with your group to complete the learning offer. Once complete, review the assessments as a group. NOTE: Assessment records are not required | C11: Link | D11: course | E11: IHG0056403-OJT | F11: https://mylearning.sumtotal.host/core/pillarRedirect?relyingParty=LM&url=app%2Fmanagement%2FLMS_ActDetails.aspx%3FActivityId%3D596772%26UserMode%3D0
A12: Preventing Human Trafficking | B12: View the videos with your group to complete the learning offer. Once complete, review the assessments as a group. NOTE: Assessment records are not required | C12: Link https://ihg.sharepoint.com/sites/ResponsibleBusiness/SitePages/Human-Rights-Brand-Standards-Guidance.aspx | D12: course | E12: IHG0057043-OJT | F12: https://mylearning.sumtotal.host/core/pillarRedirect?relyingParty=LM&url=app%2Fmanagement%2FLMS_ActDetails.aspx%3FActivityId%3D468092%26UserMode%3D0
A13: IHG Problem Handling V2 | B13: View the videos with your group to complete the learning offer. Once complete, review the assessments as a group. NOTE: Assessment records are not required | C13: Link | D13: course | E13: IHG056045-OJT | F13: https://mylearning.sumtotal.host/core/pillarRedirect?relyingParty=LM&url=app%2Fmanagement%2FLMS_ActDetails.aspx%3FActivityId%3D468095%26UserMode%3D0
A14: True Hospitality Service Skills | B14: View the videos with your group to complete the learning offer. Once complete, review the assessments as a group. NOTE: Assessment records are not required | C14: Link | D14: course | E14: IHG051263-OJT | F14: https://mylearning.sumtotal.host/core/pillarRedirect?relyingParty=LM&url=app%2Fmanagement%2FLMS_ActDetails.aspx%3FActivityId%3D468089%26UserMode%3D0
A15: Welcome to IHG | B15: View the videos with your group to complete the learning offer | C15: Link | D15: course | E15: IHG058044-OJT | F15: https://mylearning.sumtotal.host/core/pillarRedirect?relyingParty=LM&url=app%2Fmanagement%2FLMS_ActDetails.aspx%3FActivityId%3D606314%26UserMode%3D0
A16: Property Orientation | B16: Complete a tour of your property with new hires. | E16: IHG8342629-OJT | F16: https://mylearning.sumtotal.host/core/pillarRedirect?relyingParty=LM&url=app%2Fmanagement%2FLMS_ActDetails.aspx%3FActivityId%3D603028%26UserMode%3D0
A17: Crowne Plaza Brand Orientation | B17: View the videos with your group to complete the learning offer. Once complete, review the assessments as a group. NOTE: Assessment records are not required | C17: https://mylearning.sumtotal.host/core/pillarRedirect?relyingParty=LM&url=app%2fmanagement%2fLMS_ActDetails.aspx%3fActivityId%3d10699%26UserMode%3d0 | D17: course | E17: IHG051234-OJT | F17: https://mylearning.sumtotal.host/core/pillarRedirect?relyingParty=LM&url=app%2Fmanagement%2FLMS_ActDetails.aspx%3FActivityId%3D593215%26UserMode%3D0
A18: Crowne Plaza Brand Experience Training | B18: View the videos with your group to complete the learning offer. Once complete, review the assessments as a group. NOTE: Assessment records are not required | C18: https://mylearning.sumtotal.host/core/pillarRedirect?relyingParty=LM&url=app%2fmanagement%2fLMS_ActDetails.aspx%3fActivityId%3d10769%26UserMode%3d0 | D18: course | E18: IHG058303-OJT | F18: https://mylearning.sumtotal.host/core/pillarRedirect?relyingParty=LM&url=app%2Fmanagement%2FLMS_ActDetails.aspx%3FActivityId%3D593214%26UserMode%3D0
D19: =_xlfn.XLOOKUP(A19,'All Courses'!A:A,'All Courses'!D:D,"Not found") -> 0
D20: =_xlfn.XLOOKUP(A20,'All Courses'!A:A,'All Courses'!D:D,"Not found") -> 0
D21: =_xlfn.XLOOKUP(A21,'All Courses'!A:A,'All Courses'!D:D,"Not found") -> 0
D22: =_xlfn.XLOOKUP(A22,'All Courses'!A:A,'All Courses'!D:D,"Not found") -> 0
D23: =_xlfn.XLOOKUP(A23,'All Courses'!A:A,'All Courses'!D:D,"Not found") -> 0
D24: =_xlfn.XLOOKUP(A24,'All Courses'!A:A,'All Courses'!D:D,"Not found") -> 0
D25: =_xlfn.XLOOKUP(A25,'All Courses'!A:A,'All Courses'!D:D,"Not found") -> 0
D26: =_xlfn.XLOOKUP(A26,'All Courses'!A:A,'All Courses'!D:D,"Not found") -> 0
D27: =_xlfn.XLOOKUP(A27,'All Courses'!A:A,'All Courses'!D:D,"Not found") -> 0
D28: =_xlfn.XLOOKUP(A28,'All Courses'!A:A,'All Courses'!D:D,"Not found") -> 0
D29: =_xlfn.XLOOKUP(A29,'All Courses'!A:A,'All Courses'!D:D,"Not found") -> 0

Sheet Holiday Inn
A1: Course Title | B1: Instructions | C1: Hyperlink for Access | D1: Access ______ | E1: Not visible to learner: OJT Course ID: | F1: Create OJT Button
A2: First Aid | B2: Review your first aid procedures and practices. | E2: IHG1885862-OJT | F2: https://mylearning.sumtotal.host/core/pillarRedirect?relyingParty=LM&url=app%2Fmanagement%2FLMS_ActDetails.aspx%3FActivityId%3D601671%26UserMode%3D0
A3: Understanding PCI DSS | B3: View the videos with your group to complete the learning offer | C3: https://mylearning.sumtotal.host/core/pillarRedirect?relyingParty=LM&url=app%2fmanagement%2fLMS_ActDetails.aspx%3fActivityId%3d612703%26UserMode%3d0 | D3: Course | E3: IHG0047626-OJT | F3: https://mylearning.sumtotal.host/core/pillarRedirect?relyingParty=LM&url=app%2fmanagement%2fLMS_ActDetails.aspx%3fActivityId%3d595012%26UserMode%3d0
A4: Health & Safety, Security an Emergency Procedures | B4: Review your health safety and security procedures, including fire evacuation plan. | C4: Link | D4: course | E4: IHG9191264-OJT | F4: https://mylearning.sumtotal.host/core/pillarRedirect?relyingParty=LM&url=app%2Fmanagement%2FLMS_ActDetails.aspx%3FActivityId%3D601724%26UserMode%3D0
A5: Getting to Know IHG Concerto | B5: View the videos with your group to complete the learning offer. Once complete, review the assessments as a group. NOTE: Assessment records are not required | C5: https://mylearning.sumtotal.host/core/pillarRedirect?relyingParty=LM&url=app%2fmanagement%2fLMS_ActDetails.aspx%3fActivityId%3d52090%26UserMode%3d0 | D5: course | E5: IHG0049491-OJT | F5: https://mylearning.sumtotal.host/core/pillarRedirect?relyingParty=LM&url=app%2Fmanagement%2FLMS_ActDetails.aspx%3FActivityId%3D595027%26UserMode%3D0
A6: IHG Voice Program Training | B6: View the videos with your group to complete the learning offer | C6: https://mylearning.sumtotal.host/core/pillarRedirect?relyingParty=LM&url=app%2fmanagement%2fLMS_ActDetails.aspx%3fActivityId%3d2823%26UserMode%3d0 | D6: course | E6: IHG0054667-OJT | F6: https://mylearning.sumtotal.host/core/pillarRedirect?relyingParty=LM&url=app%2Fmanagement%2FLMS_ActDetails.aspx%3FActivityId%3D595030%26UserMode%3D0
A7: IHG Way of Clean 5-S Cleaning Program | B7: View the videos with your group to complete the learning offer. Once complete, review the assessments as a group. NOTE: Assessment records are not required | C7: Link | D7: course | E7: IHG7376524-OJT | F7: https://mylearning.sumtotal.host/core/pillarRedirect?relyingParty=LM&url=app%2Fmanagement%2FLMS_ActDetails.aspx%3FActivityId%3D468097%26UserMode%3D0
A8: IHG Way of Clean 5-S Cleaning Program for Non-Housekeeping Colleagues | B8: View the videos with your group to complete the learning offer. Once complete, review the assessments as a group. NOTE: Assessment records are not required | C8: Link | D8: course | E8: IHG1227263-OJT | F8: https://mylearning.sumtotal.host/core/pillarRedirect?relyingParty=LM&url=app%2Fmanagement%2FLMS_ActDetails.aspx%3FActivityId%3D595028%26UserMode%3D0
A9: IHG World Class Beverage Academy - 101 Essentials | B9: View the videos with your group to complete the learning offer. Once complete, review the assessments as a group. NOTE: Assessment records are not required | C9: Link | D9: course | E9: IHG052185-OJT | F9: https://mylearning.sumtotal.host/core/pillarRedirect?relyingParty=LM&url=app%2Fmanagement%2FLMS_ActDetails.aspx%3FActivityId%3D595029%26UserMode%3D0
A10: Introduction to Information Security | B10: View the videos with your group to complete the learning offer Please visit the Information Security Page on Merlin to learn more about Information Security at IHG: https://me2.ihgmerlin.com/web/init-ihg-information-security/home | C10: Link | D10: course | E10: IHG0047625-OJT | F10: https://mylearning.sumtotal.host/core/pillarRedirect?relyingParty=LM&url=app%2Fmanagement%2FLMS_ActDetails.aspx%3FActivityId%3D596770%26UserMode%3D0
A11: Leading and Sustaining your Service Culture | B11: View the videos with your group to complete the learning offer. Once complete, review the assessments as a group. NOTE: Assessment records are not required | C11: Link | D11: course | E11: IHG0056403-OJT | F11: https://mylearning.sumtotal.host/core/pillarRedirect?relyingParty=LM&url=app%2Fmanagement%2FLMS_ActDetails.aspx%3FActivityId%3D596772%26UserMode%3D0
A12: Preventing Human Trafficking | B12: View the videos with your group to complete the learning offer. Once complete, review the assessments as a group. NOTE: Assessment records are not required | C12: Link https://ihg.sharepoint.com/sites/ResponsibleBusiness/SitePages/Human-Rights-Brand-Standards-Guidance.aspx | D12: course | E12: IHG0057043-OJT | F12: https://mylearning.sumtotal.host/core/pillarRedirect?relyingParty=LM&url=app%2Fmanagement%2FLMS_ActDetails.aspx%3FActivityId%3D468092%26UserMode%3D0
A13: IHG Problem Handling V2 | B13: View the videos with your group to complete the learning offer. Once complete, review the assessments as a group. NOTE: Assessment records are not required | C13: Link | D13: course | E13: IHG056045-OJT | F13: https://mylearning.sumtotal.host/core/pillarRedirect?relyingParty=LM&url=app%2Fmanagement%2FLMS_ActDetails.aspx%3FActivityId%3D468095%26UserMode%3D0
A14: True Hospitality Service Skills | B14: View the videos with your group to complete the learning offer. Once complete, review the assessments as a group. NOTE: Assessment records are not required | C14: Link | D14: course | E14: IHG051263-OJT | F14: https://mylearning.sumtotal.host/core/pillarRedirect?relyingParty=LM&url=app%2Fmanagement%2FLMS_ActDetails.aspx%3FActivityId%3D468089%26UserMode%3D0
A15: Welcome to IHG | B15: View the videos with your group to complete the learning offer | C15: Link | D15: course | E15: IHG058044-OJT | F15: https://mylearning.sumtotal.host/core/pillarRedirect?relyingParty=LM&url=app%2Fmanagement%2FLMS_ActDetails.aspx%3FActivityId%3D606314%26UserMode%3D0
A16: Property Orientation | B16: Complete a tour of your property with new hires. | E16: IHG8342629-OJT | F16: https://mylearning.sumtotal.host/core/pillarRedirect?relyingParty=LM&url=app%2Fmanagement%2FLMS_ActDetails.aspx%3FActivityId%3D603028%26UserMode%3D0
A17: Holiday Inn Brand Service Training | B17: View the videos with your group to complete the learning offer | C17: https://mylearning.sumtotal.host/core/pillarRedirect?relyingParty=LM&url=app%2fmanagement%2fLMS_ActDetails.aspx%3fActivityId%3d104579%26UserMode%3d0 | D17: course | E17: IHG3075650-OJT | F17: https://mylearning.sumtotal.host/core/pillarRedirect?relyingParty=LM&url=app%2Fmanagement%2FLMS_ActDetails.aspx%3FActivityId%3D472806%26UserMode%3D0

Sheet Holiday Inn Express
A1: Course Title | B1: Instructions | C1: Hyperlink for Access | D1: Access ______ | E1: Not visible to learner: OJT Course ID: | F1: Create OJT Button
A2: First Aid | B2: Review your first aid procedures and practices. | E2: IHG1885862-OJT | F2: https://mylearning.sumtotal.host/core/pillarRedirect?relyingParty=LM&url=app%2Fmanagement%2FLMS_ActDetails.aspx%3FActivityId%3D601671%26UserMode%3D0
A3: Understanding PCI DSS | B3: View the videos with your group to complete the learning offer | C3: https://mylearning.sumtotal.host/core/pillarRedirect?relyingParty=LM&url=app%2fmanagement%2fLMS_ActDetails.aspx%3fActivityId%3d612703%26UserMode%3d0 | D3: Course | E3: IHG0047626-OJT | F3: https://mylearning.sumtotal.host/core/pillarRedirect?relyingParty=LM&url=app%2fmanagement%2fLMS_ActDetails.aspx%3fActivityId%3d595012%26UserMode%3d0
A4: Health & Safety, Security an Emergency Procedures | B4: Review your health safety and security procedures, including fire evacuation plan. | C4: Link | D4: course | E4: IHG9191264-OJT | F4: https://mylearning.sumtotal.host/core/pillarRedirect?relyingParty=LM&url=app%2Fmanagement%2FLMS_ActDetails.aspx%3FActivityId%3D601724%26UserMode%3D0
A5: Getting to Know IHG Concerto | B5: View the videos with your group to complete the learning offer. Once complete, review the assessments as a group. NOTE: Assessment records are not required | C5: https://mylearning.sumtotal.host/core/pillarRedirect?relyingParty=LM&url=app%2fmanagement%2fLMS_ActDetails.aspx%3fActivityId%3d52090%26UserMode%3d0 | D5: course | E5: IHG0049491-OJT | F5: https://mylearning.sumtotal.host/core/pillarRedirect?relyingParty=LM&url=app%2Fmanagement%2FLMS_ActDetails.aspx%3FActivityId%3D595027%26UserMode%3D0
A6: IHG Voice Program Training | B6: View the videos with your group to complete the learning offer | C6: https://mylearning.sumtotal.host/core/pillarRedirect?relyingParty=LM&url=app%2fmanagement%2fLMS_ActDetails.aspx%3fActivityId%3d2823%26UserMode%3d0 | D6: course | E6: IHG0054667-OJT | F6: https://mylearning.sumtotal.host/core/pillarRedirect?relyingParty=LM&url=app%2Fmanagement%2FLMS_ActDetails.aspx%3FActivityId%3D595030%26UserMode%3D0
A7: IHG Way of Clean 5-S Cleaning Program | B7: View the videos with your group to complete the learning offer. Once complete, review the assessments as a group. NOTE: Assessment records are not required | C7: Link | D7: course | E7: IHG7376524-OJT | F7: https://mylearning.sumtotal.host/core/pillarRedirect?relyingParty=LM&url=app%2Fmanagement%2FLMS_ActDetails.aspx%3FActivityId%3D468097%26UserMode%3D0
A8: IHG Way of Clean 5-S Cleaning Program for Non-Housekeeping Colleagues | B8: View the videos with your group to complete the learning offer. Once complete, review the assessments as a group. NOTE: Assessment records are not required | C8: Link | D8: course | E8: IHG1227263-OJT | F8: https://mylearning.sumtotal.host/core/pillarRedirect?relyingParty=LM&url=app%2Fmanagement%2FLMS_ActDetails.aspx%3FActivityId%3D595028%26UserMode%3D0
A9: IHG World Class Beverage Academy - 101 Essentials | B9: View the videos with your group to complete the learning offer. Once complete, review the assessments as a group. NOTE: Assessment records are not required | C9: Link | D9: course | E9: IHG052185-OJT | F9: https://mylearning.sumtotal.host/core/pillarRedirect?relyingParty=LM&url=app%2Fmanagement%2FLMS_ActDetails.aspx%3FActivityId%3D595029%26UserMode%3D0
A10: Introduction to Information Security | B10: View the videos with your group to complete the learning offer Please visit the Information Security Page on Merlin to learn more about Information Security at IHG: https://me2.ihgmerlin.com/web/init-ihg-information-security/home | C10: Link | D10: course | E10: IHG0047625-OJT | F10: https://mylearning.sumtotal.host/core/pillarRedirect?relyingParty=LM&url=app%2Fmanagement%2FLMS_ActDetails.aspx%3FActivityId%3D596770%26UserMode%3D0
A11: Leading and Sustaining your Service Culture | B11: View the videos with your group to complete the learning offer. Once complete, review the assessments as a group. NOTE: Assessment records are not required | C11: Link | D11: course | E11: IHG0056403-OJT | F11: https://mylearning.sumtotal.host/core/pillarRedirect?relyingParty=LM&url=app%2Fmanagement%2FLMS_ActDetails.aspx%3FActivityId%3D596772%26UserMode%3D0
A12: Preventing Human Trafficking | B12: View the videos with your group to complete the learning offer. Once complete, review the assessments as a group. NOTE: Assessment records are not required | C12: Link https://ihg.sharepoint.com/sites/ResponsibleBusiness/SitePages/Human-Rights-Brand-Standards-Guidance.aspx | D12: course | E12: IHG0057043-OJT | F12: https://mylearning.sumtotal.host/core/pillarRedirect?relyingParty=LM&url=app%2Fmanagement%2FLMS_ActDetails.aspx%3FActivityId%3D468092%26UserMode%3D0
A13: IHG Problem Handling V2 | B13: View the videos with your group to complete the learning offer. Once complete, review the assessments as a group. NOTE: Assessment records are not required | C13: Link | D13: course | E13: IHG056045-OJT | F13: https://mylearning.sumtotal.host/core/pillarRedirect?relyingParty=LM&url=app%2Fmanagement%2FLMS_ActDetails.aspx%3FActivityId%3D468095%26UserMode%3D0
A14: True Hospitality Service Skills | B14: View the videos with your group to complete the learning offer. Once complete, review the assessments as a group. NOTE: Assessment records are not required | C14: Link | D14: course | E14: IHG051263-OJT | F14: https://mylearning.sumtotal.host/core/pillarRedirect?relyingParty=LM&url=app%2Fmanagement%2FLMS_ActDetails.aspx%3FActivityId%3D468089%26UserMode%3D0
A15: Welcome to IHG | B15: View the videos with your group to complete the learning offer | C15: Link | D15: course | E15: IHG058044-OJT | F15: https://mylearning.sumtotal.host/core/pillarRedirect?relyingParty=LM&url=app%2Fmanagement%2FLMS_ActDetails.aspx%3FActivityId%3D606314%26UserMode%3D0
A16: Property Orientation | B16: Complete a tour of your property with new hires. | E16: IHG8342629-OJT | F16: https://mylearning.sumtotal.host/core/pillarRedirect?relyingParty=LM&url=app%2Fmanagement%2FLMS_ActDetails.aspx%3FActivityId%3D603028%26UserMode%3D0
A17: Holiday Inn Express Brand Service Training | B17: View the videos with your group to complete the learning offer | C17: https://mylearning.sumtotal.host/core/pillarRedirect?relyingParty=LM&url=app%2fmanagement%2fLMS_ActDetails.aspx%3fActivityId%3d366737%26UserMode%3d0 | D17: course | E17: IHG4548388-OJT | F17: https://mylearning.sumtotal.host/core/pillarRedirect?relyingParty=LM&url=app%2Fmanagement%2FLMS_ActDetails.aspx%3FActivityId%3D471268%26UserMode%3D0

Sheet Staybridge Suites
A1: Course Title | B1: Instructions | C1: Hyperlink for Access | D1: Access ______ | E1: Not visible to learner: OJT Course ID: | F1: Create OJT Button
A2: First Aid | B2: Review your first aid procedures and practices. | C2: no link | E2: IHG1885862-OJT | F2: https://mylearning.sumtotal.host/core/pillarRedirect?relyingParty=LM&url=app%2Fmanagement%2FLMS_ActDetails.aspx%3FActivityId%3D601671%26UserMode%3D0
A3: Understanding PCI DSS | B3: View the videos with your group to complete the learning offer | C3: https://mylearning.sumtotal.host/core/pillarRedirect?relyingParty=LM&url=app%2fmanagement%2fLMS_ActDetails.aspx%3fActivityId%3d612703%26UserMode%3d0 | D3: Course | E3: IHG0047626-OJT | F3: https://mylearning.sumtotal.host/core/pillarRedirect?relyingParty=LM&url=app%2fmanagement%2fLMS_ActDetails.aspx%3fActivityId%3d595012%26UserMode%3d0
A4: Health & Safety, Security an Emergency Procedures | B4: Review your health safety and security procedures, including fire evacuation plan. | C4: Link | D4: course | E4: IHG9191264-OJT | F4: https://mylearning.sumtotal.host/core/pillarRedirect?relyingParty=LM&url=app%2Fmanagement%2FLMS_ActDetails.aspx%3FActivityId%3D601724%26UserMode%3D0
A5: Getting to Know IHG Concerto | B5: View the videos with your group to complete the learning offer. Once complete, review the assessments as a group. NOTE: Assessment records are not required | C5: https://mylearning.sumtotal.host/core/pillarRedirect?relyingParty=LM&url=app%2fmanagement%2fLMS_ActDetails.aspx%3fActivityId%3d52090%26UserMode%3d0 | D5: course | E5: IHG0049491-OJT | F5: https://mylearning.sumtotal.host/core/pillarRedirect?relyingParty=LM&url=app%2Fmanagement%2FLMS_ActDetails.aspx%3FActivityId%3D595027%26UserMode%3D0
A6: IHG Voice Program Training | B6: View the videos with your group to complete the learning offer | C6: https://mylearning.sumtotal.host/core/pillarRedirect?relyingParty=LM&url=app%2fmanagement%2fLMS_ActDetails.aspx%3fActivityId%3d2823%26UserMode%3d0 | D6: course | E6: IHG0054667-OJT | F6: https://mylearning.sumtotal.host/core/pillarRedirect?relyingParty=LM&url=app%2Fmanagement%2FLMS_ActDetails.aspx%3FActivityId%3D595030%26UserMode%3D0
A7: IHG Way of Clean 5-S Cleaning Program | B7: View the videos with your group to complete the learning offer. Once complete, review the assessments as a group. NOTE: Assessment records are not required | C7: Link | D7: course | E7: IHG7376524-OJT | F7: https://mylearning.sumtotal.host/core/pillarRedirect?relyingParty=LM&url=app%2Fmanagement%2FLMS_ActDetails.aspx%3FActivityId%3D468097%26UserMode%3D0
A8: IHG Way of Clean 5-S Cleaning Program for Non-Housekeeping Colleagues | B8: View the videos with your group to complete the learning offer. Once complete, review the assessments as a group. NOTE: Assessment records are not required | C8: Link | D8: course | E8: IHG1227263-OJT | F8: https://mylearning.sumtotal.host/core/pillarRedirect?relyingParty=LM&url=app%2Fmanagement%2FLMS_ActDetails.aspx%3FActivityId%3D595028%26UserMode%3D0
A9: IHG World Class Beverage Academy - 101 Essentials | B9: View the videos with your group to complete the learning offer. Once complete, review the assessments as a group. NOTE: Assessment records are not required | C9: Link | D9: course | E9: IHG052185-OJT | F9: https://mylearning.sumtotal.host/core/pillarRedirect?relyingParty=LM&url=app%2Fmanagement%2FLMS_ActDetails.aspx%3FActivityId%3D595029%26UserMode%3D0
A10: Introduction to Information Security | B10: View the videos with your group to complete the learning offer Please visit the Information Security Page on Merlin to learn more about Information Security at IHG: https://me2.ihgmerlin.com/web/init-ihg-information-security/home | C10: Link | D10: course | E10: IHG0047625-OJT | F10: https://mylearning.sumtotal.host/core/pillarRedirect?relyingParty=LM&url=app%2Fmanagement%2FLMS_ActDetails.aspx%3FActivityId%3D596770%26UserMode%3D0
A11: Leading and Sustaining your Service Culture | B11: View the videos with your group to complete the learning offer. Once complete, review the assessments as a group. NOTE: Assessment records are not required | C11: Link | D11: course | E11: IHG0056403-OJT | F11: https://mylearning.sumtotal.host/core/pillarRedirect?relyingParty=LM&url=app%2Fmanagement%2FLMS_ActDetails.aspx%3FActivityId%3D596772%26UserMode%3D0
A12: Preventing Human Trafficking | B12: View the videos with your group to complete the learning offer. Once complete, review the assessments as a group. NOTE: Assessment records are not required | C12: Link https://ihg.sharepoint.com/sites/ResponsibleBusiness/SitePages/Human-Rights-Brand-Standards-Guidance.aspx | D12: course | E12: IHG0057043-OJT | F12: https://mylearning.sumtotal.host/core/pillarRedirect?relyingParty=LM&url=app%2Fmanagement%2FLMS_ActDetails.aspx%3FActivityId%3D468092%26UserMode%3D0
A13: IHG Problem Handling V2 | B13: View the videos with your group to complete the learning offer. Once complete, review the assessments as a group. NOTE: Assessment records are not required | C13: Link | D13: course | E13: IHG056045-OJT | F13: https://mylearning.sumtotal.host/core/pillarRedirect?relyingParty=LM&url=app%2Fmanagement%2FLMS_ActDetails.aspx%3FActivityId%3D468095%26UserMode%3D0
A14: True Hospitality Service Skills | B14: View the videos with your group to complete the learning offer. Once complete, review the assessments as a group. NOTE: Assessment records are not required | C14: Link | D14: course | E14: IHG051263-OJT | F14: https://mylearning.sumtotal.host/core/pillarRedirect?relyingParty=LM&url=app%2Fmanagement%2FLMS_ActDetails.aspx%3FActivityId%3D468089%26UserMode%3D0
A15: Welcome to IHG | B15: View the videos with your group to complete the learning offer | C15: Link | D15: course | E15: IHG058044-OJT | F15: https://mylearning.sumtotal.host/core/pillarRedirect?relyingParty=LM&url=app%2Fmanagement%2FLMS_ActDetails.aspx%3FActivityId%3D606314%26UserMode%3D0
A16: Property Orientation | B16: Complete a tour of your property with new hires. | C16: no link | E16: IHG8342629-OJT | F16: https://mylearning.sumtotal.host/core/pillarRedirect?relyingParty=LM&url=app%2Fmanagement%2FLMS_ActDetails.aspx%3FActivityId%3D603028%26UserMode%3D0
A17: Staybridge Suites Brand Experience Training | B17: View the videos with your group to complete the learning offer. Once complete, review the assessments as a group. NOTE: Assessment records are not required | C17: https://mylearning.sumtotal.host/core/pillarRedirect?relyingParty=LM&url=app%2fmanagement%2fLMS_ActDetails.aspx%3fActivityId%3d10779%26UserMode%3d0 | D17: Course | E17: IHG058784-OJT | F17: https://mylearning.sumtotal.host/core/pillarRedirect?relyingParty=LM&url=app%2Fmanagement%2FLMS_ActDetails.aspx%3FActivityId%3D596775%26UserMode%3D0
A18: Staybridge Suites Brand Orientation | B18: View the videos with your group to complete the learning offer. Once complete, review the assessments as a group. NOTE: Assessment records are not required | C18: https://mylearning.sumtotal.host/core/pillarRedirect?relyingParty=LM&url=app%2fmanagement%2fLMS_ActDetails.aspx%3fActivityId%3d10778%26UserMode%3d0 | D18: course | E18: IHG058783-OJT | F18: https://mylearning.sumtotal.host/core/pillarRedirect?relyingParty=LM&url=app%2Fmanagement%2FLMS_ActDetails.aspx%3FActivityId%3D596776%26UserMode%3D0
D19: =_xlfn.XLOOKUP(A19,'All Courses'!A:A,'All Courses'!D:D,"Not found") -> 0
D20: =_xlfn.XLOOKUP(A20,'All Courses'!A:A,'All Courses'!D:D,"Not found") -> 0
D21: =_xlfn.XLOOKUP(A21,'All Courses'!A:A,'All Courses'!D:D,"Not found") -> 0
D23: =_xlfn.XLOOKUP(A23,'All Courses'!A:A,'All Courses'!D:D,"Not found") -> 0
D24: =_xlfn.XLOOKUP(A24,'All Courses'!A:A,'All Courses'!D:D,"Not found") -> 0
D25: =_xlfn.XLOOKUP(A25,'All Courses'!A:A,'All Courses'!D:D,"Not found") -> 0
D26: =_xlfn.XLOOKUP(A26,'All Courses'!A:A,'All Courses'!D:D,"Not found") -> 0
D27: =_xlfn.XLOOKUP(A27,'All Courses'!A:A,'All Courses'!D:D,"Not found") -> 0
D28: =_xlfn.XLOOKUP(A28,'All Courses'!A:A,'All Courses'!D:D,"Not found") -> 0
D29: =_xlfn.XLOOKUP(A29,'All Courses'!A:A,'All Courses'!D:D,"Not found") -> 0
D30: =_xlfn.XLOOKUP(A30,'All Courses'!A:A,'All Courses'!D:D,"Not found") -> 0
D31: =_xlfn.XLOOKUP(A31,'All Courses'!A:A,'All Courses'!D:D,"Not found") -> 0
... D39: =_xlfn.XLOOKUP(A39,'All Courses'!A:A,'All Courses'!D:D,"Not found") -> 0

Sheet All Courses
I1: Online Course IDs | N1: OJT Course IDs
A2: Course Name | B2: Delivery Type | C2: AMER & EMEAA Links to any resources | D2: Info | E2: Delivery Guidance | F2: Audience | G2: Audience Comments | H2: Brands | I2: Global | J2: AMER/EMEAA | K2: AMER | L2: GC | M2: EMEAA | N2: Global | O2: AMER/EMEAA | P2: AMER | Q2: GC | R2: EMEAA
A3: Art of Breakfast | B3: OJT only | C3: https://ihgfbamericas.com/wp-content/uploads/2016/09/The-Art-of-Breakfast-Service-Manager-Handbook-1.pdf | D3: Resource | E3: Use the link provided to access the learning offer. Review the offering in its entirety to complete. | F3: AMER | H3: Hotel Indigo | I3: N/A | J3: N/A | K3: N/A | L3: N/A | M3: N/A
A4: Art of Room | B4: OJT only | C4: https://ihgfbamericas.com/wp-content/uploads/2016/09/Art-of-Room-Service-Training-Manual.pdf | D4: Resource | E4: Use the link provided to access the learning offer. Review the offering in its entirety to complete. | F4: AMER | H4: Hotel Indigo | I4: N/A | J4: N/A | K4: N/A | L4: N/A | M4: N/A
A5: Brand Introduction (led by GM or Leader) | B5: OJT only | C5: https://www.ihgplc.com/en/our-brands | D5: Resource | E5: Discuss information from website relevant to your brand. | F5: EMEAA | H5: Vignette | I5: n/a | J5: n/a | K5: n/a | L5: n/a | M5: n/a
A6: Buffet training Program | B6: OJT only | C6: https://ihgfbamericas.com/brands/holiday-inn-hotels-resorts/breakfast-buffet-hub/training-implementation/ | D6: Resource | E6: View the videos with your group to complete the learning offer | F6: AMER | H6: Holiday Inn | I6: n/a | J6: n/a | K6: n/a | L6: n/a | M6: n/a
A7: Business Services training | B7: OJT only | D7: no link | E7: Review maunufactor operating manuals for equipment and software. | F7: AMER | H7: IC/KI/RG/IN/SB/HI/HIRT | I7: N/A | J7: N/A | K7: N/A | L7: N/A | M7: N/A
A8: Crowne Plaza Ignite Menu Programme Video - Recipes | B8: Online | C8: Link | D8: course | E8: View the videos with your group to complete the learning offer | F8: AMER | H8: CRWN | K8: IHG057307-EN (N AMER) IHG057307-ES (LATIN AMER) | L8: n/a | M8: n/a
A9: Crowne Plaza Ignite Menu Programme Video - Service | B9: Online | C9: Link | D9: course | E9: View the videos with your group to complete the learning offer | F9: AMER | G9: US & Canada | H9: CRWN | K9: IHG0057306 | L9: n/a | M9: n/a
A10: Crowne Plaza Meeting Essentials | B10: Online | C10: https://core-ihg.bravais.com/s/JyQdZmm70U6o8n6ZeWjP | D10: Resource | E10: View the videos with your group to complete the learning offer | F10: AMER | H10: CRWN | K10: IHG0048244
A11: Crowne Plaza Power up Mornings Breakfast Program | B11: Online | D11: course | E11: View the videos with your group to complete the learning offer | F11: AMER | H11: CRWN | K11: IHG057363
A12: Digital Check-in | B12: Online | C12: https://mylearning.sumtotal.host/core/pillarRedirect?relyingParty=LM&url=app%2fmanagement%2fLMS_ActDetails.aspx%3fActivityId%3d41%26UserMode%3d0 | D12: course | E12: View the videos with your group to complete the learning offer | F12: AMER | G12: US & Canada | H12: All | K12: IHG0061303
A13: Express Start Breakfast Bar Experience | B13: Online | D13: no link | E13: View the videos with your group to complete the learning offer . Once complete, review the assessments as a group. NOTE: Assessment records are not required) | F13: AMER | G13: US & Canada | H13: HIEX | K13: IHG052206
A14: EVEN Brand Hallmarks | B14: OJT only | C14: https://me2.ihgmerlin.com/web/init-even-hotels-hotel-in-a-box/home | D14: Resource | E14: Use the link provided to access the learning offer. Download any required job aids to support the learning | F14: AMER | G14: n/a | H14: EVEN Hotels | I14: n/a | J14: n/a | K14: n/a | L14: n/a | M14: n/a
A15: First Aid | B15: OJT only | D15: no link | E15: Review your first aid procedures and practices. | F15: AMER & EMEAA | G15: n/a | H15: all | I15: n/a | J15: n/a | K15: n/a | L15: n/a | M15: n/a
A16: Fitness Equipment training | B16: OJT only | C16: Peloton Bike - https://ihgolm.my.salesforce.com/sfc/p/#j0000000KUiS/a/5b000000JrFs/d0iIg1kpRmAdH7X6Ov_FZxzM5gwfTCAgfmF416jsxPg | D16: Resource | E16: Use the link provided to access the learning offer. Review the offering in its entirety to complete. | F16: AMER | H16: EVEN Hotels | I16: N/A | J16: N/A | K16: N/A | L16: N/A | M16: n/a
A17: Food & Beverage training | B17: OJT only | C17: https://ihgfbglobal.com/regional-home-amer/amer-even-hotels/amer-ev-guides-tools-learning/ | D17: Resource | E17: View the videos with your group to complete the learning offer | F17: AMER | H17: EVEN Hotels | I17: N/A | J17: N/A | K17: N/A | L17: N/A | M17: N/A
A18: Handling Credit Cards Securely | B18: Online | C18: https://me2.ihgmerlin.com/web/init-ihg-information-security/homeandhttps://me2.ihgmerlin.com/web/init-pci-compliance | D18: Resource | E18: View the videos with your group to complete the learning offer | F18: Global | G18: n/a | H18: all | J18: IHG0047626 | L18: IHG0047626-ZH
A19: Health & Safety, Security an Emergency Procedures | B19: OJT only | C19: Link | D19: course | E19: Review your health safety and security procedures, including fire evacuation plan. | F19: AMER & EMEAA | H19: All - except HICV | I19: n/a | J19: n/a | K19: n/a | L19: n/a | M19: n/a
A20: Holiday Inn C.A.S.H - Core Menu | B20: Online | C20: Link | D20: course | E20: View the videos with your group to complete the learning offer | F20: AMER | G20: n/a | H20: Holiday Inn | I20: n/a | K20: IHG052303 | L20: n/a | M20: n/a
A21: Holiday Inn C.A.S.H - Sequence of Service | B21: Online | C21: Link | D21: course | E21: View the videos with your group to complete the learning offer . Once complete, review the assessments as a group. NOTE: Assessment records are not required) | F21: AMER | G21: US & Canada | H21: Holiday Inn | I21: n/a | K21: IHG052304 | L21: n/a | M21: n/a
A22: Holiday Inn Start Fresh Breakfast Program | B22: Online | C22: Link | D22: course | E22: View the videos with your group to complete the learning offer | F22: AMER | G22: US & Canada | H22: Holiday Inn | I22: n/a | K22: IHG051964 | L22: n/a | M22: n/a
A23: Housekeeping Safety Device (US & Canada only) | B23: OJT only | D23: no link | E23: Review maunufactor operating manual for equipment and procedure for action when an alarm is triggered | F23: AMER | G23: US & Canada | H23: all | I23: N/A | J23: N/A | K23: N/A | L23: N/A | M23: N/A
A24: Getting to Know IHG Concerto | B24: Online | C24: https://mylearning.sumtotal.host/core/pillarRedirect?relyingParty=LM&url=app%2fmanagement%2fLMS_ActDetails.aspx%3fActivityId%3d52090%26UserMode%3d0 | D24: course | E24: View the videos with your group to complete the learning offer . Once complete, review the assessments as a group. NOTE: Assessment records are not required) | F24: Global | H24: ALL | I24: IHG0049491
A25: IHG Voice Program Training | B25: Online | C25: https://mylearning.sumtotal.host/core/pillarRedirect?relyingParty=LM&url=app%2fmanagement%2fLMS_ActDetails.aspx%3fActivityId%3d2823%26UserMode%3d0 | D25: course | E25: View the videos with your group to complete the learning offer | F25: Global | H25: ALL | I25: IHG0054667 | L25: IHG0054667
A26: IHG Way of Clean 5-S Cleaning Program | B26: Online | C26: Link | D26: course | E26: View the videos with your group to complete the learning offer . Once complete, review the assessments as a group. NOTE: Assessment records are not required) | F26: AMER & EMEAA | G26: n/a | H26: All - except HICV | I26: n/a | J26: IHG7376524 | K26: n/a | L26: n/a | M26: n/a | O26: IHG7376524 - OJT
A27: IHG Way of Clean 5-S Cleaning Program for Non-Housekeeping Colleagues | B27: Online | C27: Link | D27: course | E27: View the videos with your group to complete the learning offer . Once complete, review the assessments as a group. NOTE: Assessment records are not required) | F27: AMER & EMEAA | G27: n/a | H27: All - except HICV | I27: n/a | J27: IHG1227263 | K27: n/a | L27: n/a | M27: n/a
A28: IHG World Class Beverage Academy - 101 Essentials | B28: Online | C28: Link | D28: course | E28: View the videos with your group to complete the learning offer . Once complete, review the assessments as a group. NOTE: Assessment records are not required) | F28: AMER & EMEAA | G28: n/a | H28: All | I28: n/a | J28: IHG052185
A29: Introduction to Information Security | B29: Online | C29: Link | D29: course | E29: View the videos with your group to complete the learning offer | F29: Global | G29: n/a | H29: all | I29: n/a | J29: IHG0047625 | L29: IHG0047625-ZH
A30: Leading and Sustaining your Service Culture | B30: Online | C30: Link | D30: course | E30: View the videos with your group to complete the learning offer . Once complete, review the assessments as a group. NOTE: Assessment records are not required) | F30: Global | G30: n/a | H30: all | I30: n/a | J30: IHG0056403 | L30: IHG0056403-ZH
A31: Luxury Fundamentals | B31: Online | C31: Link | D31: Course | E31: Use the link provided to access the learning offer. Review the offering in its entirety to complete. | F31: Global | G31: n/a | H31: ICON; ICRT; KIMP; REGT; VIGN | I31: n/a | J31: IHG0063363 | L31: IHG0063363-ZH | O31: IHG0063363-OJT | Q31: IHG0063363-ZH-OJT
A32: Preventing Human Trafficking | B32: Online | C32: Link https://ihg.sharepoint.com/sites/ResponsibleBusiness/SitePages/Human-Rights-Brand-Standards-Guidance.aspx | D32: course | E32: View the videos with your group to complete the learning offer . Once complete, review the assessments as a group. NOTE: Assessment records are not required) | F32: AMER & EMEAA | G32: n/a | H32: All | I32: n/a | K32: IHG0057043-v2024 | M32: IHG0057043 | P32: IHG0057043-v2024 -OJT | Q32: IHG0057043-ZH-OJT | R32: IHG0057043-OJT
A33: IHG Problem Handling V2 | B33: Online | C33: Link | D33: course | E33: View the videos with your group to complete the learning offer . Once complete, review the assessments as a group. NOTE: Assessment records are not required) | F33: Global | G33: n/a | H33: All - except HICV | I33: n/a | J33: IHG056045 | L33: IHG056045-ZH | O33: IHG056045-OJT | Q33: IHG056045-ZH -OJT
A34: Property Management System (PMS) | B34: OJT only | D34: no link | E34: Review maunufactor operating manual relevant department training in the PMS system | F34: AMER | G34: n/a | H34: All | I34: N/A | J34: N/A | K34: N/A | L34: N/A | M34: N/A
A35: Service Optimization Quore for avid Hotels | B35: Online | C35: https://mylearning.sumtotal.host/core/pillarRedirect?relyingParty=LM&url=app%2fmanagement%2fLMS_ActDetails.aspx%3fActivityId%3d746%26UserMode%3d0 | D35: course | E35: View the videos with your group to complete the learning offer | F35: AMER | H35: Avid | J35: IHG0058563
A36: Staybridge Suites Breakfast Training Program | B36: Online | C36: https://mylearning.sumtotal.host/core/pillarRedirect?relyingParty=LM&url=app%2fmanagement%2fLMS_ActDetails.aspx%3fActivityId%3d10766%26UserMode%3d0 | D36: course | E36: View the videos with your group to complete the learning offer | F36: AMER | H36: STBS | J36: IHG057244
A37: Staybridge Suites The Social Training Program | B37: Online | C37: https://mylearning.sumtotal.host/core/pillarRedirect?relyingParty=LM&url=app%2fmanagement%2fLMS_ActDetails.aspx%3fActivityId%3d300170%26UserMode%3d0 | D37: course | E37: View the videos with your group to complete the learning offer | F37: AMER | H37: STBS | J37: IHG4839915
A38: True Hospitality Service Skills | B38: Online | C38: Link | D38: course | E38: View the videos with your group to complete the learning offer . Once complete, review the assessments as a group. NOTE: Assessment records are not required) | F38: Global | G38: n/a | H38: All - except HICV | I38: n/a | J38: IHG051263 | K38: IHG051263 | L38: IHG051263-ZH | M38: IHG051263 | O38: IHG051263-OJT | Q38: IHG051263-ZH-OJT
A39: Welcome to IHG | B39: Online | C39: Link | D39: course | E39: View the videos with your group to complete the learning offer | F39: Global | G39: n/a | H39: All - except HICV | I39: n/a | J39: IHG058044 | K39: IHG058044 | L39: IHG058044-ZH | M39: IHG058044 | O39: IHG058044-OJT | Q39: IHG058044-ZH-OJT
A40: Property Orientation | B40: OJT only | D40: no link | E40: Complete a tour of your property with new hires. | F40: Global | H40: All | I40: N/A | J40: N/A | K40: N/A | L40: N/A | M40: N/A
A41: Holiday Inn Express Brand Service Training | B41: Online | C41: https://mylearning.sumtotal.host/core/pillarRedirect?relyingParty=LM&url=app%2fmanagement%2fLMS_ActDetails.aspx%3fActivityId%3d366737%26UserMode%3d0 | D41: course | E41: View the videos with your group to complete the learning offer | F41: Global | H41: HIEX | J41: IHG4548388 | L41: IHG4548388-ZH | O41: IHG4548388-OJT | Q41: IHG4548388-ZH-OJT
A42: Holiday Inn Express Brand Operations Training | B42: Online | D42: no link | E42: Use the link provided to access the learning offer. Download the course materials and review the offering in its entirety to complete. | F42: GC | H42: HIEX | L42: IHG0063063-ZH
A43: Holiday Inn Brand Service Training | B43: Online | C43: https://mylearning.sumtotal.host/core/pillarRedirect?relyingParty=LM&url=app%2fmanagement%2fLMS_ActDetails.aspx%3fActivityId%3d104579%26UserMode%3d0 | D43: course | E43: View the videos with your group to complete the learning offer | F43: Global | H43: HI | J43: IHG3075650 | L43: IHG3075650-ZH | O43: IHG3075650-OJT | Q43: IHG3075650-ZH-OJT
A44: Holiday Inn Brand Operations Training | B44: Online | D44: no link | E44: Use the link provided to access the learning offer. Download the course materials and review the offering in its entirety to complete. | F44: GC | H44: HI | L44: IHG059203-ZH
A45: avid hotels and Candlewood Suites Dual - Brand Service Training | B45: Online | C45: https://mylearning.sumtotal.host/core/pillarRedirect?relyingParty=LM&url=app%2fmanagement%2fLMS_ActDetails.aspx%3fActivityId%3d301706%26UserMode%3d0 | D45: course | E45: View the videos with your group to complete the learning offer . Once complete, review the assessments as a group. NOTE: Assessment records are not required) | F45: AMER | H45: AVID | J45: IHG1645990 | P45: IHG1645990-OJT
A46: avid hotels 'just right' Brand Experience Training | B46: Online | C46: https://mylearning.sumtotal.host/core/pillarRedirect?relyingParty=LM&url=app%2fmanagement%2fLMS_ActDetails.aspx%3fActivityId%3d27%26UserMode%3d0 | D46: course | E46: View the videos with your group to complete the learning offer . Once complete, review the assessments as a group. NOTE: Assessment records are not required) | F46: AMER & EMEAA | H46: Avid | J46: IHG0065503
A47: Candlewood Suites Brand Experience Training | B47: Online | C47: https://mylearning.sumtotal.host/core/pillarRedirect?relyingParty=LM&url=app%2fmanagement%2fLMS_ActDetails.aspx%3fActivityId%3d10781%26UserMode%3d0 | D47: Course | E47: View the videos with your group to complete the learning offer . Once complete, review the assessments as a group. NOTE: Assessment records are not required) | F47: AMER | H47: Candlewood | J47: IHG058786
A48: Staybridge Suites Brand Experience Training | B48: Online | C48: https://mylearning.sumtotal.host/core/pillarRedirect?relyingParty=LM&url=app%2fmanagement%2fLMS_ActDetails.aspx%3fActivityId%3d10779%26UserMode%3d0 | D48: Course | E48: View the videos with your group to complete the learning offer . Once complete, review the assessments as a group. NOTE: Assessment records are not required) | F48: Global | H48: STBS | I48: IHG058784
A49: Atwell Suites Brand Service Training | B49: Online | C49: https://mylearning.sumtotal.host/core/pillarRedirect?relyingParty=LM&url=app%2fmanagement%2fLMS_ActDetails.aspx%3fActivityId%3d166549%26UserMode%3d0 | D49: course | E49: View the videos with your group to complete the learning offer . Once complete, review the assessments as a group. NOTE: Assessment records are not required) | F49: AMER | H49: Atwell | J49: IHG1667137
A50: Garner Brand Service Training | B50: Online | C50: https://mylearning.sumtotal.host/core/pillarRedirect?relyingParty=LM&url=app%2fmanagement%2fLMS_ActDetails.aspx%3fActivityId%3d394772%26UserMode%3d0 | D50: course | E50: View the videos with your group to complete the learning offer . Once complete, review the assessments as a group. NOTE: Assessment records are not required) | F50: AMER | H50: Garner | K50: IHG2096323
A51: Even Hotels Brand Service Training | B51: Online | C51: https://mylearning.sumtotal.host/core/pillarRedirect?relyingParty=LM&url=app%2fmanagement%2fLMS_ActDetails.aspx%3fActivityId%3d237982%26UserMode%3d0 | D51: Course | E51: View the videos with your group to complete the learning offer . Once complete, review the assessments as a group. NOTE: Assessment records are not required) | F51: Global | H51: Even | J51: IHG7942569 | L51: IHG7942569-ZH
A52: Crowne Plaza Brand Orientation | B52: Online | C52: https://mylearning.sumtotal.host/core/pillarRedirect?relyingParty=LM&url=app%2fmanagement%2fLMS_ActDetails.aspx%3fActivityId%3d10699%26UserMode%3d0 | D52: course | E52: View the videos with your group to complete the learning offer . Once complete, review the assessments as a group. NOTE: Assessment records are not required) | F52: Global | H52: CP | J52: IHG051234 | L52: IHG051234-ZH
A53: Crowne Plaza Brand Experience Training | B53: Online | C53: https://mylearning.sumtotal.host/core/pillarRedirect?relyingParty=LM&url=app%2fmanagement%2fLMS_ActDetails.aspx%3fActivityId%3d10769%26UserMode%3d0 | D53: course | E53: View the videos with your group to complete the learning offer . Once complete, review the assessments as a group. NOTE: Assessment records are not required) | F53: Global | H53: CP | K53: IHG057984 | L53: IHG062884-ZH | M53: IHG058303
A54: Crowne Plaza Dare to Connect Brand Operation Training | B54: Online | D54: no link | E54: Use the link provided to access the learning offer. Download the course materials and review the offering in its entirety to complete. | F54: GC | H54: CP | L54: IHG062783-ZH
A55: voco Hotels Brand Experience Training | B55: Online | C55: https://mylearning.sumtotal.host/core/pillarRedirect?relyingParty=LM&url=app%2fmanagement%2fLMS_ActDetails.aspx%3fActivityId%3d16585%26UserMode%3d0 | D55: course | E55: View the videos with your group to complete the learning offer . Once complete, review the assessments as a group. NOTE: Assessment records are not required) | F55: Global | H55: voco | I55: IHG0066043 | J55: IHG0066043 | L55: IHG0066043
A56: voco hotels Brand Orientation Training | B56: Online | C56: https://mylearning.sumtotal.host/core/pillarRedirect?relyingParty=LM&url=app%2fmanagement%2fLMS_ActDetails.aspx%3fActivityId%3d3735%26UserMode%3d0 | D56: course | E56: View the videos with your group to complete the learning offer . Once complete, review the assessments as a group. NOTE: Assessment records are not required) | F56: Global | H56: voco | I56: IHG0065384 | J56: IHG0065384 | L56: IHG0065384
A57: Hotel Indigo Inspire New Stories Brand Experience Training | B57: Online | C57: https://mylearning.sumtotal.host/core/pillarRedirect?relyingParty=LM&url=app%2fmanagement%2fLMS_ActDetails.aspx%3fActivityId%3d14870%26UserMode%3d0 | D57: course | E57: View the videos with your group to complete the learning offer . Once complete, review the assessments as a group. NOTE: Assessment records are not required) | F57: Global | H57: IND | I57: IHG0064463 | J57: IHG0064463 | L57: IHG0064463-ZH
A58: Welcome to Kimpton! A Cultural Orientation | B58: Online | D58: no link | E58: This content can be delivered in a classroom setting as part of a orientation program or refresher | F58: AMER | H58: Kimp | K58: IHG0061384
A59: Hotel Indigo Inspire New Stories Brand Orientation | B59: Online | C59: https://mylearning.sumtotal.host/core/pillarRedirect?relyingParty=LM&url=app%2fmanagement%2fLMS_ActDetails.aspx%3fActivityId%3d14835%26UserMode%3d0 | D59: course | E59: View the videos with your group to complete the learning offer . Once complete, review the assessments as a group. NOTE: Assessment records are not required) | F59: Global | H59: IND | J59: IHG0064483 | L59: IHG0064483-ZH
A60: InterContinental Hotels and Resorts Brand Orientation | B60: Online | C60: https://mylearning.sumtotal.host/core/pillarRedirect?relyingParty=LM&url=app%2fmanagement%2fLMS_ActDetails.aspx%3fActivityId%3d10703%26UserMode%3d0 | D60: course | E60: View the videos with your group to complete the learning offer . Once complete, review the assessments as a group. NOTE: Assessment records are not required) | F60: Global | H60: IC | J60: IHG051925 | L60: IHG051925-ZH
A61: avid hotels 'Just right' Brand Orientation Training | B61: Online | C61: https://mylearning.sumtotal.host/core/pillarRedirect?relyingParty=LM&url=app%2fmanagement%2fLMS_ActDetails.aspx%3fActivityId%3d438%26UserMode%3d0 | D61: course | E61: View the videos with your group to complete the learning offer . Once complete, review the assessments as a group. NOTE: Assessment records are not required) | F61: AMER | H61: Avid | J61: IHG0065403
A62: avid hotels Just Right Brand Standards Guidance Training | B62: Online | C62: https://mylearning.sumtotal.host/core/pillarRedirect?relyingParty=LM&url=app%2fmanagement%2fLMS_ActDetails.aspx%3fActivityId%3d3555%26UserMode%3d0 | D62: course | E62: View the videos with your group to complete the learning offer . Once complete, review the assessments as a group. NOTE: Assessment records are not required) | F62: Global | H62: Avid | J62: IHG0065583
A63: Candlewood Suites Brand Orientation | B63: Online | C63: https://mylearning.sumtotal.host/core/pillarRedirect?relyingParty=LM&url=app%2fmanagement%2fLMS_ActDetails.aspx%3fActivityId%3d10780%26UserMode%3d0 | D63: course | E63: View the videos with your group to complete the learning offer . Once complete, review the assessments as a group. NOTE: Assessment records are not required) | F63: AMER & EMEAA | H63: CW | J63: IHG058785
A64: Staybridge Suites Brand Orientation | B64: Online | C64: https://mylearning.sumtotal.host/core/pillarRedirect?relyingParty=LM&url=app%2fmanagement%2fLMS_ActDetails.aspx%3fActivityId%3d10778%26UserMode%3d0 | D64: course | E64: View the videos with your group to complete the learning offer . Once complete, review the assessments as a group. NOTE: Assessment records are not required) | F64: Global | H64: SB | J64: IHG058783
A65: Regent Brand Orientation | B65: OJT only | D65: no link | F65: Global | H65: Regent
A66: Regent Brand Experience Training | B66: OJT only | D66: no link | F66: Global | H66: Regent
A67: Vignette Collection Brand Orientation | B67: OJT only | D67: no link | F67: Global | H67: Vignette Collection

Sheet OJT IDs
G1: IDs | L1: OJT IDs
A2: Course Name | B2: Delivery Type | C2: Course Description (english) | D2: Audience | E2: Audience Comments | F2: Brands | G2: Global | H2: AMER/EMEAA | I2: AMER | J2: GC | K2: EMEAA | L2: Global | M2: AMER/EMEAA | N2: AMER | O2: GC | P2: EMEAA
A3: Art of Breakfast | B3: OJT only | C3: Review the Art of Breakfast Training Manual | D3: AMER | F3: Hotel Indigo | G3: N/A | H3: N/A | I3: N/A | J3: N/A | K3: N/A | N3: IHG1353819-OJT
A4: Art of Room | B4: OJT only | C4: Review the Art of Room Service Training Manual | D4: AMER | F4: Hotel Indigo | G4: N/A | H4: N/A | I4: N/A | J4: N/A | K4: N/A | N4: IHG9959789-OJT
A5: Atwell Suites Brand Service Training | B5: Online | C5: Copy from online course | D5: AMER | F5: Atwell | H5: IHG1667137 | M5: IHG1667137-OJT | N5: IHG1667137-OJT | P5: IHG1667137-OJT
A6: avid hotels and Candlewood Suites Dual - Brand Service Training | B6: Online | C6: Copy from online course | D6: AMER | F6: AVID | H6: IHG1645990 | M6: IHG1645990-OJT | N6: IHG1645990-OJT | P6: IHG1645990-OJT
A7: avid hotels 'just right' Brand Experience Training | B7: Online | C7: Copy from online course | D7: AMER & EMEAA | F7: Avid | H7: IHG0065503 | M7: IHG0065503-OJT | N7: IHG0065503-OJT | P7: IHG0065503-OJT
A8: avid hotels 'Just right' Brand Orientation Training | B8: Online | C8: Copy from online course | D8: AMER | F8: Avid | H8: IHG0065403 | M8: IHG0065403-OJT | N8: IHG0065403-OJT | P8: IHG0065403-OJT
A9: avid hotels Just Right Brand Standards Guidance Training | B9: Online | C9: Copy from online course | D9: Global | F9: Avid | H9: IHG0065583 | M9: IHG0065583-OJT | N9: IHG0065583-OJT | P9: IHG0065583-OJT
A10: Brand Introduction (led by GM or Leader) | B10: OJT only | C10: Discussion and review of IHG and brands by a hotel leader | D10: EMEAA | F10: Vignette | G10: n/a | H10: n/a | I10: n/a | J10: n/a | K10: n/a | P10: IHG7178824-OJT
A11: Buffet training Program | B11: OJT only | C11: Review opening/closing / mainitaining dining space/problem resolution and steps of service videos | D11: AMER | F11: Holiday Inn | G11: n/a | H11: n/a | I11: n/a | J11: n/a | K11: n/a | N11: IHG1057704-OJT
A12: Business Services training | B12: OJT only | C12: Training for colleagues on operation of any business services offered to guests (examples: printing, guest accessible computers) | D12: AMER | F12: IC/KI/RG/IN/SB/HI/HIRT | G12: N/A | H12: N/A | I12: N/A | J12: N/A | K12: N/A | N12: IHG6321776-OJT
A13: Candlewood Suites Brand Experience Training | B13: Online | C13: Copy from online course | D13: AMER | F13: Candlewood | H13: IHG058786 | M13: IHG058786-OJT | N13: IHG058786-OJT | P13: IHG058786-OJT
A14: Candlewood Suites Brand Orientation | B14: Online | C14: Copy from online course | D14: AMER & EMEAA | F14: CW | H14: IHG058785 | M14: IHG058785-OJT | N14: IHG058785-OJT | P14: IHG058785-OJT
A15: Crowne Plaza Brand Experience Training | B15: Online | C15: Copy from online course | D15: Global | F15: CP | I15: IHG057984 | J15: IHG062884-ZH | K15: IHG058303 | N15: IHG057984-OJT | O15: IHG062884-ZH-OJT | P15: IHG058303-OJT
A16: Crowne Plaza Brand Orientation | B16: Online | C16: Copy from online course | D16: Global | F16: CP | H16: IHG051234 | J16: IHG051234-ZH | M16: IHG051234-OJT | N16: IHG051234-OJT | O16: IHG051234-ZH-OJT | P16: IHG051234-OJT
A17: Crowne Plaza Dare to Connect Brand Operation Training | B17: Online | C17: Copy from online course | D17: GC | F17: CP | J17: IHG062783-ZH | O17: IHG062783-ZH-OJT
A18: Crowne Plaza Ignite Menu Programme Video - Recipes | B18: Online | C18: Copy from online course | D18: AMER | F18: CRWN | I18: IHG057307-EN (N AMER) IHG057307-ES (LATIN AMER) | J18: n/a | K18: n/a | N18: IHG057307-EN-OJT IHG057307-ES-OJT
A19: Crowne Plaza Ignite Menu Programme Video - Service | B19: Online | C19: Copy from online course | D19: AMER | E19: US & Canada | F19: CRWN | I19: IHG0057306 | J19: n/a | K19: n/a | N19: IHG0057306-OJT
A20: Crowne Plaza Meeting Essentials | B20: Online | C20: Copy from online course | D20: AMER | F20: CRWN | I20: IHG0048244 | N20: IHG0048244-OJT
A21: Crowne Plaza Power up Mornings Breakfast Program | B21: Online | C21: Copy from online course | D21: AMER | F21: CRWN | I21: IHG057363 | N21: IHG057363-OJT
A22: Digital Check-in | B22: Online | C22: Copy from online course | D22: AMER | E22: US & Canada | F22: All | I22: IHG0061303 | N22: IHG0061303-OJT
A23: EVEN Brand Hallmarks | B23: OJT only | C23: Review hallmarks are understood. | D23: AMER | E23: n/a | F23: EVEN Hotels | G23: n/a | H23: n/a | I23: n/a | J23: n/a | K23: n/a | N23: IHG2702277-OJT
A24: Even Hotels Brand Service Training | B24: Online | C24: Copy from online course | D24: Global | F24: Even | H24: IHG7942569 | J24: IHG7942569-ZH | M24: IHG7942569-OJT | N24: IHG7942569-OJT | O24: IHG7942569-ZH-OJT | P24: IHG7942569-OJT
A25: The Express Start Breakfast Bar Experience - US & Canada | B25: Online | C25: Copy from online course | D25: AMER | E25: US & Canada | F25: HIEX | I25: IHG052206 | N25: IHG052206-OJT
A26: First Aid | B26: OJT only | C26: Basic first aid training for hotels | D26: AMER & EMEAA | E26: n/a | F26: all | G26: n/a | H26: n/a | I26: n/a | J26: n/a | K26: n/a | M26: IHG1885862-OJT | N26: IHG1885862-OJT | P26: IHG1885862-OJT
A27: Fitness Equipment training | B27: OJT only | C27: Review of instructions to operate all fitness equipment | D27: AMER | F27: EVEN Hotels | G27: N/A | H27: N/A | I27: N/A | J27: N/A | K27: n/a | N27: IHG6974268-OJT
A28: Food & Beverage training | B28: OJT only | C28: Select the relevant area )Breakfast / Dinner / Bar) review all documents. | D28: AMER | F28: EVEN Hotels | G28: N/A | H28: N/A | I28: N/A | J28: N/A | K28: N/A | N28: IHG4631229-OJT
A29: Garner Brand Service Training | B29: Online | C29: Copy from online course | D29: AMER | F29: Garner | I29: IHG2096323 | N29: IHG2096323-OJT
A30: Handling Credit Cards Securely | B30: Online | C30: Copy from online course | D30: Global | E30: n/a | F30: all | H30: IHG0047626 | J30: IHG0047626-ZH | M30: IHG0047626-OJT | N30: IHG0047626-OJT | O30: IHG0047626-ZH-OJT | P30: IHG0047626-OJT
A31: Health & Safety, Security an Emergency Procedures | B31: OJT only | C31: Equips colleagues with all required Health & Safety, Security and Emergency Procedures | D31: AMER & EMEAA | F31: All - except HICV | G31: n/a | H31: n/a | I31: n/a | J31: n/a | K31: n/a | M31: IHG9191264-OJT | N31: IHG9191264-OJT | P31: IHG9191264-OJT
A32: Holiday Inn Brand Operations Training | B32: Online | C32: Copy from online course | D32: GC | F32: HI | J32: IHG059203-ZH | O32: IHG059203-ZH-OJT
A33: Holiday Inn Brand Service Training | B33: Online | C33: Copy from online course | D33: Global | F33: HI | H33: IHG3075650 | J33: IHG3075650-ZH | M33: IHG3075650-OJT | N33: IHG3075650-OJT | O33: IHG3075650-ZH-OJT | P33: IHG3075650-OJT
A34: Holiday Inn C.A.S.H - Core Menu | B34: Online | C34: Copy from online course | D34: AMER | E34: n/a | F34: Holiday Inn | G34: n/a | I34: IHG052303 | J34: n/a | K34: n/a | N34: IHG052303-OJT
A35: Holiday Inn C.A.S.H - Sequence of Service | B35: Online | C35: Copy from online course | D35: AMER | E35: US & Canada | F35: Holiday Inn | G35: n/a | I35: IHG052304 | J35: n/a | K35: n/a | N35: IHG052304-OJT
A36: Holiday Inn Express Brand Operations Training | B36: Online | C36: Copy from online course | D36: GC | F36: HIEX | J36: IHG0063063-ZH | O36: IHG0063063-ZH-OJT
A37: Holiday Inn Express Brand Service Training | B37: Online | C37: Copy from online course | D37: Global | F37: HIEX | H37: IHG4548388 | J37: IHG4548388-ZH | M37: IHG4548388-OJT | N37: IHG4548388-OJT | O37: IHG4548388-ZH-OJT | P37: IHG4548388-OJT
A38: Holiday Inn Start Fresh Breakfast Program | B38: Online | C38: Copy from online course | D38: AMER | E38: US & Canada | F38: Holiday Inn | G38: n/a | I38: IHG051964 | J38: n/a | K38: n/a | N38: IHG051964-OJT
A39: Hotel Indigo Inspire New Stories Brand Experience Training | B39: Online | C39: Copy from online course | D39: Global | F39: IND | H39: IHG0064463 | J39: IHG0064463-ZH | M39: IHG0064483-OJT | N39: IHG0064483-OJT | O39: IHG0064483-ZH-OJT | P39: IHG0064483-OJT
A40: Hotel Indigo Inspire New Stories Brand Orientation | B40: Online | C40: Copy from online course | D40: Global | F40: IND | H40: IHG0064483 | J40: IHG0064483-ZH | M40: IHG0064483-OJT | N40: IHG0064483-OJT | O40: IHG0064483-ZH-OJT | P40: IHG0064483-OJT
A41: Housekeeping Safety Device (US & Canada only) | B41: OJT only | C41: Safety Device Training | D41: AMER | E41: US & Canada | F41: all | G41: N/A | H41: N/A | I41: N/A | J41: N/A | K41: N/A | N41: IHG8611503-OJT
A42: Getting to Know IHG Concerto | B42: Online | C42: Copy from online course | D42: AMER & EMEAA | F42: ALL | G42: IHG0049491 | L42: IHG0049491-OJT | N42: IHG0049491-OJT | O42: IHG0049491-OJT | P42: IHG0049491-OJT
A43: IHG Voice Program Training | B43: Online | C43: Copy from online course | D43: Global | F43: ALL | G43: IHG0054667 | L43: IHG0054667-OJT | N43: IHG0054667-OJT | O43: IHG0054667-OJT | P43: IHG0054667-OJT
A44: IHG Way of Clean 5-S Cleaning Program | B44: Online | C44: Copy from online course | D44: AMER & EMEAA | E44: n/a | F44: All - except HICV | G44: n/a | H44: IHG7376524 | I44: n/a | J44: n/a | K44: n/a | M44: IHG7376524-OJT | N44: IHG7376524-OJT | P44: IHG7376524-OJT
A45: IHG Way of Clean 5-S Cleaning Program for Non-Housekeeping Colleagues | B45: Online | C45: Copy from online course | D45: AMER & EMEAA | E45: n/a | F45: All - except HICV | G45: n/a | H45: IHG1227263 | I45: n/a | J45: n/a | K45: n/a | M45: IHG1227263-OJT | N45: IHG1227263-OJT | P45: IHG1227263-OJT
A46: IHG World Class Beverage Academy - 101 Essentials | B46: Online | C46: Copy from online course | D46: AMER & EMEAA | E46: n/a | F46: All | G46: n/a | H46: IHG052185 | M46: IHG052185-OJT | N46: IHG052185-OJT | P46: IHG052185-OJT
A47: InterContinental Hotels and Resorts Brand Orientation | B47: Online | C47: Copy from online course | D47: Global | F47: IC | H47: IHG051925 | J47: IHG051925-ZH | M47: IHG051925-OJT | N47: IHG051925-OJT | O47: IHG051925-ZH-OJT | P47: IHG051925-OJT
A48: Introduction to Information Security | B48: Online | C48: Copy from online course | D48: Global | E48: n/a | F48: all | G48: n/a | H48: IHG0047625 | J48: IHG0047625-ZH | M48: IHG0047625-OJT | N48: IHG0047625-OJT | O48: IHG0047625-ZH-OJT | P48: IHG0047625-OJT
A49: Leading and Sustaining your Service Culture | B49: Online | C49: Copy from online course | D49: Global | E49: n/a | F49: all | G49: n/a | H49: IHG0056403 | J49: IHG0056403-ZH | M49: IHG0056403-OJT | N49: IHG0056403-OJT | O49: IHG0056403-ZH-OJT | P49: IHG0056403-OJT
A50: Luxury Fundamentals | B50: Online | C50: Copy from online course | D50: Global | E50: n/a | F50: ICON; ICRT; KIMP; REGT; VIGN | G50: n/a | H50: IHG0063363 | J50: IHG0063363-ZH | M50: IHG0063363-OJT | N50: IHG0063363-OJT | O50: IHG0063363-ZH-OJT | P50: IHG0063363-OJT
A51: Preventing Human Trafficking | B51: Online | C51: Copy from online course | D51: AMER & EMEAA | E51: n/a | F51: All | G51: n/a | I51: IHG0057043-v2024 | K51: IHG0057043 | N51: IHG0057043-v2024-OJT | O51: IHG0057043-ZH-OJT | P51: IHG0057043-OJT
A52: IHG Problem Handling V2 | B52: Online | C52: Copy from online course | D52: Global | E52: n/a | F52: All - except HICV | G52: n/a | H52: IHG056045 | J52: IHG056045-ZH | M52: IHG056045-OJT | N52: IHG056045-OJT | O52: IHG056045-ZH -OJT | P52: IHG056045-OJT
A53: Property Management System (PMS) | B53: OJT only | C53: Training for all colleagues how to operate the hotel's Property Management System. | D53: AMER | E53: n/a | F53: All | G53: N/A | H53: N/A | I53: N/A | J53: N/A | K53: N/A | N53: IHG5969164-OJT
A54: Property Orientation | B54: OJT only | C54: Physical tour of hotel, heart of house and front of house for all new team member. | D54: Global | F54: All | G54: N/A | H54: N/A | I54: N/A | J54: N/A | K54: N/A | L54: IHG8342629-OJT | N54: IHG8342629-OJT | O54: IHG8342629-OJT | P54: IHG8342629-OJT
A55: Service Optimization Quore for avid Hotels | B55: Online | C55: Copy from online course | D55: AMER | F55: Avid | H55: IHG0058563 | M55: IHG0058563-OJT | N55: IHG0058563-OJT | P55: IHG0058563-OJT
A56: Staybridge Suites Brand Experience Training | B56: Online | C56: Copy from online course | D56: Global | F56: STBS | G56: IHG058784 | L56: IHG058784-OJT | N56: IHG058784-OJT | O56: IHG058784-OJT | P56: IHG058784-OJT
A57: Staybridge Suites Brand Orientation | B57: Online | C57: Copy from online course | D57: Global | F57: SB | H57: IHG058783 | M57: IHG058783-OJT | N57: IHG058783-OJT | P57: IHG058783-OJT
A58: Staybridge Suites Breakfast Training Program | B58: Online | C58: Copy from online course | D58: AMER | F58: STBS | H58: IHG057244 | M58: IHG057244-OJT | N58: IHG057244-OJT | P58: IHG057244-OJT
A59: Staybridge Suites The Social Training Program | B59: Online | C59: Copy from online course | D59: AMER | F59: STBS | H59: IHG4839915 | M59: IHG4839915-OJT | N59: IHG4839915-OJT | P59: IHG4839915-OJT
A60: True Hospitality Service Skills | B60: Online | C60: Copy from online course | D60: Global | E60: n/a | F60: All - except HICV | G60: n/a | H60: IHG051263 | J60: IHG051263-ZH | M60: IHG051263-OJT | N60: IHG051263-OJT | O60: IHG051263-ZH-OJT | P60: IHG051263-OJT
A61: voco Hotels Brand Experience Training | B61: Online | C61: Copy from online course | D61: Global | F61: voco | H61: IHG0066043 | M61: IHG0066043-OJT | N61: IHG0066043-OJT | P61: IHG0066043-OJT
A62: voco hotels Brand Orientation Training | B62: Online | C62: Copy from online course | D62: Global | F62: voco | H62: IHG0065384 | M62: IHG0065384-OJT | N62: IHG0065384-OJT | P62: IHG0065384-OJT
A63: Welcome to IHG | B63: Online | C63: Copy from online course | D63: Global | E63: n/a | F63: All - except HICV | G63: n/a | H63: IHG058044 | J63: IHG058044-ZH | M63: IHG058044-OJT | N63: IHG058044-OJT | O63: IHG058044-ZH-OJT | P63: IHG058044-OJT
A64: Welcome to Kimpton! A Cultural Orientation | B64: Online | C64: Copy from online course | D64: AMER | F64: Kimp | I64: IHG0061384 | N64: IHG0061384-OJT
A65: Regent Brand Orientation | B65: OJT only | C65: The Brand Orientation workshop is one of our TRAIN People Tools, designed to convey key messages related to the Regent hotel brand. | D65: Global | E65: n/a | F65: Regent | M65: IHG2170824-OJT | O65: IHG2170824-ZH-OJT | P65: IHG2170824-OJT
A66: Regent Brand Experience Training | B66: OJT only | C66: Regent Brand Experience Training will guide you in the application of what you learned in Brand Orientation. | D66: Global | E66: n/a | F66: Regent | M66: IHG2466648-OJT | O66: IHG2466648-ZH-OJT | P66: IHG2466648-OJT
A67: Vignette Collection Brand Orientation | B67: OJT only | C67: The Brand Orientation workshop is one of our TRAIN People Tools, aimed at conveying key messages related to the Vignette Collection hotel brand. | D67: GC | E67: n/a | F67: Vignette Collection | O67: IHG1995111-ZH-OJT
A68: Vignette Collection Brand Experience Training | B68: OJT only | F68: Vignette Collection

Sheet OJT Links
A1: Course Name | B1: Activity Type | C1: Modality | D1: Business Owner & Department: | E1: Activity Code | F1: Estimated Duration In Hours | G1: Activity Full Description | H1: Course Link
A2: Introduction to Information Security | B2: OJT Course | C2: Core | D2: Frankie Bates Information Security | E2: IHG0047625-OJT | G2: OJT Essential training for everyone who uses a computer system at your hotel The training module provides you with practical advice on the things you can do to protect the personal information of our Guests and Employees. Your hotel collects and stores personal information from Guests and Employees in order to function. Protecting this information is everyone's responsibility. This training is applicable to all hotel employees who either handle personal information, or who use a computer system at your hotel. It should be used as part of the employee induction process and as a yearly refresher and supports your PCI DSS compliance efforts. | H2: https://mylearning.sumtotal.host/core/pillarRedirect?relyingParty=LM&url=app%2Fmanagement%2FLMS_ActDetails.aspx%3FActivityId%3D596770%26UserMode%3D0
A3: Introduction to Information Security | B3: OJT Course | C3: Core | E3: IHG0047625-ZH-OJT | G3: OJT | H3: https://mylearning.sumtotal.host/core/pillarRedirect?relyingParty=LM&url=app%2Fmanagement%2FLMS_ActDetails.aspx%3FActivityId%3D596771%26UserMode%3D0
A4: Crowne Plaza Meeting Essentials eLearning | B4: OJT Course | C4: Core | D4: Melissa McFarland GXSS | E4: IHG0048244-OJT | G4: OJT | H4: https://mylearning.sumtotal.host/core/pillarRedirect?relyingParty=LM&url=app%2Fmanagement%2FLMS_ActDetails.aspx%3FActivityId%3D595003%26UserMode%3D0
A5: Getting to Know IHG Concerto | B5: OJT Course | C5: Core | D5: Kay Sawyer Global Business Readiness & Training | E5: IHG0049491-OJT | G5: OJT Getting to Know IHG Concerto is our technology offering that revolutionizes the way your hotel satisfies guests, builds loyalty, and increases revenue. Learn more about the key features of Getting to Know IHG Concerto: an interactive dashboard intuitive, easy-to-use features seamless navigation between functions at-a-glance insights and mini-concierge information You and your colleagues have different responsibilities at the hotel, so based on your role, you will have access to the key functions and information tailored to your responsibilities. To learn more about Reservations or Rate & Inventory Management, register for ‘GRS Fundamentals’ in myLearning. To learn more about Yielding & Price Optimization, register for ‘RMS Fundamentals’ in myLearning. | H5: https://mylearning.sumtotal.host/core/pillarRedirect?relyingParty=LM&url=app%2Fmanagement%2FLMS_ActDetails.aspx%3FActivityId%3D595027%26UserMode%3D0
A6: IHG Voice Program Training | B6: OJT Course | C6: Core | E6: IHG0054667-OJT | G6: OJT This course is designed to provide you with all of the training materials to familiarize yourself with IHG Voice and the many benefits it can provide to your hotel and your guests. | H6: https://mylearning.sumtotal.host/core/pillarRedirect?relyingParty=LM&url=app%2Fmanagement%2FLMS_ActDetails.aspx%3FActivityId%3D595030%26UserMode%3D0
A7: Leading and Sustaining your Service Culture | B7: OJT Course | C7: Core | E7: IHG0056403-OJT | G7: OJT As a leader in an IHG hotel, it is important for you to have the knowledge and tools needed to lead and sustain the service culture for your brand. This course will help you understand IHG's approach to service culture and the key skills effective leaders use to enable great guest experiences. Whether you are new to your role or a seasoned professional, this training provides practical advice, valuable information, and access to tools to bring the brand to life at your hotel. | H7: https://mylearning.sumtotal.host/core/pillarRedirect?relyingParty=LM&url=app%2Fmanagement%2FLMS_ActDetails.aspx%3FActivityId%3D596772%26UserMode%3D0
A8: Leading and Sustaining your Service Culture | B8: OJT Course | C8: Core | E8: IHG0056403-ZH-OJT | G8: OJT | H8: https://mylearning.sumtotal.host/core/pillarRedirect?relyingParty=LM&url=app%2Fmanagement%2FLMS_ActDetails.aspx%3FActivityId%3D596773%26UserMode%3D0
A9: Preventing Human Trafficking | B9: OJT Course | C9: Core | E9: IHG0057043-OJT | G9: OJT This session is a broad overview of the human/sex trafficking, rights of children, and department-specific examples of how to identify signs of trafficking (front desk, bars, housekeeping), including how to report suspected trafficking to law enforcement and refer victims to national support services. | H9: https://mylearning.sumtotal.host/core/pillarRedirect?relyingParty=LM&url=app%2Fmanagement%2FLMS_ActDetails.aspx%3FActivityId%3D468092%26UserMode%3D0
A10: Preventing Human Trafficking | B10: OJT Course | C10: Core | E10: IHG0057043-v2024-OJT | G10: OJT This session is a broad overview of the human/sex trafficking, rights of children, and department-specific examples of how to identify signs of trafficking (front desk, bars, housekeeping), including how to report suspected trafficking to law enforcement and refer victims to national support services. | H10: https://mylearning.sumtotal.host/core/pillarRedirect?relyingParty=LM&url=app%2Fmanagement%2FLMS_ActDetails.aspx%3FActivityId%3D468091%26UserMode%3D0
A11: Preventing Human Trafficking | B11: OJT Course | C11: Core | E11: IHG0057043-ZH-OJT | G11: OJT | H11: https://mylearning.sumtotal.host/core/pillarRedirect?relyingParty=LM&url=app%2Fmanagement%2FLMS_ActDetails.aspx%3FActivityId%3D468093%26UserMode%3D0
A12: Crowne Plaza IGNITE Menu Program Videos - Service | B12: OJT Course | C12: Core | E12: IHG0057306-OJT | G12: OJT&nbsp;&nbsp;&nbsp;The Crowne Plaza IGNITE Menu program curriculum explores the key ingredients and service sparks of successful restaurant execution. It's designed to elevate the experience for our Modern Business Traveler and enhance the skills and execution of kitchen, restaurant, and bar colleagues. Let’s get fired up to deliver better experiences! This training covers Crowne Plaza IGNITE Service Training. When you've completed this, be sure to look for the Crowne Plaza IGNITE Recipes training. | H12: https://mylearning.sumtotal.host/core/pillarRedirect?relyingParty=LM&url=app%2Fmanagement%2FLMS_ActDetails.aspx%3FActivityId%3D595002%26UserMode%3D0
A13: Service Optimization Quore for avid hotels | B13: OJT Course | C13: Core | E13: IHG0058563-OJT | G13: OJT Quore is a required tool used to streamline operations and deliver the avid™ hotels Guarantee . From tracking daily tasks, to simplifying cleaning and management of rooms, Quore provides a user-friendly platform to make your life easier no matter your role. With the ability to collaborate between departments, it also provides greater communication and visibility to ensure your guests have the best stay possible. This microlearning course is designed to provide informative video and article content for avid hotel colleagues on the most important apps used in your day to day role. Each section is broken down in easy to access sections for just in time learning. | H13: https://mylearning.sumtotal.host/core/pillarRedirect?relyingParty=LM&url=app%2Fmanagement%2FLMS_ActDetails.aspx%3FActivityId%3D596774%26UserMode%3D0
A14: Digital Check-In | B14: OJT Course | C14: Core | D14: Kay Sawyer, Global Business Readiness & Training | E14: IHG0061303-OJT | G14: OJT Digital Check-In powered by Getting to Know IHG Concerto combines enhancements to the IHG app with updated front desk processes using Getting to Know IHG Concerto™ to enable a more streamlined experience that limits contact at the front desk. All employees who complete pre-arrival work or check-in guests should complete this training. Once opened, this training is organized into several small sections. You may choose to complete them all at one time or come and go as your schedule allows. We expect you'll finish in 20-30 minutes but feel free to take as much time as you need. | H14: https://mylearning.sumtotal.host/core/pillarRedirect?relyingParty=LM&url=app%2Fmanagement%2FLMS_ActDetails.aspx%3FActivityId%3D595005%26UserMode%3D0
A15: Welcome to Kimpton! A Cultural Orientation | B15: OJT Course | C15: Core | D15: Jennifer Seymour, Kimpton Hotels People & Culture | E15: IHG0061384-OJT | G15: OJT | H15: https://mylearning.sumtotal.host/core/pillarRedirect?relyingParty=LM&url=app%2Fmanagement%2FLMS_ActDetails.aspx%3FActivityId%3D596787%26UserMode%3D0
A16: Luxury Fundamentals | B16: OJT Course | E16: IHG0063363-OJT | G16: OJT&nbsp;&nbsp;&nbsp;This course is for General Managers, Department Heads, other key leaders, Front of House colleagues and Heart of House colleagues at the hotel. Luxury Fundamentals is specifically designed as an introductory learning that helps demonstrate luxury service at IHG. It will equip colleagues with the knowledge, expertise, and confidence needed to meet the evolving expectations of guests. The course will cover 3 chapters: Chapter 1: What is Luxury? Chapter 2: Today's Luxury Consumer, and Chapter 3: Luxury Service Behaviours. There are three (3) different learning pathways: Hotel Leaders includes Chapter 1, 2, and 3. Front of House (FOH) includes Chapter 1, 2, and 3. Heart of House (HOH) includes Chapter 3. | H16: https://mylearning.sumtotal.host/core/pillarRedirect?relyingParty=LM&url=app%2Fmanagement%2FLMS_ActDetails.aspx%3FActivityId%3D468098%26UserMode%3D0
A17: Luxury Fundamentals | B17: OJT Course | C17: Core | E17: IHG0063363-ZH-OJT | G17: OJT | H17: https://mylearning.sumtotal.host/core/pillarRedirect?relyingParty=LM&url=app%2Fmanagement%2FLMS_ActDetails.aspx%3FActivityId%3D468099%26UserMode%3D0
A18: Hotel Indigo Inspire New Stories Brand Orientation | B18: OJT Course | C18: Core | D18: Lindsay Goldman Brands | E18: IHG0064483-OJT | G18: OJT Brand Orientation is the start of your exciting journey to become a Hotel Indigo Neighborhood Host. Everything you do at Hotel Indigo is driven by a deep connection with your neighborhood. You will learn to welcome guests into your neighborhood, how you can inspire them to explore and discover different perspectives and help them to create new stories of their own. | H18: https://mylearning.sumtotal.host/core/pillarRedirect?relyingParty=LM&url=app%2Fmanagement%2FLMS_ActDetails.aspx%3FActivityId%3D595025%26UserMode%3D0
A19: voco hotels Brand Orientation Training | B19: OJT Course | C19: Core | D19: Sian Quesnell voco & Vignette collection Brand Management | E19: IHG0065384-OJT | G19: OJT Welcome to Brand Orientation - the start of your voco hotels learning journey. In this interactive training you'll discover all about the voco brand, how our brand promise - reliably different - comes to life in our hotels, and what our guests expect and value during their stay. You'll learn that in voco hotels, everyone's a host – and we'll introduce you to our three service behaviours, which guide you on how to 'host' our guests from the moment they arrive, to the moment they leave. | H19: https://mylearning.sumtotal.host/core/pillarRedirect?relyingParty=LM&url=app%2Fmanagement%2FLMS_ActDetails.aspx%3FActivityId%3D596786%26UserMode%3D0
A20: avid hotels 'Just right' Brand Orientation Training | B20: OJT Course | C20: Core | D20: Hayley Jackson Brands | E20: IHG0065403-OJT | G20: OJT At avid hotels, the essentials are done exceptionally well, and consistently, at a fair price. This Brand Orientation training is for all existing and new team members and will provide learners with information about the avid hotels brand, our guests - Principled Everyday Travelers, our brand promise - Where the 'rest' is easy, and our service style - We make every stay 'Just right'. | H20: https://mylearning.sumtotal.host/core/pillarRedirect?relyingParty=LM&url=app%2Fmanagement%2FLMS_ActDetails.aspx%3FActivityId%3D593205%26UserMode%3D0
A21: avid hotels 'Just right' Brand Experience Training | B21: OJT Course | C21: Core | D21: Hayley Jackson Brands | E21: IHG0065503-OJT | G21: OJT At avid hotels, we make every stay 'Just right'. Our people are key to bringing our brand promise, where the 'rest' is easy, to life through the way we deliver service. This course equips existing and new team members with the knowledge, skills, and tools necessary to deliver the desired guest experience for avid hotels with a focus on our 'Just right' service style. | H21: https://mylearning.sumtotal.host/core/pillarRedirect?relyingParty=LM&url=app%2Fmanagement%2FLMS_ActDetails.aspx%3FActivityId%3D593204%26UserMode%3D0
A22: avid hotels Just Right Brand Standards Guidance Training | B22: OJT Course | C22: Core | D22: Hayley Jackson Brands | E22: IHG0065583-OJT | G22: OJT&nbsp;&nbsp;&nbsp;You have already completed the avid hotels ‘Just right’ Brand Orientation and ‘Just right’ Brand Experience Training courses. Now, this Brand Standards Guidance Training course will show you how to integrate avid hotels service behaviors into your everyday work. By implementing these specific service actions, you can consistently and enthusiastically deliver the brand promise and brand standards to your guests. | H22: https://mylearning.sumtotal.host/core/pillarRedirect?relyingParty=LM&url=app%2Fmanagement%2FLMS_ActDetails.aspx%3FActivityId%3D593206%26UserMode%3D0
A23: voco hotels Brand Experience training | B23: OJT Course | C23: Core | D23: Stephanie Ochoa, Global Learning | E23: IHG0066043-OJT | G23: OJT In this voco™ hotels Brand Experience training, you'll get to explore the valuable role you play in bringing our service style and service behaviours to life for guests, every time they stay with us. Through our voco extras and hosted moments, you'll learn how we add thoughtful touches and acts of kindness, creating unique and memorable moments which guests will love. At the end of the training, you'll discover how your voco learning journey will continue, with job-specific practice and activities to help you become a great voco host. | H23: https://mylearning.sumtotal.host/core/pillarRedirect?relyingParty=LM&url=app%2Fmanagement%2FLMS_ActDetails.aspx%3FActivityId%3D596785%26UserMode%3D0
A24: Crowne Plaza Brand Orientation | B24: OJT Course | C24: Core | E24: IHG051234-OJT | G24: OJT The Crowne Plaza brand is changing – challenging the status quo and standing out from the competition. And it all begins with you, our hotel colleagues, and how we work together to deliver an experience that focuses on the professional and personal needs of today’s modern business traveler. And how we’re making business travel work for them, and us. The Crowne Plaza Brand Orientation is a video based learning program that will immerse existing and new colleagues in the Crowne Plaza brand and explain the important role they play in bringing the brand to life through the experiences they create and the way they dare to connect with our guests and each other each and everyday. Individual colleagues can complete the training on their own in approximately 30 minutes. Colleagues will watch four short films (in order) and each film is approximately 3 – 4 minutes long and explores the following topics: • Film 1. Our Brand: Crowne Plaza® Hotels & Resorts • Film 2. Our Guests: Modern Busines | H24: https://mylearning.sumtotal.host/core/pillarRedirect?relyingParty=LM&url=app%2Fmanagement%2FLMS_ActDetails.aspx%3FActivityId%3D593215%26UserMode%3D0
A25: Crowne Plaza Brand Orientation | B25: OJT Course | C25: Core | E25: IHG051234-ZH-OJT | G25: OJT | H25: https://mylearning.sumtotal.host/core/pillarRedirect?relyingParty=LM&url=app%2Fmanagement%2FLMS_ActDetails.aspx%3FActivityId%3D593216%26UserMode%3D0
A26: True Hospitality Service Skills | B26: OJT Course | C26: Core | E26: IHG051263-OJT | G26: OJT The IHG True Hospitality Service Skills course explores essential skills to help you understand and deliver IHG True Hospitality. Learn what True Hospitality means and learn practices to help turn a guest’s ordinary stay into an amazing stay! | H26: https://mylearning.sumtotal.host/core/pillarRedirect?relyingParty=LM&url=app%2Fmanagement%2FLMS_ActDetails.aspx%3FActivityId%3D468089%26UserMode%3D0
A27: True Hospitality Service Skills | B27: OJT Course | C27: Core | E27: IHG051263-ZH-OJT | H27: https://mylearning.sumtotal.host/core/pillarRedirect?relyingParty=LM&url=app%2Fmanagement%2FLMS_ActDetails.aspx%3FActivityId%3D468090%26UserMode%3D0
A28: InterContinental Hotels and Resorts Brand Orientation | B28: OJT Course | C28: Core | E28: IHG051925-OJT | G28: OJT Learners will gain understanding of the brand, it’s history, promise and their role in delivery of the brand. The course looks at characteristics of target guests and the connection between the brand promise and satisfying guest expectations. | H28: https://mylearning.sumtotal.host/core/pillarRedirect?relyingParty=LM&url=app%2Fmanagement%2FLMS_ActDetails.aspx%3FActivityId%3D595031%26UserMode%3D0
A29: InterContinental Hotels and Resorts Brand Orientation | B29: OJT Course | C29: Core | E29: IHG051925-ZH-OJT | G29: OJT | H29: https://mylearning.sumtotal.host/core/pillarRedirect?relyingParty=LM&url=app%2Fmanagement%2FLMS_ActDetails.aspx%3FActivityId%3D595032%26UserMode%3D0
A30: Holiday Inn Start Fresh Breakfast Program | B30: OJT Course | C30: Core | E30: IHG051964-OJT | G30: OJT This course equips colleagues with essential tools and skills to deliver world class breakfast service. Colleagues will gain insight on various gourmet recipe ingredients, methods, and presentation concepts. Colleagues will know how to create and present a desirable breakfast experience consistently and professionally. | H30: https://mylearning.sumtotal.host/core/pillarRedirect?relyingParty=LM&url=app%2Fmanagement%2FLMS_ActDetails.aspx%3FActivityId%3D595018%26UserMode%3D0
A31: IHG World Class Beverage Academy - 101 Essentials | B31: OJT Course | C31: Core | E31: IHG052185-OJT | G31: OJT This IHG World Class Beverage Academy: 101 Essentials course will refresh bar/bartender skills to IHG standards. It equips colleagues with essentials for successfully delivering consistent beverage service and covers important knowledge areas from appearance, table setting, bar setup, bar basics, glassware, non-alcoholic beverages, techniques, and guest experience. Upon completion, bartenders/servers will understand the essentials of beverage service. | H31: https://mylearning.sumtotal.host/core/pillarRedirect?relyingParty=LM&url=app%2Fmanagement%2FLMS_ActDetails.aspx%3FActivityId%3D595029%26UserMode%3D0
A32: The Express Start Breakfast Bar Experience - US & Canada | B32: OJT Course | C32: Core | E32: IHG052206-OJT | G32: OJT This course provides learners with an overview of the Express Start Breakfast Bar Experience including what it is and how colleagues can best deliver it to guests. | H32: https://mylearning.sumtotal.host/core/pillarRedirect?relyingParty=LM&url=app%2Fmanagement%2FLMS_ActDetails.aspx%3FActivityId%3D595007%26UserMode%3D0
A33: Holiday Inn C.A.S.H - Core Menu | B33: OJT Course | C33: Core | E33: IHG052303-OJT | G33: OJT This course works in conjunction with Holiday Inn C.A.S.H. – Sequence of Service and takes menus one step further including delicious recipes from salads to desserts and everything in between. It ensures that Food and Beverage colleagues understand Holiday Inn meal preparation. | H33: https://mylearning.sumtotal.host/core/pillarRedirect?relyingParty=LM&url=app%2Fmanagement%2FLMS_ActDetails.aspx%3FActivityId%3D595015%26UserMode%3D0
A34: Holiday Inn C.A.S.H - Sequence of Service | B34: OJT Course | C34: Core | E34: IHG052304-OJT | G34: OJT Holiday Inn C.A.S.H. provides colleagues with the principles of Consistency, Ambiance, and Service at Holiday Inn. This course prepares learners to deliver the best service and meals possible for guests. The Sequence of Service course takes colleagues from preparation to the dining experience for a comprehensive understanding of evening service. | H34: https://mylearning.sumtotal.host/core/pillarRedirect?relyingParty=LM&url=app%2Fmanagement%2FLMS_ActDetails.aspx%3FActivityId%3D595016%26UserMode%3D0
A35: IHG Problem Handling V2 | B35: OJT Course | C35: Core | E35: IHG056045-OJT | G35: OJT The goal of this course is to provide the learner with the skills that connect all IHG® brands globally and enable them to deliver the service Guests expect each time they visit. The learner will learn to be positive, confident and attentive, and how to respond correctly to problems and complaints in order to deliver True Hospitality to Guests. The skills that make up IHG® IHG Problem Handling V2 will help colleagues provide great service and show Guests that they care. | H35: https://mylearning.sumtotal.host/core/pillarRedirect?relyingParty=LM&url=app%2Fmanagement%2FLMS_ActDetails.aspx%3FActivityId%3D468095%26UserMode%3D0
A36: IHG IHG Problem Handling V2 | B36: OJT Course | C36: Core | E36: IHG056045-ZH-OJT | G36: OJT | H36: https://mylearning.sumtotal.host/core/pillarRedirect?relyingParty=LM&url=app%2Fmanagement%2FLMS_ActDetails.aspx%3FActivityId%3D468096%26UserMode%3D0
A37: Staybridge Suites Breakfast Training Program | B37: OJT Course | C37: Core | E37: IHG057244-OJT | G37: OJT Breakfast is the most important meal of the day and welcomes our guests – inspiring and recharging them for their next big meeting or next adventure – allowing them to Break from the Travel norm. This 30-minute curriculum will provide training to deliver signature muffins, a consistently great breakfast and exceptional guest experience. Divided into 4 modules and a total of 14 videos, you will learn about the tools, recipes, RATIONAL oven and ways to create a sense of belonging and the ability to thrive guests want. | H37: https://mylearning.sumtotal.host/core/pillarRedirect?relyingParty=LM&url=app%2Fmanagement%2FLMS_ActDetails.aspx%3FActivityId%3D596782%26UserMode%3D0
A38: Crowne Plaza IGNITE Menu Program Videos - Recipes (North America) | B38: OJT Course | C38: Core | E38: IHG057307-EN-OJT | G38: OJT | H38: https://mylearning.sumtotal.host/core/pillarRedirect?relyingParty=LM&url=app%2Fmanagement%2FLMS_ActDetails.aspx%3FActivityId%3D595000%26UserMode%3D0
A39: Crowne Plaza IGNITE Menu Program Videos - Recipes (Latin America) | B39: OJT Course | C39: Core | E39: IHG057307-ES-OJT | H39: https://mylearning.sumtotal.host/core/pillarRedirect?relyingParty=LM&url=app%2Fmanagement%2FLMS_ActDetails.aspx%3FActivityId%3D595001%26UserMode%3D0
A40: Crowne Plaza Power Up Mornings Breakfast Program | B40: OJT Course | C40: Core | E40: IHG057363-OJT | G40: OJT This course equips colleagues with essential tools and skills to deliver world class breakfast service to modern business travelers. Colleagues gain insight on service concepts that will benefit the guest, and be more profitable for the hotel. The course consists of 5 subjects and 13 lessons on how to create and present a desirable breakfast experience consistently and professionally, upholding the Crowne Plaza brand promise. | H40: https://mylearning.sumtotal.host/core/pillarRedirect?relyingParty=LM&url=app%2Fmanagement%2FLMS_ActDetails.aspx%3FActivityId%3D595004%26UserMode%3D0
A41: Crowne Plaza Dare to Connect Brand Experience Training - AMER | B41: OJT Course | C41: Core | E41: IHG057984-OJT | G41: OJT Welcome to a different approach to service. Crowne Plaza is reinventing itself and embracing its status as a challenger brand. That means disrupting long-held assumptions about our target guest, the Modern Business Traveler, and disrupting expectations of the role our hotel colleagues play in delivering a great service experience. Our brand promise is “Making Business Travel Work by Bringing Humanity to Business Travel,” and our people are key to bringing this promise to life for our guests through service. This course equips colleagues with the knowledge, skills, and tools necessary to deliver the desired guest experience for Crowne Plaza, especially our Dare to Connect service style. | H41: https://mylearning.sumtotal.host/core/pillarRedirect?relyingParty=LM&url=app%2Fmanagement%2FLMS_ActDetails.aspx%3FActivityId%3D593209%26UserMode%3D0
A42: Welcome to IHG | B42: OJT Course | C42: Core | E42: IHG058044-ZH-OJT | G42: OJT Learn about IHG and the world-famous names that make up who we are. In this course you’ll discover the heritage and values that underpin IHG, the big differences and little details that make each of our brands unique, and – most importantly – what sets us apart from our competitors. We’re all about people, with an IHG hotel for every guest. The values that underpin each of our brands come from our heritage, which goes back over two centuries. | H42: https://mylearning.sumtotal.host/core/pillarRedirect?relyingParty=LM&url=app%2Fmanagement%2FLMS_ActDetails.aspx%3FActivityId%3D466521%26UserMode%3D0
A43: Crowne Plaza Dare to Connect Brand Experience Training - Europe | B43: OJT Course | E43: IHG058303-OJT | G43: OJT Welcome to a different approach to service. Crowne Plaza is reinventing itself and embracing its status as a challenger brand. That means disrupting long-held assumptions about our target guest, the Modern Business Traveler, and disrupting expectations of the role our hotel colleagues play in delivering a great service experience. Our brand promise is “Making Business Travel Work by Bringing Humanity to Business Travel,” and our people are key to bringing this promise to life for our guests through service. This course equips colleagues with the knowledge, skills, and tools necessary to deliver the desired guest experience for Crowne Plaza, especially our Dare to Connect service style. | H43: https://mylearning.sumtotal.host/core/pillarRedirect?relyingParty=LM&url=app%2Fmanagement%2FLMS_ActDetails.aspx%3FActivityId%3D593214%26UserMode%3D0
A44: Staybridge Suites Brand Orientation | B44: OJT Course | C44: Core | E44: IHG058783-OJT | G44: OJT At Staybridge Suites, we’re at the heart of a movement. We exist to help guests conquer the rat race and live the life they believe in, even while on the road. This Brand Orientation training is for all existing and new team members and will provide learners with information about our target guest, The Experienced Traveler; our brand promise, Break From the Travel Norm; and our service style, Create Community. | H44: https://mylearning.sumtotal.host/core/pillarRedirect?relyingParty=LM&url=app%2Fmanagement%2FLMS_ActDetails.aspx%3FActivityId%3D596776%26UserMode%3D0
A45: Staybridge Suites Brand Experience Training | B45: OJT Course | C45: Core | E45: IHG058784-OJT | G45: OJT At Staybridge Suites, we believe our guests deserve more, and it’s always been our mission to provide our guests with a different, distinct experience. Our people are key to bringing our brand promise, Break From the Travel Norm to life through the way we deliver service. This course equips existing and new team members with the knowledge, skills, and tools necessary to deliver the desired guest experience for Staybridge Suites with a focus on our Create Community service style. | H45: https://mylearning.sumtotal.host/core/pillarRedirect?relyingParty=LM&url=app%2Fmanagement%2FLMS_ActDetails.aspx%3FActivityId%3D596775%26UserMode%3D0
A46: Candlewood Suites Brand Orientation | B46: OJT Course | C46: Core | E46: IHG058785-OJT | G46: OJT Candlewood Suites is dedicated to helping guests find a sense of normalcy through a down-to-earth hotel experience when traveling for extended periods. This Brand Orientation training is for all existing and new team members and will provide learners with information about our target guest, The Self-Sufficient Traveler; our brand promise, Your Space to Settle In; and our service style, We’ve Got Your Back. | H46: https://mylearning.sumtotal.host/core/pillarRedirect?relyingParty=LM&url=app%2Fmanagement%2FLMS_ActDetails.aspx%3FActivityId%3D593208%26UserMode%3D0
A47: Candlewood Suites Brand Experience Training | B47: OJT Course | C47: Core | E47: IHG058786-OJT | G47: OJT At Candlewood Suites, we believe every guest should be able to find a sense of normalcy when traveling for extended periods. Our people are key to bringing our brand promise, Your Space to Settle In, to life through the way we deliver service. This course equips existing and new team members with the knowledge, skills, and tools necessary to deliver the desired guest experience for Candlewood Suites with a focus on our We’ve Got Your Back service style. | H47: https://mylearning.sumtotal.host/core/pillarRedirect?relyingParty=LM&url=app%2Fmanagement%2FLMS_ActDetails.aspx%3FActivityId%3D593207%26UserMode%3D0
A48: Holiday Inn Brand Operations Training GC | B48: OJT Course | C48: Core | E48: IHG059203-ZH-OJT | G48: OJT You have already completed the Holiday Inn Orientation and 'Making Guests Smile' Brand Experience Training courses. Now, this Brand Operations Training course will show you how to integrate Holiday Inn Service Actions into your everyday work. By implementing these specific service actions, you can consistently and enthusiastically deliver the Brand Promise.This video-based learning tool shows how to deliver the Holiday Inn brand experience in day-to-day operations.After this training ,you will integrate Holiday Inn service behavior and the Holiday Inn "Smile" into every aspect of your work and be familiar with your role and perform it with passion. | H48: https://mylearning.sumtotal.host/core/pillarRedirect?relyingParty=LM&url=app%2Fmanagement%2FLMS_ActDetails.aspx%3FActivityId%3D595014%26UserMode%3D0
A49: Crowne Plaza Dare to Connect Brand Operation Training (GC) | B49: OJT Course | C49: Core | E49: IHG062783-ZH-OJT | G49: OJT | H49: https://mylearning.sumtotal.host/core/pillarRedirect?relyingParty=LM&url=app%2Fmanagement%2FLMS_ActDetails.aspx%3FActivityId%3D593217%26UserMode%3D0
A50: Crowne Plaza Dare to Connect Brand Experience Training (GC) | B50: OJT Course | E50: IHG062884-ZH-OJT | G50: OJT | H50: https://mylearning.sumtotal.host/core/pillarRedirect?relyingParty=LM&url=app%2Fmanagement%2FLMS_ActDetails.aspx%3FActivityId%3D593211%26UserMode%3D0
A51: Buffet training Program | B51: OJT Course | C51: Core | E51: IHG1057704-OJT | G51: OJT Review opening/closing / mainitaining dining space/problem resolution and steps of service videos | H51: https://mylearning.sumtotal.host/core/pillarRedirect?relyingParty=LM&url=app%2Fmanagement%2FLMS_ActDetails.aspx%3FActivityId%3D601637%26UserMode%3D0
A52: IHG Way of Clean 5-S Cleaning Program for Non-Housekeeping Colleagues | B52: OJT Course | C52: Core | D52: Rebecca Indarte – VP Multi Brand Solutions (MBS) | E52: IHG1227263-OJT | G52: OJT Enhance your hotel’s cleanliness and guest experience with the IHG Way of Clean. No matter your role, we all have a part to play in helping create a culture of clean at every IHG hotel. This condensed course highlights key elements from the 5-S cleaning program to keep the health and safety of colleagues and guests everyone’s top priority. | H52: https://mylearning.sumtotal.host/core/pillarRedirect?relyingParty=LM&url=app%2Fmanagement%2FLMS_ActDetails.aspx%3FActivityId%3D595028%26UserMode%3D0
A53: Art of Breakfast | B53: OJT Course | C53: Core | E53: IHG1353819-OJT | G53: OJT Review the Art of Breakfast Training Manual | H53: https://mylearning.sumtotal.host/core/pillarRedirect?relyingParty=LM&url=app%2Fmanagement%2FLMS_ActDetails.aspx%3FActivityId%3D601508%26UserMode%3D0
A54: Avid hotels and Candlewood Suites Dual - Brand Service Training | B54: OJT Course | C54: Core | D54: Courtney Kent | E54: IHG1645990-OJT | G54: OJT "This service training is designed to equip all team members with knowledge on the brand, guests, and service behaviors to deliver the avid hotels® and Candlewood Suites® Dual-Brand guest experience. | H54: https://mylearning.sumtotal.host/core/pillarRedirect?relyingParty=LM&url=app%2Fmanagement%2FLMS_ActDetails.aspx%3FActivityId%3D472810%26UserMode%3D0
A55: Atwell Suites Brand Service Training | B55: OJT Course | C55: Core | D55: Courtney Kent, Atwell Suites Lead | E55: IHG1667137-OJT | G55: OJT This service training is designed to equip all team members, new and existing, with knowledge on the brand, guests, and service behaviors to deliver the Atwell Suites guest experience. This training will also provide the tools necessary to deliver on the Atwell Suites Brand Promise: "Enable enriching experiences that accelerate personal growth for guests | H55: https://mylearning.sumtotal.host/core/pillarRedirect?relyingParty=LM&url=app%2Fmanagement%2FLMS_ActDetails.aspx%3FActivityId%3D593195%26UserMode%3D0
A56: First Aid | B56: OJT Course | E56: IHG1885862-OJT | G56: OJT Basic first aid training for hotels | H56: https://mylearning.sumtotal.host/core/pillarRedirect?relyingParty=LM&url=app%2Fmanagement%2FLMS_ActDetails.aspx%3FActivityId%3D601671%26UserMode%3D0
A57: Vignette Collection Brand Orientation | B57: OJT Course | C57: Core | E57: IHG1995111-ZH-OJT | G57: OJT The Brand Orientation workshop is one of our TRAIN People Tools, aimed at conveying key messages related to the Vignette Collection hotel brand. | H57: https://mylearning.sumtotal.host/core/pillarRedirect?relyingParty=LM&url=app%2Fmanagement%2FLMS_ActDetails.aspx%3FActivityId%3D603057%26UserMode%3D0
A58: Garner Brand Service Training | B58: OJT Course | C58: Core | D58: Michael Gayton | E58: IHG2096323-OJT | G58: OJT The secret to the Garner brand’s success is you! This interactive eLearning is personalized to you and introduces you to the Garner brand and its valued guests. | H58: https://mylearning.sumtotal.host/core/pillarRedirect?relyingParty=LM&url=app%2Fmanagement%2FLMS_ActDetails.aspx%3FActivityId%3D595008%26UserMode%3D0
A59: Regent Brand Orientation | B59: OJT Course | C59: Core | E59: IHG2170824-ZH-OJT | G59: OJT The Brand Orientation workshop is one of our TRAIN People Tools, designed to convey key messages related to the Regent hotel brand. | H59: https://mylearning.sumtotal.host/core/pillarRedirect?relyingParty=LM&url=app%2Fmanagement%2FLMS_ActDetails.aspx%3FActivityId%3D603036%26UserMode%3D0
A60: Regent Brand Experience Training | B60: OJT Course | C60: Core | E60: IHG2466648-ZH-OJT | G60: OJT Regent Brand Experience Training will guide you in the application of what you learned in Brand Orientation. | H60: https://mylearning.sumtotal.host/core/pillarRedirect?relyingParty=LM&url=app%2Fmanagement%2FLMS_ActDetails.aspx%3FActivityId%3D603047%26UserMode%3D0
A61: EVEN Brand Hallmarks | B61: OJT Course | C61: Core | E61: IHG2702277-OJT | G61: OJT Review hallmarks are understood. | H61: https://mylearning.sumtotal.host/core/pillarRedirect?relyingParty=LM&url=app%2Fmanagement%2FLMS_ActDetails.aspx%3FActivityId%3D601660%26UserMode%3D0
A62: Holiday Inn Brand Service Training | B62: OJT Course | E62: IHG3075650-OJT | F62: 1 | G62: OJT This service training is designed to equip all team members with knowledge on the brand, guests, and Brand Promise. The training will also demonstrate the ideal brand service experience for Holiday Inn and will provide team members with the tools necessary to deliver the “Making Guests Smile” Service Style. | H62: https://mylearning.sumtotal.host/core/pillarRedirect?relyingParty=LM&url=app%2Fmanagement%2FLMS_ActDetails.aspx%3FActivityId%3D472806%26UserMode%3D0
A63: Holiday Inn Brand Service Training | B63: OJT Course | C63: Core | E63: IHG3075650-ZH-OJT | F63: 1 | G63: OJT | H63: https://mylearning.sumtotal.host/core/pillarRedirect?relyingParty=LM&url=app%2Fmanagement%2FLMS_ActDetails.aspx%3FActivityId%3D472807%26UserMode%3D0
A64: Holiday Inn Express Brand Service Training | B64: OJT Course | C64: Core | E64: IHG4548388-OJT | F64: 0.41999999 | G64: OJT You play a critical role in delivering a branded guest experience at Holiday Inn Express Hotels. This interactive learning will equip you to bring the Mission Made Easy service style to life.&nbsp;&nbsp;&nbsp; | H64: https://mylearning.sumtotal.host/core/pillarRedirect?relyingParty=LM&url=app%2Fmanagement%2FLMS_ActDetails.aspx%3FActivityId%3D471268%26UserMode%3D0
A65: Holiday Inn Express Brand Service Training | B65: OJT Course | C65: Core | E65: IHG4548388-ZH-OJT | G65: OJT You play a critical role in delivering a branded guest experience at Holiday Inn Express Hotels. This interactive learning will equip you to bring the Mission Made Easy service style to life.&nbsp;&nbsp;&nbsp; | H65: https://mylearning.sumtotal.host/core/pillarRedirect?relyingParty=LM&url=app%2Fmanagement%2FLMS_ActDetails.aspx%3FActivityId%3D471269%26UserMode%3D0
A66: Food & Beverage training | B66: OJT Course | C66: Core | E66: IHG4631229-OJT | G66: OJT Select the relevant area (Breakfast / Dinner / Bar) review all documents. | H66: https://mylearning.sumtotal.host/core/pillarRedirect?relyingParty=LM&url=app%2Fmanagement%2FLMS_ActDetails.aspx%3FActivityId%3D601702%26UserMode%3D0
A67: Staybridge Suites The Social Training Program | B67: OJT Course | C67: Core | D67: Colleen Pinto | E67: IHG4839915-OJT | G67: OJT At Staybridge Suites®, we help guests conquer the rat race and live the life they believe in, even while on the road. This includes the ability to relax and unwind at our evening Social Monday thru Wednesday. This curriculum provides training for all staff interacting with The Social to ensure a consistent and exceptional guest experience. Throughout the modules, you will learn what The Social is, how to seamlessly execute the food and beverage served, the important role staff members play and how to Create Community for your guests at The Social. | H67: https://mylearning.sumtotal.host/core/pillarRedirect?relyingParty=LM&url=app%2Fmanagement%2FLMS_ActDetails.aspx%3FActivityId%3D596783%26UserMode%3D0
A68: Property Management System (PMS) | B68: OJT Course | C68: Core | E68: IHG5969164-OJT | G68: OJT Training for all colleagues how to operate the hotel's Property Management System. | H68: https://mylearning.sumtotal.host/core/pillarRedirect?relyingParty=LM&url=app%2Fmanagement%2FLMS_ActDetails.aspx%3FActivityId%3D602920%26UserMode%3D0
A69: Business Services training | B69: OJT Course | C69: Core | E69: IHG6321776-OJT | G69: OJT Training for colleagues on operation of any business services offered to guests (examples: printing, guest accessible computers) | H69: https://mylearning.sumtotal.host/core/pillarRedirect?relyingParty=LM&url=app%2Fmanagement%2FLMS_ActDetails.aspx%3FActivityId%3D601648%26UserMode%3D0
A70: Fitness Equipment training | B70: OJT Course | C70: Core | E70: IHG6974268-OJT | G70: OJT Review of instructions to operate all fitness equipment | H70: https://mylearning.sumtotal.host/core/pillarRedirect?relyingParty=LM&url=app%2Fmanagement%2FLMS_ActDetails.aspx%3FActivityId%3D601691%26UserMode%3D0
A71: Brand Introduction (led by GM or Leader) | B71: OJT Course | C71: Core | E71: IHG7178824-OJT | G71: OJT Discussion and review of IHG and brands by a hotel leader | H71: https://mylearning.sumtotal.host/core/pillarRedirect?relyingParty=LM&url=app%2Fmanagement%2FLMS_ActDetails.aspx%3FActivityId%3D601511%26UserMode%3D0
A72: IHG Way of Clean 5-S Cleaning Program | B72: OJT Course | E72: IHG7376524-OJT | G72: OJT Enhance your hotel’s cleanliness and guest experience the IHG way, with the IHG Way of Clean 5-S Cleaning Program. This course guides room attendants with a systematic approach to hotel cleanliness including how to Survey, Service, Shine, Stage, and Self-Inspect areas to be cleaned. | H72: https://mylearning.sumtotal.host/core/pillarRedirect?relyingParty=LM&url=app%2Fmanagement%2FLMS_ActDetails.aspx%3FActivityId%3D468097%26UserMode%3D0
A73: EVEN Hotels Brand Service Training | B73: OJT Course | E73: IHG7942569-OJT | F73: 0.5 | G73: OJT You play a critical role in delivering a branded guest experience for EVEN Hotels. This interactive learning will be personalized to you, and it will equip you to bring to life the Wellness Their Way service style in your role. | H73: https://mylearning.sumtotal.host/core/pillarRedirect?relyingParty=LM&url=app%2Fmanagement%2FLMS_ActDetails.aspx%3FActivityId%3D472808%26UserMode%3D0
A74: EVEN Hotels Brand Service Training | B74: OJT Course | C74: Core | E74: IHG7942569-ZH-OJT | F74: 0.5 | G74: OJT | H74: https://mylearning.sumtotal.host/core/pillarRedirect?relyingParty=LM&url=app%2Fmanagement%2FLMS_ActDetails.aspx%3FActivityId%3D472809%26UserMode%3D0
A75: Property Orientation | B75: OJT Course | C75: Core | E75: IHG8342629-OJT | G75: OJT Physical tour of hotel, heart of house and front of house for all new team member. | H75: https://mylearning.sumtotal.host/core/pillarRedirect?relyingParty=LM&url=app%2Fmanagement%2FLMS_ActDetails.aspx%3FActivityId%3D603028%26UserMode%3D0
A76: Housekeeping Safety Device (US & Canada only) | B76: OJT Course | C76: Core | E76: IHG8611503-OJT | G76: OJT Safety Device Training | H76: https://mylearning.sumtotal.host/core/pillarRedirect?relyingParty=LM&url=app%2Fmanagement%2FLMS_ActDetails.aspx%3FActivityId%3D601740%26UserMode%3D0
A77: Health & Safety, Security an Emergency Procedures | B77: OJT Course | C77: Core | E77: IHG9191264-OJT | G77: OJT Equips colleagues with all required Health & Safety, Security and Emergency Procedures | H77: https://mylearning.sumtotal.host/core/pillarRedirect?relyingParty=LM&url=app%2Fmanagement%2FLMS_ActDetails.aspx%3FActivityId%3D601724%26UserMode%3D0
A78: Art of Room | B78: OJT Course | C78: Core | E78: IHG9959789-OJT | G78: OJT Review the Art of Room Service Training Manual | H78: https://mylearning.sumtotal.host/core/pillarRedirect?relyingParty=LM&url=app%2Fmanagement%2FLMS_ActDetails.aspx%3FActivityId%3D601510%26UserMode%3D0
A80: Regent Brand Experience | E80: IHG2466648-OJT | H80: https://mylearning.sumtotal.host/core/pillarRedirect?relyingParty=LM&url=app%2Fmanagement%2FLMS_ActDetails.aspx%3FActivityId%3D606314%26UserMode%3D0
A81: Regent Brand Orientation | E81: IHG2170824-OJT | H81: https://mylearning.sumtotal.host/core/pillarRedirect?relyingParty=LM&url=app%2Fmanagement%2FLMS_ActDetails.aspx%3FActivityId%3D606352%26UserMode%3D0
A82: Handling Credit Cards | E82: IHG0047626-OJT | H82: https://mylearning.sumtotal.host/core/pillarRedirect?relyingParty=LM&url=app%2fmanagement%2fLMS_ActDetails.aspx%3fActivityId%3d595012%26UserMode%3d0
A83: Welcome to IHG | E83: IHG058044-OJT | H83: https://mylearning.sumtotal.host/core/pillarRedirect?relyingParty=LM&url=app%2Fmanagement%2FLMS_ActDetails.aspx%3FActivityId%3D606314%26UserMode%3D0
