Workbook

Sheet Colour Guide
A1: Brand | B1: Primary | C1: Secondary
A2: Holiday Inn Express | B2: #002D72 | C2: #9BCBEB | D2: #E35205
A3: Holiday Inn | B3: #1C4B34 | C3: #578272 | D3: #9BC5B7
A4: avid hotels | B4: #68D2DF | C4: #FF0000
A5: Garner | B5: #ABDBC6 | C5: #FBF8EB
A6: Atwell Suites | B6: #6C714D | C6: #E8CEBD | D6: #B46A55
A7: Staybridge Suites | B7: #006980
A8: Candlewood Suites | B8: #9B2241 | C8: #00205B
A9: Even Hotels | B9: #164945
A10: voco | B10: #121217 | C10: #F8B9OD
A11: Crowne Plaza | B11: #A00062 | C11: #515A61
A12: Hotel Indigo | B12: #2E5992 | C12: #D8A400
A13: Vignette | B13: #2E273B | C13: #E9D0D5
A14: Intercontinental | B14: #3D3935 | C14: #CBC5BE
A15: Regent | B15: #D6E3DC | C15: F5E1CC | D15: #211551
A16: Kimpton | B16: #58565C | C16: #FFFFFF

Sheet Regent
A1: Course Title | B1: Instructions | C1: Hyperlink for Access | D1: Access ______ | E1: Not visible to learner: OJT Course ID: | F1: Create OJT Button
A2: Business Services training | B2: Review maunufactor operating manuals for equipment and software. | E2: =_xlfn.XLOOKUP(A2,'OJT IDs'!A:A,'OJT IDs'!N:N,"Not found") -> IHG6321776-OJT | F2: =_xlfn.XLOOKUP(E2,'OJT Links'!E:E,'OJT Links'!H:H,"Not found") -> https://mylearning.sumtotal.host/core/pillarRedirect?relyingParty=LM&url=app%2Fmanagement%2FLMS_ActDetails.aspx%3FActivityId%3D601648%26UserMode%3D0
A3: Digital Check-in | B3: View the videos with your group to complete the learning offer | C3: https://mylearning.sumtotal.host/core/pillarRedirect?relyingParty=LM&url=app%2fmanagement%2fLMS_ActDetails.aspx%3fActivityId%3d41%26UserMode%3d0 | D3: =_xlfn.XLOOKUP(A3,'All Courses'!A:A,'All Courses'!D:D,"Not found") -> course | E3: =_xlfn.XLOOKUP(A3,'OJT IDs'!A:A,'OJT IDs'!N:N,"Not found") -> IHG0061303-OJT | F3: =_xlfn.XLOOKUP(E3,'OJT Links'!E:E,'OJT Links'!H:H,"Not found") -> https://mylearning.sumtotal.host/core/pillarRedirect?relyingParty=LM&url=app%2Fmanagement%2FLMS_ActDetails.aspx%3FActivityId%3D595005%26UserMode%3D0
A4: First Aid | B4: Review your first aid procedures and practices. | E4: =_xlfn.XLOOKUP(A4,'OJT IDs'!A:A,'OJT IDs'!N:N,"Not found") -> IHG1885862-OJT | F4: =_xlfn.XLOOKUP(E4,'OJT Links'!E:E,'OJT Links'!H:H,"Not found") -> https://mylearning.sumtotal.host/core/pillarRedirect?relyingParty=LM&url=app%2Fmanagement%2FLMS_ActDetails.aspx%3FActivityId%3D601671%26UserMode%3D0
A5: Handling Credit Cards Securely | B5: View the videos with your group to complete the learning offer | C5: https://me2.ihgmerlin.com/web/init-ihg-information-security/homeandhttps://me2.ihgmerlin.com/web/init-pci-compliance | D5: =_xlfn.XLOOKUP(A5,'All Courses'!A:A,'All Courses'!D:D,"Not found") -> Resource | E5: =_xlfn.XLOOKUP(A5,'OJT IDs'!A:A,'OJT IDs'!N:N,"Not found") -> IHG0047626-OJT | F5: =_xlfn.XLOOKUP(E5,'OJT Links'!E:E,'OJT Links'!H:H,"Not found") -> Not found
A6: Health & Safety, Security an Emergency Procedures | B6: Review your health safety and security procedures, including fire evacuation plan. | C6: Link | D6: =_xlfn.XLOOKUP(A6,'All Courses'!A:A,'All Courses'!D:D,"Not found") -> course | E6: =_xlfn.XLOOKUP(A6,'OJT IDs'!A:A,'OJT IDs'!N:N,"Not found") -> IHG9191264-OJT | F6: =_xlfn.XLOOKUP(E6,'OJT Links'!E:E,'OJT Links'!H:H,"Not found") -> https://mylearning.sumtotal.host/core/pillarRedirect?relyingParty=LM&url=app%2Fmanagement%2FLMS_ActDetails.aspx%3FActivityId%3D601724%26UserMode%3D0
A7: Housekeeping Safety Device (US & Canada only) | B7: Review maunufactor operating manual for equipment and procedure for action when an alarm is triggered | E7: =_xlfn.XLOOKUP(A7,'OJT IDs'!A:A,'OJT IDs'!N:N,"Not found") -> IHG8611503-OJT | F7: =_xlfn.XLOOKUP(E7,'OJT Links'!E:E,'OJT Links'!H:H,"Not found") -> https://mylearning.sumtotal.host/core/pillarRedirect?relyingParty=LM&url=app%2Fmanagement%2FLMS_ActDetails.aspx%3FActivityId%3D601740%26UserMode%3D0
A8: Getting to Know IHG Concerto | B8: View the videos with your group to complete the learning offer . Once complete, review the assessments as a group. NOTE: Assessment records are not required) | C8: https://mylearning.sumtotal.host/core/pillarRedirect?relyingParty=LM&url=app%2fmanagement%2fLMS_ActDetails.aspx%3fActivityId%3d52090%26UserMode%3d0 | D8: =_xlfn.XLOOKUP(A8,'All Courses'!A:A,'All Courses'!D:D,"Not found") -> course | E8: =_xlfn.XLOOKUP(A8,'OJT IDs'!A:A,'OJT IDs'!N:N,"Not found") -> IHG0049491-OJT | F8: =_xlfn.XLOOKUP(E8,'OJT Links'!E:E,'OJT Links'!H:H,"Not found") -> https://mylearning.sumtotal.host/core/pillarRedirect?relyingParty=LM&url=app%2Fmanagement%2FLMS_ActDetails.aspx%3FActivityId%3D595027%26UserMode%3D0
A9: IHG Voice Program Training | B9: View the videos with your group to complete the learning offer | C9: https://mylearning.sumtotal.host/core/pillarRedirect?relyingParty=LM&url=app%2fmanagement%2fLMS_ActDetails.aspx%3fActivityId%3d2823%26UserMode%3d0 | D9: =_xlfn.XLOOKUP(A9,'All Courses'!A:A,'All Courses'!D:D,"Not found") -> course | E9: =_xlfn.XLOOKUP(A9,'OJT IDs'!A:A,'OJT IDs'!N:N,"Not found") -> IHG0054667-OJT | F9: =_xlfn.XLOOKUP(E9,'OJT Links'!E:E,'OJT Links'!H:H,"Not found") -> https://mylearning.sumtotal.host/core/pillarRedirect?relyingParty=LM&url=app%2Fmanagement%2FLMS_ActDetails.aspx%3FActivityId%3D595030%26UserMode%3D0
A10: IHG Way of Clean 5-S Cleaning Program | B10: View the videos with your group to complete the learning offer . Once complete, review the assessments as a group. NOTE: Assessment records are not required) | C10: Link | D10: =_xlfn.XLOOKUP(A10,'All Courses'!A:A,'All Courses'!D:D,"Not found") -> course | E10: =_xlfn.XLOOKUP(A10,'OJT IDs'!A:A,'OJT IDs'!N:N,"Not found") -> IHG7376524-OJT | F10: =_xlfn.XLOOKUP(E10,'OJT Links'!E:E,'OJT Links'!H:H,"Not found") -> https://mylearning.sumtotal.host/core/pillarRedirect?relyingParty=LM&url=app%2Fmanagement%2FLMS_ActDetails.aspx%3FActivityId%3D468097%26UserMode%3D0
A11: IHG Way of Clean 5-S Cleaning Program for Non-Housekeeping Colleagues | B11: View the videos with your group to complete the learning offer . Once complete, review the assessments as a group. NOTE: Assessment records are not required) | C11: Link | D11: =_xlfn.XLOOKUP(A11,'All Courses'!A:A,'All Courses'!D:D,"Not found") -> course | E11: =_xlfn.XLOOKUP(A11,'OJT IDs'!A:A,'OJT IDs'!N:N,"Not found") -> IHG1227263-OJT | F11: =_xlfn.XLOOKUP(E11,'OJT Links'!E:E,'OJT Links'!H:H,"Not found") -> https://mylearning.sumtotal.host/core/pillarRedirect?relyingParty=LM&url=app%2Fmanagement%2FLMS_ActDetails.aspx%3FActivityId%3D595028%26UserMode%3D0
A12: IHG World Class Beverage Academy - 101 Essentials | B12: View the videos with your group to complete the learning offer . Once complete, review the assessments as a group. NOTE: Assessment records are not required) | C12: Link | D12: =_xlfn.XLOOKUP(A12,'All Courses'!A:A,'All Courses'!D:D,"Not found") -> course | E12: =_xlfn.XLOOKUP(A12,'OJT IDs'!A:A,'OJT IDs'!N:N,"Not found") -> IHG052185-OJT | F12: =_xlfn.XLOOKUP(E12,'OJT Links'!E:E,'OJT Links'!H:H,"Not found") -> https://mylearning.sumtotal.host/core/pillarRedirect?relyingParty=LM&url=app%2Fmanagement%2FLMS_ActDetails.aspx%3FActivityId%3D595029%26UserMode%3D0
A13: Introduction to Information Security | B13: View the videos with your group to complete the learning offer | C13: Link | D13: =_xlfn.XLOOKUP(A13,'All Courses'!A:A,'All Courses'!D:D,"Not found") -> course | E13: =_xlfn.XLOOKUP(A13,'OJT IDs'!A:A,'OJT IDs'!N:N,"Not found") -> IHG0047625-OJT | F13: =_xlfn.XLOOKUP(E13,'OJT Links'!E:E,'OJT Links'!H:H,"Not found") -> https://mylearning.sumtotal.host/core/pillarRedirect?relyingParty=LM&url=app%2Fmanagement%2FLMS_ActDetails.aspx%3FActivityId%3D596770%26UserMode%3D0
A14: Leading and Sustaining your Service Culture | B14: View the videos with your group to complete the learning offer . Once complete, review the assessments as a group. NOTE: Assessment records are not required) | C14: Link | D14: =_xlfn.XLOOKUP(A14,'All Courses'!A:A,'All Courses'!D:D,"Not found") -> course | E14: =_xlfn.XLOOKUP(A14,'OJT IDs'!A:A,'OJT IDs'!N:N,"Not found") -> IHG0056403-OJT | F14: =_xlfn.XLOOKUP(E14,'OJT Links'!E:E,'OJT Links'!H:H,"Not found") -> https://mylearning.sumtotal.host/core/pillarRedirect?relyingParty=LM&url=app%2Fmanagement%2FLMS_ActDetails.aspx%3FActivityId%3D596772%26UserMode%3D0
A15: Luxury Fundamentals | B15: Use the link provided to access the learning offer. Review the offering in its entirety to complete. | C15: Link | D15: course | E15: =_xlfn.XLOOKUP(A15,'OJT IDs'!A:A,'OJT IDs'!N:N,"Not found") -> IHG0063363-OJT | F15: =_xlfn.XLOOKUP(E15,'OJT Links'!E:E,'OJT Links'!H:H,"Not found") -> https://mylearning.sumtotal.host/core/pillarRedirect?relyingParty=LM&url=app%2Fmanagement%2FLMS_ActDetails.aspx%3FActivityId%3D468098%26UserMode%3D0
A16: Preventing Human Trafficking | B16: View the videos with your group to complete the learning offer . Once complete, review the assessments as a group. NOTE: Assessment records are not required) | C16: Link | D16: =_xlfn.XLOOKUP(A16,'All Courses'!A:A,'All Courses'!D:D,"Not found") -> course | E16: =_xlfn.XLOOKUP(A16,'OJT IDs'!A:A,'OJT IDs'!N:N,"Not found") -> IHG0057043-v2024-OJT | F16: =_xlfn.XLOOKUP(E16,'OJT Links'!E:E,'OJT Links'!H:H,"Not found") -> https://mylearning.sumtotal.host/core/pillarRedirect?relyingParty=LM&url=app%2Fmanagement%2FLMS_ActDetails.aspx%3FActivityId%3D468091%26UserMode%3D0
A17: IHG Problem Handling V2 | B17: View the videos with your group to complete the learning offer . Once complete, review the assessments as a group. NOTE: Assessment records are not required) | C17: https://ihg.sharepoint.com/sites/ResponsibleBusiness/SitePages/Human-Rights-Brand-Standards-Guidance.aspx | D17: =_xlfn.XLOOKUP(A17,'All Courses'!A:A,'All Courses'!D:D,"Not found") -> course | E17: =_xlfn.XLOOKUP(A17,'OJT IDs'!A:A,'OJT IDs'!N:N,"Not found") -> IHG056045-OJT | F17: =_xlfn.XLOOKUP(E17,'OJT Links'!E:E,'OJT Links'!H:H,"Not found") -> https://mylearning.sumtotal.host/core/pillarRedirect?relyingParty=LM&url=app%2Fmanagement%2FLMS_ActDetails.aspx%3FActivityId%3D468095%26UserMode%3D0
A18: Property Management System (PMS) | B18: Review maunufactor operating manual relevant department training in the PMS system | C18: Link | E18: =_xlfn.XLOOKUP(A18,'OJT IDs'!A:A,'OJT IDs'!N:N,"Not found") -> IHG5969164-OJT | F18: =_xlfn.XLOOKUP(E18,'OJT Links'!E:E,'OJT Links'!H:H,"Not found") -> https://mylearning.sumtotal.host/core/pillarRedirect?relyingParty=LM&url=app%2Fmanagement%2FLMS_ActDetails.aspx%3FActivityId%3D602920%26UserMode%3D0
A19: True Hospitality Service Skills | B19: View the videos with your group to complete the learning offer . Once complete, review the assessments as a group. NOTE: Assessment records are not required) | D19: =_xlfn.XLOOKUP(A19,'All Courses'!A:A,'All Courses'!D:D,"Not found") -> course | E19: =_xlfn.XLOOKUP(A19,'OJT IDs'!A:A,'OJT IDs'!N:N,"Not found") -> IHG051263-OJT | F19: =_xlfn.XLOOKUP(E19,'OJT Links'!E:E,'OJT Links'!H:H,"Not found") -> https://mylearning.sumtotal.host/core/pillarRedirect?relyingParty=LM&url=app%2Fmanagement%2FLMS_ActDetails.aspx%3FActivityId%3D468089%26UserMode%3D0
A20: Welcome to IHG | B20: View the videos with your group to complete the learning offer | C20: Link | D20: =_xlfn.XLOOKUP(A20,'All Courses'!A:A,'All Courses'!D:D,"Not found") -> course | E20: =_xlfn.XLOOKUP(A20,'OJT IDs'!A:A,'OJT IDs'!N:N,"Not found") -> IHG058044-OJT | F20: =_xlfn.XLOOKUP(E20,'OJT Links'!E:E,'OJT Links'!H:H,"Not found") -> Not found
A21: Property Orientation | B21: Complete a tour of your property with new hires. | C21: Link | E21: =_xlfn.XLOOKUP(A21,'OJT IDs'!A:A,'OJT IDs'!N:N,"Not found") -> IHG8342629-OJT | F21: =_xlfn.XLOOKUP(E21,'OJT Links'!E:E,'OJT Links'!H:H,"Not found") -> https://mylearning.sumtotal.host/core/pillarRedirect?relyingParty=LM&url=app%2Fmanagement%2FLMS_ActDetails.aspx%3FActivityId%3D603028%26UserMode%3D0

Sheet InterContinental
A1: Course Title | B1: Instructions | C1: Hyperlink for Access | D1: Access ______ | E1: Not visible to learner: OJT Course ID: | F1: Create OJT Button
A2: Business Services training | B2: Review maunufactor operating manuals for equipment and software. | E2: =_xlfn.XLOOKUP(A2,'OJT IDs'!A:A,'OJT IDs'!N:N,"Not found") -> IHG6321776-OJT | F2: =_xlfn.XLOOKUP(E2,'OJT Links'!E:E,'OJT Links'!H:H,"Not found") -> https://mylearning.sumtotal.host/core/pillarRedirect?relyingParty=LM&url=app%2Fmanagement%2FLMS_ActDetails.aspx%3FActivityId%3D601648%26UserMode%3D0
A3: Digital Check-in | B3: View the videos with your group to complete the learning offer | C3: https://mylearning.sumtotal.host/core/pillarRedirect?relyingParty=LM&url=app%2fmanagement%2fLMS_ActDetails.aspx%3fActivityId%3d41%26UserMode%3d0 | D3: =_xlfn.XLOOKUP(A3,'All Courses'!A:A,'All Courses'!D:D,"Not found") -> course | E3: =_xlfn.XLOOKUP(A3,'OJT IDs'!A:A,'OJT IDs'!N:N,"Not found") -> IHG0061303-OJT | F3: =_xlfn.XLOOKUP(E3,'OJT Links'!E:E,'OJT Links'!H:H,"Not found") -> https://mylearning.sumtotal.host/core/pillarRedirect?relyingParty=LM&url=app%2Fmanagement%2FLMS_ActDetails.aspx%3FActivityId%3D595005%26UserMode%3D0
A4: First Aid | B4: Review your first aid procedures and practices. | E4: =_xlfn.XLOOKUP(A4,'OJT IDs'!A:A,'OJT IDs'!N:N,"Not found") -> IHG1885862-OJT | F4: =_xlfn.XLOOKUP(E4,'OJT Links'!E:E,'OJT Links'!H:H,"Not found") -> https://mylearning.sumtotal.host/core/pillarRedirect?relyingParty=LM&url=app%2Fmanagement%2FLMS_ActDetails.aspx%3FActivityId%3D601671%26UserMode%3D0
A5: Handling Credit Cards Securely | B5: View the videos with your group to complete the learning offer | C5: https://me2.ihgmerlin.com/web/init-ihg-information-security/homeandhttps://me2.ihgmerlin.com/web/init-pci-compliance | D5: =_xlfn.XLOOKUP(A5,'All Courses'!A:A,'All Courses'!D:D,"Not found") -> Resource | E5: =_xlfn.XLOOKUP(A5,'OJT IDs'!A:A,'OJT IDs'!N:N,"Not found") -> IHG0047626-OJT | F5: =_xlfn.XLOOKUP(E5,'OJT Links'!E:E,'OJT Links'!H:H,"Not found") -> Not found
A6: Health & Safety, Security an Emergency Procedures | B6: Review your health safety and security procedures, including fire evacuation plan. | C6: Link | D6: =_xlfn.XLOOKUP(A6,'All Courses'!A:A,'All Courses'!D:D,"Not found") -> course | E6: =_xlfn.XLOOKUP(A6,'OJT IDs'!A:A,'OJT IDs'!N:N,"Not found") -> IHG9191264-OJT | F6: =_xlfn.XLOOKUP(E6,'OJT Links'!E:E,'OJT Links'!H:H,"Not found") -> https://mylearning.sumtotal.host/core/pillarRedirect?relyingParty=LM&url=app%2Fmanagement%2FLMS_ActDetails.aspx%3FActivityId%3D601724%26UserMode%3D0
A7: Housekeeping Safety Device (US & Canada only) | B7: Review maunufactor operating manual for equipment and procedure for action when an alarm is triggered | E7: =_xlfn.XLOOKUP(A7,'OJT IDs'!A:A,'OJT IDs'!N:N,"Not found") -> IHG8611503-OJT | F7: =_xlfn.XLOOKUP(E7,'OJT Links'!E:E,'OJT Links'!H:H,"Not found") -> https://mylearning.sumtotal.host/core/pillarRedirect?relyingParty=LM&url=app%2Fmanagement%2FLMS_ActDetails.aspx%3FActivityId%3D601740%26UserMode%3D0
A8: Getting to Know IHG Concerto | B8: View the videos with your group to complete the learning offer . Once complete, review the assessments as a group. NOTE: Assessment records are not required) | C8: https://mylearning.sumtotal.host/core/pillarRedirect?relyingParty=LM&url=app%2fmanagement%2fLMS_ActDetails.aspx%3fActivityId%3d52090%26UserMode%3d0 | D8: =_xlfn.XLOOKUP(A8,'All Courses'!A:A,'All Courses'!D:D,"Not found") -> course | E8: =_xlfn.XLOOKUP(A8,'OJT IDs'!A:A,'OJT IDs'!N:N,"Not found") -> IHG0049491-OJT | F8: =_xlfn.XLOOKUP(E8,'OJT Links'!E:E,'OJT Links'!H:H,"Not found") -> https://mylearning.sumtotal.host/core/pillarRedirect?relyingParty=LM&url=app%2Fmanagement%2FLMS_ActDetails.aspx%3FActivityId%3D595027%26UserMode%3D0
A9: IHG Voice Program Training | B9: View the videos with your group to complete the learning offer | C9: https://mylearning.sumtotal.host/core/pillarRedirect?relyingParty=LM&url=app%2fmanagement%2fLMS_ActDetails.aspx%3fActivityId%3d2823%26UserMode%3d0 | D9: =_xlfn.XLOOKUP(A9,'All Courses'!A:A,'All Courses'!D:D,"Not found") -> course | E9: =_xlfn.XLOOKUP(A9,'OJT IDs'!A:A,'OJT IDs'!N:N,"Not found") -> IHG0054667-OJT | F9: =_xlfn.XLOOKUP(E9,'OJT Links'!E:E,'OJT Links'!H:H,"Not found") -> https://mylearning.sumtotal.host/core/pillarRedirect?relyingParty=LM&url=app%2Fmanagement%2FLMS_ActDetails.aspx%3FActivityId%3D595030%26UserMode%3D0
A10: IHG Way of Clean 5-S Cleaning Program | B10: View the videos with your group to complete the learning offer . Once complete, review the assessments as a group. NOTE: Assessment records are not required) | C10: Link | D10: =_xlfn.XLOOKUP(A10,'All Courses'!A:A,'All Courses'!D:D,"Not found") -> course | E10: =_xlfn.XLOOKUP(A10,'OJT IDs'!A:A,'OJT IDs'!N:N,"Not found") -> IHG7376524-OJT | F10: =_xlfn.XLOOKUP(E10,'OJT Links'!E:E,'OJT Links'!H:H,"Not found") -> https://mylearning.sumtotal.host/core/pillarRedirect?relyingParty=LM&url=app%2Fmanagement%2FLMS_ActDetails.aspx%3FActivityId%3D468097%26UserMode%3D0
A11: IHG Way of Clean 5-S Cleaning Program for Non-Housekeeping Colleagues | B11: View the videos with your group to complete the learning offer . Once complete, review the assessments as a group. NOTE: Assessment records are not required) | C11: Link | D11: =_xlfn.XLOOKUP(A11,'All Courses'!A:A,'All Courses'!D:D,"Not found") -> course | E11: =_xlfn.XLOOKUP(A11,'OJT IDs'!A:A,'OJT IDs'!N:N,"Not found") -> IHG1227263-OJT | F11: =_xlfn.XLOOKUP(E11,'OJT Links'!E:E,'OJT Links'!H:H,"Not found") -> https://mylearning.sumtotal.host/core/pillarRedirect?relyingParty=LM&url=app%2Fmanagement%2FLMS_ActDetails.aspx%3FActivityId%3D595028%26UserMode%3D0
A12: IHG World Class Beverage Academy - 101 Essentials | B12: View the videos with your group to complete the learning offer . Once complete, review the assessments as a group. NOTE: Assessment records are not required) | C12: Link | D12: =_xlfn.XLOOKUP(A12,'All Courses'!A:A,'All Courses'!D:D,"Not found") -> course | E12: =_xlfn.XLOOKUP(A12,'OJT IDs'!A:A,'OJT IDs'!N:N,"Not found") -> IHG052185-OJT | F12: =_xlfn.XLOOKUP(E12,'OJT Links'!E:E,'OJT Links'!H:H,"Not found") -> https://mylearning.sumtotal.host/core/pillarRedirect?relyingParty=LM&url=app%2Fmanagement%2FLMS_ActDetails.aspx%3FActivityId%3D595029%26UserMode%3D0
A13: Introduction to Information Security | B13: View the videos with your group to complete the learning offer | C13: Link | D13: =_xlfn.XLOOKUP(A13,'All Courses'!A:A,'All Courses'!D:D,"Not found") -> course | E13: =_xlfn.XLOOKUP(A13,'OJT IDs'!A:A,'OJT IDs'!N:N,"Not found") -> IHG0047625-OJT | F13: =_xlfn.XLOOKUP(E13,'OJT Links'!E:E,'OJT Links'!H:H,"Not found") -> https://mylearning.sumtotal.host/core/pillarRedirect?relyingParty=LM&url=app%2Fmanagement%2FLMS_ActDetails.aspx%3FActivityId%3D596770%26UserMode%3D0
A14: Leading and Sustaining your Service Culture | B14: View the videos with your group to complete the learning offer . Once complete, review the assessments as a group. NOTE: Assessment records are not required) | C14: Link | D14: =_xlfn.XLOOKUP(A14,'All Courses'!A:A,'All Courses'!D:D,"Not found") -> course | E14: =_xlfn.XLOOKUP(A14,'OJT IDs'!A:A,'OJT IDs'!N:N,"Not found") -> IHG0056403-OJT | F14: =_xlfn.XLOOKUP(E14,'OJT Links'!E:E,'OJT Links'!H:H,"Not found") -> https://mylearning.sumtotal.host/core/pillarRedirect?relyingParty=LM&url=app%2Fmanagement%2FLMS_ActDetails.aspx%3FActivityId%3D596772%26UserMode%3D0
A15: Luxury Fundamentals | B15: Use the link provided to access the learning offer. Review the offering in its entirety to complete. | C15: Link | D15: course | E15: =_xlfn.XLOOKUP(A15,'OJT IDs'!A:A,'OJT IDs'!N:N,"Not found") -> IHG0063363-OJT | F15: =_xlfn.XLOOKUP(E15,'OJT Links'!E:E,'OJT Links'!H:H,"Not found") -> https://mylearning.sumtotal.host/core/pillarRedirect?relyingParty=LM&url=app%2Fmanagement%2FLMS_ActDetails.aspx%3FActivityId%3D468098%26UserMode%3D0
A16: Preventing Human Trafficking | B16: View the videos with your group to complete the learning offer . Once complete, review the assessments as a group. NOTE: Assessment records are not required) | C16: Link https://ihg.sharepoint.com/sites/ResponsibleBusiness/SitePages/Human-Rights-Brand-Standards-Guidance.aspx | D16: =_xlfn.XLOOKUP(A16,'All Courses'!A:A,'All Courses'!D:D,"Not found") -> course | E16: =_xlfn.XLOOKUP(A16,'OJT IDs'!A:A,'OJT IDs'!N:N,"Not found") -> IHG0057043-v2024-OJT | F16: =_xlfn.XLOOKUP(E16,'OJT Links'!E:E,'OJT Links'!H:H,"Not found") -> https://mylearning.sumtotal.host/core/pillarRedirect?relyingParty=LM&url=app%2Fmanagement%2FLMS_ActDetails.aspx%3FActivityId%3D468091%26UserMode%3D0
A17: IHG Problem Handling V2 | B17: View the videos with your group to complete the learning offer . Once complete, review the assessments as a group. NOTE: Assessment records are not required) | C17: Link | D17: =_xlfn.XLOOKUP(A17,'All Courses'!A:A,'All Courses'!D:D,"Not found") -> course | E17: =_xlfn.XLOOKUP(A17,'OJT IDs'!A:A,'OJT IDs'!N:N,"Not found") -> IHG056045-OJT | F17: =_xlfn.XLOOKUP(E17,'OJT Links'!E:E,'OJT Links'!H:H,"Not found") -> https://mylearning.sumtotal.host/core/pillarRedirect?relyingParty=LM&url=app%2Fmanagement%2FLMS_ActDetails.aspx%3FActivityId%3D468095%26UserMode%3D0
A18: Property Management System (PMS) | B18: Review maunufactor operating manual relevant department training in the PMS system | E18: =_xlfn.XLOOKUP(A18,'OJT IDs'!A:A,'OJT IDs'!N:N,"Not found") -> IHG5969164-OJT | F18: =_xlfn.XLOOKUP(E18,'OJT Links'!E:E,'OJT Links'!H:H,"Not found") -> https://mylearning.sumtotal.host/core/pillarRedirect?relyingParty=LM&url=app%2Fmanagement%2FLMS_ActDetails.aspx%3FActivityId%3D602920%26UserMode%3D0
A19: True Hospitality Service Skills | B19: View the videos with your group to complete the learning offer . Once complete, review the assessments as a group. NOTE: Assessment records are not required) | C19: Link | D19: =_xlfn.XLOOKUP(A19,'All Courses'!A:A,'All Courses'!D:D,"Not found") -> course | E19: =_xlfn.XLOOKUP(A19,'OJT IDs'!A:A,'OJT IDs'!N:N,"Not found") -> IHG051263-OJT | F19: =_xlfn.XLOOKUP(E19,'OJT Links'!E:E,'OJT Links'!H:H,"Not found") -> https://mylearning.sumtotal.host/core/pillarRedirect?relyingParty=LM&url=app%2Fmanagement%2FLMS_ActDetails.aspx%3FActivityId%3D468089%26UserMode%3D0
A20: Welcome to IHG | B20: View the videos with your group to complete the learning offer | C20: Link | D20: =_xlfn.XLOOKUP(A20,'All Courses'!A:A,'All Courses'!D:D,"Not found") -> course | E20: =_xlfn.XLOOKUP(A20,'OJT IDs'!A:A,'OJT IDs'!N:N,"Not found") -> IHG058044-OJT | F20: =_xlfn.XLOOKUP(E20,'OJT Links'!E:E,'OJT Links'!H:H,"Not found") -> Not found
A21: Property Orientation | B21: Complete a tour of your property with new hires. | E21: =_xlfn.XLOOKUP(A21,'OJT IDs'!A:A,'OJT IDs'!N:N,"Not found") -> IHG8342629-OJT | F21: =_xlfn.XLOOKUP(E21,'OJT Links'!E:E,'OJT Links'!H:H,"Not found") -> https://mylearning.sumtotal.host/core/pillarRedirect?relyingParty=LM&url=app%2Fmanagement%2FLMS_ActDetails.aspx%3FActivityId%3D603028%26UserMode%3D0
A22: InterContinental Hotels and Resorts Brand Orientation | B22: View the videos with your group to complete the learning offer . Once complete, review the assessments as a group. NOTE: Assessment records are not required) | C22: https://mylearning.sumtotal.host/core/pillarRedirect?relyingParty=LM&url=app%2fmanagement%2fLMS_ActDetails.aspx%3fActivityId%3d10703%26UserMode%3d0 | D22: course | E22: =_xlfn.XLOOKUP(A22,'OJT IDs'!A:A,'OJT IDs'!N:N,"Not found") -> IHG051925-OJT | F22: =_xlfn.XLOOKUP(E22,'OJT Links'!E:E,'OJT Links'!H:H,"Not found") -> https://mylearning.sumtotal.host/core/pillarRedirect?relyingParty=LM&url=app%2Fmanagement%2FLMS_ActDetails.aspx%3FActivityId%3D595031%26UserMode%3D0

Sheet Kimpton
A1: Course Title | B1: Instructions | C1: Hyperlink for Access | D1: Access ______ | E1: Not visible to learner: OJT Course ID: | F1: Create OJT Button
A2: Business Services training | B2: Review maunufactor operating manuals for equipment and software. | E2: =_xlfn.XLOOKUP(A2,'OJT IDs'!A:A,'OJT IDs'!N:N,"Not found") -> IHG6321776-OJT | F2: =_xlfn.XLOOKUP(E2,'OJT Links'!E:E,'OJT Links'!H:H,"Not found") -> https://mylearning.sumtotal.host/core/pillarRedirect?relyingParty=LM&url=app%2Fmanagement%2FLMS_ActDetails.aspx%3FActivityId%3D601648%26UserMode%3D0
A3: Digital Check-in | B3: View the videos with your group to complete the learning offer | C3: https://mylearning.sumtotal.host/core/pillarRedirect?relyingParty=LM&url=app%2fmanagement%2fLMS_ActDetails.aspx%3fActivityId%3d41%26UserMode%3d0 | D3: =_xlfn.XLOOKUP(A3,'All Courses'!A:A,'All Courses'!D:D,"Not found") -> course | E3: =_xlfn.XLOOKUP(A3,'OJT IDs'!A:A,'OJT IDs'!N:N,"Not found") -> IHG0061303-OJT | F3: =_xlfn.XLOOKUP(E3,'OJT Links'!E:E,'OJT Links'!H:H,"Not found") -> https://mylearning.sumtotal.host/core/pillarRedirect?relyingParty=LM&url=app%2Fmanagement%2FLMS_ActDetails.aspx%3FActivityId%3D595005%26UserMode%3D0
A4: First Aid | B4: Review your first aid procedures and practices. | E4: =_xlfn.XLOOKUP(A4,'OJT IDs'!A:A,'OJT IDs'!N:N,"Not found") -> IHG1885862-OJT | F4: =_xlfn.XLOOKUP(E4,'OJT Links'!E:E,'OJT Links'!H:H,"Not found") -> https://mylearning.sumtotal.host/core/pillarRedirect?relyingParty=LM&url=app%2Fmanagement%2FLMS_ActDetails.aspx%3FActivityId%3D601671%26UserMode%3D0
A5: Handling Credit Cards Securely | B5: View the videos with your group to complete the learning offer | C5: https://me2.ihgmerlin.com/web/init-ihg-information-security/homeandhttps://me2.ihgmerlin.com/web/init-pci-compliance | D5: =_xlfn.XLOOKUP(A5,'All Courses'!A:A,'All Courses'!D:D,"Not found") -> Resource | E5: =_xlfn.XLOOKUP(A5,'OJT IDs'!A:A,'OJT IDs'!N:N,"Not found") -> IHG0047626-OJT | F5: =_xlfn.XLOOKUP(E5,'OJT Links'!E:E,'OJT Links'!H:H,"Not found") -> Not found
A6: Health & Safety, Security an Emergency Procedures | B6: Review your health safety and security procedures, including fire evacuation plan. | C6: Link | D6: =_xlfn.XLOOKUP(A6,'All Courses'!A:A,'All Courses'!D:D,"Not found") -> course | E6: =_xlfn.XLOOKUP(A6,'OJT IDs'!A:A,'OJT IDs'!N:N,"Not found") -> IHG9191264-OJT | F6: =_xlfn.XLOOKUP(E6,'OJT Links'!E:E,'OJT Links'!H:H,"Not found") -> https://mylearning.sumtotal.host/core/pillarRedirect?relyingParty=LM&url=app%2Fmanagement%2FLMS_ActDetails.aspx%3FActivityId%3D601724%26UserMode%3D0
A7: Housekeeping Safety Device (US & Canada only) | B7: Review maunufactor operating manual for equipment and procedure for action when an alarm is triggered | E7: =_xlfn.XLOOKUP(A7,'OJT IDs'!A:A,'OJT IDs'!N:N,"Not found") -> IHG8611503-OJT | F7: =_xlfn.XLOOKUP(E7,'OJT Links'!E:E,'OJT Links'!H:H,"Not found") -> https://mylearning.sumtotal.host/core/pillarRedirect?relyingParty=LM&url=app%2Fmanagement%2FLMS_ActDetails.aspx%3FActivityId%3D601740%26UserMode%3D0
A8: Getting to Know IHG Concerto | B8: View the videos with your group to complete the learning offer . Once complete, review the assessments as a group. NOTE: Assessment records are not required) | C8: https://mylearning.sumtotal.host/core/pillarRedirect?relyingParty=LM&url=app%2fmanagement%2fLMS_ActDetails.aspx%3fActivityId%3d52090%26UserMode%3d0 | D8: =_xlfn.XLOOKUP(A8,'All Courses'!A:A,'All Courses'!D:D,"Not found") -> course | E8: =_xlfn.XLOOKUP(A8,'OJT IDs'!A:A,'OJT IDs'!N:N,"Not found") -> IHG0049491-OJT | F8: =_xlfn.XLOOKUP(E8,'OJT Links'!E:E,'OJT Links'!H:H,"Not found") -> https://mylearning.sumtotal.host/core/pillarRedirect?relyingParty=LM&url=app%2Fmanagement%2FLMS_ActDetails.aspx%3FActivityId%3D595027%26UserMode%3D0
A9: IHG Voice Program Training | B9: View the videos with your group to complete the learning offer | C9: https://mylearning.sumtotal.host/core/pillarRedirect?relyingParty=LM&url=app%2fmanagement%2fLMS_ActDetails.aspx%3fActivityId%3d2823%26UserMode%3d0 | D9: =_xlfn.XLOOKUP(A9,'All Courses'!A:A,'All Courses'!D:D,"Not found") -> course | E9: =_xlfn.XLOOKUP(A9,'OJT IDs'!A:A,'OJT IDs'!N:N,"Not found") -> IHG0054667-OJT | F9: =_xlfn.XLOOKUP(E9,'OJT Links'!E:E,'OJT Links'!H:H,"Not found") -> https://mylearning.sumtotal.host/core/pillarRedirect?relyingParty=LM&url=app%2Fmanagement%2FLMS_ActDetails.aspx%3FActivityId%3D595030%26UserMode%3D0
A10: IHG Way of Clean 5-S Cleaning Program | B10: View the videos with your group to complete the learning offer . Once complete, review the assessments as a group. NOTE: Assessment records are not required) | C10: Link | D10: =_xlfn.XLOOKUP(A10,'All Courses'!A:A,'All Courses'!D:D,"Not found") -> course | E10: =_xlfn.XLOOKUP(A10,'OJT IDs'!A:A,'OJT IDs'!N:N,"Not found") -> IHG7376524-OJT | F10: =_xlfn.XLOOKUP(E10,'OJT Links'!E:E,'OJT Links'!H:H,"Not found") -> https://mylearning.sumtotal.host/core/pillarRedirect?relyingParty=LM&url=app%2Fmanagement%2FLMS_ActDetails.aspx%3FActivityId%3D468097%26UserMode%3D0
A11: IHG Way of Clean 5-S Cleaning Program for Non-Housekeeping Colleagues | B11: View the videos with your group to complete the learning offer . Once complete, review the assessments as a group. NOTE: Assessment records are not required) | C11: Link | D11: =_xlfn.XLOOKUP(A11,'All Courses'!A:A,'All Courses'!D:D,"Not found") -> course | E11: =_xlfn.XLOOKUP(A11,'OJT IDs'!A:A,'OJT IDs'!N:N,"Not found") -> IHG1227263-OJT | F11: =_xlfn.XLOOKUP(E11,'OJT Links'!E:E,'OJT Links'!H:H,"Not found") -> https://mylearning.sumtotal.host/core/pillarRedirect?relyingParty=LM&url=app%2Fmanagement%2FLMS_ActDetails.aspx%3FActivityId%3D595028%26UserMode%3D0
A12: IHG World Class Beverage Academy - 101 Essentials | B12: View the videos with your group to complete the learning offer . Once complete, review the assessments as a group. NOTE: Assessment records are not required) | C12: Link | D12: =_xlfn.XLOOKUP(A12,'All Courses'!A:A,'All Courses'!D:D,"Not found") -> course | E12: =_xlfn.XLOOKUP(A12,'OJT IDs'!A:A,'OJT IDs'!N:N,"Not found") -> IHG052185-OJT | F12: =_xlfn.XLOOKUP(E12,'OJT Links'!E:E,'OJT Links'!H:H,"Not found") -> https://mylearning.sumtotal.host/core/pillarRedirect?relyingParty=LM&url=app%2Fmanagement%2FLMS_ActDetails.aspx%3FActivityId%3D595029%26UserMode%3D0
A13: Introduction to Information Security | B13: View the videos with your group to complete the learning offer | C13: Link | D13: =_xlfn.XLOOKUP(A13,'All Courses'!A:A,'All Courses'!D:D,"Not found") -> course | E13: =_xlfn.XLOOKUP(A13,'OJT IDs'!A:A,'OJT IDs'!N:N,"Not found") -> IHG0047625-OJT | F13: =_xlfn.XLOOKUP(E13,'OJT Links'!E:E,'OJT Links'!H:H,"Not found") -> https://mylearning.sumtotal.host/core/pillarRedirect?relyingParty=LM&url=app%2Fmanagement%2FLMS_ActDetails.aspx%3FActivityId%3D596770%26UserMode%3D0
A14: Leading and Sustaining your Service Culture | B14: View the videos with your group to complete the learning offer . Once complete, review the assessments as a group. NOTE: Assessment records are not required) | C14: Link | D14: =_xlfn.XLOOKUP(A14,'All Courses'!A:A,'All Courses'!D:D,"Not found") -> course | E14: =_xlfn.XLOOKUP(A14,'OJT IDs'!A:A,'OJT IDs'!N:N,"Not found") -> IHG0056403-OJT | F14: =_xlfn.XLOOKUP(E14,'OJT Links'!E:E,'OJT Links'!H:H,"Not found") -> https://mylearning.sumtotal.host/core/pillarRedirect?relyingParty=LM&url=app%2Fmanagement%2FLMS_ActDetails.aspx%3FActivityId%3D596772%26UserMode%3D0
A15: Luxury Fundamentals | B15: Use the link provided to access the learning offer. Review the offering in its entirety to complete. | C15: Link | D15: =_xlfn.XLOOKUP(A15,'All Courses'!A:A,'All Courses'!D:D,"Not found") -> Course | E15: =_xlfn.XLOOKUP(A15,'OJT IDs'!A:A,'OJT IDs'!N:N,"Not found") -> IHG0063363-OJT | F15: =_xlfn.XLOOKUP(E15,'OJT Links'!E:E,'OJT Links'!H:H,"Not found") -> https://mylearning.sumtotal.host/core/pillarRedirect?relyingParty=LM&url=app%2Fmanagement%2FLMS_ActDetails.aspx%3FActivityId%3D468098%26UserMode%3D0
A16: Preventing Human Trafficking | B16: View the videos with your group to complete the learning offer . Once complete, review the assessments as a group. NOTE: Assessment records are not required) | C16: Link https://ihg.sharepoint.com/sites/ResponsibleBusiness/SitePages/Human-Rights-Brand-Standards-Guidance.aspx | D16: =_xlfn.XLOOKUP(A16,'All Courses'!A:A,'All Courses'!D:D,"Not found") -> course | E16: =_xlfn.XLOOKUP(A16,'OJT IDs'!A:A,'OJT IDs'!N:N,"Not found") -> IHG0057043-v2024-OJT | F16: =_xlfn.XLOOKUP(E16,'OJT Links'!E:E,'OJT Links'!H:H,"Not found") -> https://mylearning.sumtotal.host/core/pillarRedirect?relyingParty=LM&url=app%2Fmanagement%2FLMS_ActDetails.aspx%3FActivityId%3D468091%26UserMode%3D0
A17: IHG Problem Handling V2 | B17: View the videos with your group to complete the learning offer . Once complete, review the assessments as a group. NOTE: Assessment records are not required) | C17: Link | D17: =_xlfn.XLOOKUP(A17,'All Courses'!A:A,'All Courses'!D:D,"Not found") -> course | E17: =_xlfn.XLOOKUP(A17,'OJT IDs'!A:A,'OJT IDs'!N:N,"Not found") -> IHG056045-OJT | F17: =_xlfn.XLOOKUP(E17,'OJT Links'!E:E,'OJT Links'!H:H,"Not found") -> https://mylearning.sumtotal.host/core/pillarRedirect?relyingParty=LM&url=app%2Fmanagement%2FLMS_ActDetails.aspx%3FActivityId%3D468095%26UserMode%3D0
A18: Property Management System (PMS) | B18: Review maunufactor operating manual relevant department training in the PMS system | E18: =_xlfn.XLOOKUP(A18,'OJT IDs'!A:A,'OJT IDs'!N:N,"Not found") -> IHG5969164-OJT | F18: =_xlfn.XLOOKUP(E18,'OJT Links'!E:E,'OJT Links'!H:H,"Not found") -> https://mylearning.sumtotal.host/core/pillarRedirect?relyingParty=LM&url=app%2Fmanagement%2FLMS_ActDetails.aspx%3FActivityId%3D602920%26UserMode%3D0
A19: True Hospitality Service Skills | B19: View the videos with your group to complete the learning offer . Once complete, review the assessments as a group. NOTE: Assessment records are not required) | C19: Link | D19: =_xlfn.XLOOKUP(A19,'All Courses'!A:A,'All Courses'!D:D,"Not found") -> course | E19: =_xlfn.XLOOKUP(A19,'OJT IDs'!A:A,'OJT IDs'!N:N,"Not found") -> IHG051263-OJT | F19: =_xlfn.XLOOKUP(E19,'OJT Links'!E:E,'OJT Links'!H:H,"Not found") -> https://mylearning.sumtotal.host/core/pillarRedirect?relyingParty=LM&url=app%2Fmanagement%2FLMS_ActDetails.aspx%3FActivityId%3D468089%26UserMode%3D0
A20: Welcome to IHG | B20: View the videos with your group to complete the learning offer | C20: Link | D20: =_xlfn.XLOOKUP(A20,'All Courses'!A:A,'All Courses'!D:D,"Not found") -> course | E20: =_xlfn.XLOOKUP(A20,'OJT IDs'!A:A,'OJT IDs'!N:N,"Not found") -> IHG058044-OJT | F20: =_xlfn.XLOOKUP(E20,'OJT Links'!E:E,'OJT Links'!H:H,"Not found") -> Not found
A21: Property Orientation | B21: Complete a tour of your property with new hires. | E21: =_xlfn.XLOOKUP(A21,'OJT IDs'!A:A,'OJT IDs'!N:N,"Not found") -> IHG8342629-OJT | F21: =_xlfn.XLOOKUP(E21,'OJT Links'!E:E,'OJT Links'!H:H,"Not found") -> https://mylearning.sumtotal.host/core/pillarRedirect?relyingParty=LM&url=app%2Fmanagement%2FLMS_ActDetails.aspx%3FActivityId%3D603028%26UserMode%3D0
A22: Welcome to Kimpton! A Cultural Orientation | B22: This content can be delivered in a classroom setting as part of a orientation program or refresher | E22: =_xlfn.XLOOKUP(A22,'OJT IDs'!A:A,'OJT IDs'!N:N,"Not found") -> IHG0061384-OJT | F22: =_xlfn.XLOOKUP(E22,'OJT Links'!E:E,'OJT Links'!H:H,"Not found") -> https://mylearning.sumtotal.host/core/pillarRedirect?relyingParty=LM&url=app%2Fmanagement%2FLMS_ActDetails.aspx%3FActivityId%3D596787%26UserMode%3D0
D23: =_xlfn.XLOOKUP(A23,'All Courses'!A:A,'All Courses'!D:D,"Not found") -> 0
D24: =_xlfn.XLOOKUP(A24,'All Courses'!A:A,'All Courses'!D:D,"Not found") -> 0
D25: =_xlfn.XLOOKUP(A25,'All Courses'!A:A,'All Courses'!D:D,"Not found") -> 0
D26: =_xlfn.XLOOKUP(A26,'All Courses'!A:A,'All Courses'!D:D,"Not found") -> 0
D27: =_xlfn.XLOOKUP(A27,'All Courses'!A:A,'All Courses'!D:D,"Not found") -> 0
D28: =_xlfn.XLOOKUP(A28,'All Courses'!A:A,'All Courses'!D:D,"Not found") -> 0
D29: =_xlfn.XLOOKUP(A29,'All Courses'!A:A,'All Courses'!D:D,"Not found") -> 0
D30: =_xlfn.XLOOKUP(A30,'All Courses'!A:A,'All Courses'!D:D,"Not found") -> 0
D31: =_xlfn.XLOOKUP(A31,'All Courses'!A:A,'All Courses'!D:D,"Not found") -> 0
D32: =_xlfn.XLOOKUP(A32,'All Courses'!A:A,'All Courses'!D:D,"Not found") -> 0
D33: =_xlfn.XLOOKUP(A33,'All Courses'!A:A,'All Courses'!D:D,"Not found") -> 0
D34: =_xlfn.XLOOKUP(A34,'All Courses'!A:A,'All Courses'!D:D,"Not found") -> 0
... D39: =_xlfn.XLOOKUP(A39,'All Courses'!A:A,'All Courses'!D:D,"Not found") -> 0

Sheet Vignette
A1: Course Title | B1: Instructions | C1: Hyperlink for Access | D1: Access ______ | E1: Not visible to learner: OJT Course ID: | F1: Create OJT Button
A2: Digital Check-in | B2: View the videos with your group to complete the learning offer | C2: https://mylearning.sumtotal.host/core/pillarRedirect?relyingParty=LM&url=app%2fmanagement%2fLMS_ActDetails.aspx%3fActivityId%3d41%26UserMode%3d0 | D2: =_xlfn.XLOOKUP(A2,'All Courses'!A:A,'All Courses'!D:D,"Not found") -> course | E2: =_xlfn.XLOOKUP(A2,'OJT IDs'!A:A,'OJT IDs'!N:N,"Not found") -> IHG0061303-OJT | F2: =_xlfn.XLOOKUP(E2,'OJT Links'!E:E,'OJT Links'!H:H,"Not found") -> https://mylearning.sumtotal.host/core/pillarRedirect?relyingParty=LM&url=app%2Fmanagement%2FLMS_ActDetails.aspx%3FActivityId%3D595005%26UserMode%3D0
A3: First Aid | B3: Review your first aid procedures and practices. | E3: =_xlfn.XLOOKUP(A3,'OJT IDs'!A:A,'OJT IDs'!N:N,"Not found") -> IHG1885862-OJT | F3: =_xlfn.XLOOKUP(E3,'OJT Links'!E:E,'OJT Links'!H:H,"Not found") -> https://mylearning.sumtotal.host/core/pillarRedirect?relyingParty=LM&url=app%2Fmanagement%2FLMS_ActDetails.aspx%3FActivityId%3D601671%26UserMode%3D0
A4: Handling Credit Cards Securely | B4: View the videos with your group to complete the learning offer | C4: https://me2.ihgmerlin.com/web/init-ihg-information-security/homeandhttps://me2.ihgmerlin.com/web/init-pci-compliance | D4: =_xlfn.XLOOKUP(A4,'All Courses'!A:A,'All Courses'!D:D,"Not found") -> Resource | E4: =_xlfn.XLOOKUP(A4,'OJT IDs'!A:A,'OJT IDs'!N:N,"Not found") -> IHG0047626-OJT | F4: =_xlfn.XLOOKUP(E4,'OJT Links'!E:E,'OJT Links'!H:H,"Not found") -> Not found
A5: Health & Safety, Security an Emergency Procedures | B5: Review your health safety and security procedures, including fire evacuation plan. | C5: Link | D5: =_xlfn.XLOOKUP(A5,'All Courses'!A:A,'All Courses'!D:D,"Not found") -> course | E5: =_xlfn.XLOOKUP(A5,'OJT IDs'!A:A,'OJT IDs'!N:N,"Not found") -> IHG9191264-OJT | F5: =_xlfn.XLOOKUP(E5,'OJT Links'!E:E,'OJT Links'!H:H,"Not found") -> https://mylearning.sumtotal.host/core/pillarRedirect?relyingParty=LM&url=app%2Fmanagement%2FLMS_ActDetails.aspx%3FActivityId%3D601724%26UserMode%3D0
A6: Housekeeping Safety Device (US & Canada only) | B6: Review maunufactor operating manual for equipment and procedure for action when an alarm is triggered | E6: =_xlfn.XLOOKUP(A6,'OJT IDs'!A:A,'OJT IDs'!N:N,"Not found") -> IHG8611503-OJT | F6: =_xlfn.XLOOKUP(E6,'OJT Links'!E:E,'OJT Links'!H:H,"Not found") -> https://mylearning.sumtotal.host/core/pillarRedirect?relyingParty=LM&url=app%2Fmanagement%2FLMS_ActDetails.aspx%3FActivityId%3D601740%26UserMode%3D0
A7: Getting to Know IHG Concerto | B7: View the videos with your group to complete the learning offer . Once complete, review the assessments as a group. NOTE: Assessment records are not required) | C7: https://mylearning.sumtotal.host/core/pillarRedirect?relyingParty=LM&url=app%2fmanagement%2fLMS_ActDetails.aspx%3fActivityId%3d52090%26UserMode%3d0 | D7: =_xlfn.XLOOKUP(A7,'All Courses'!A:A,'All Courses'!D:D,"Not found") -> course | E7: =_xlfn.XLOOKUP(A7,'OJT IDs'!A:A,'OJT IDs'!N:N,"Not found") -> IHG0049491-OJT | F7: =_xlfn.XLOOKUP(E7,'OJT Links'!E:E,'OJT Links'!H:H,"Not found") -> https://mylearning.sumtotal.host/core/pillarRedirect?relyingParty=LM&url=app%2Fmanagement%2FLMS_ActDetails.aspx%3FActivityId%3D595027%26UserMode%3D0
A8: IHG Voice Program Training | B8: View the videos with your group to complete the learning offer | C8: https://mylearning.sumtotal.host/core/pillarRedirect?relyingParty=LM&url=app%2fmanagement%2fLMS_ActDetails.aspx%3fActivityId%3d2823%26UserMode%3d0 | D8: =_xlfn.XLOOKUP(A8,'All Courses'!A:A,'All Courses'!D:D,"Not found") -> course | E8: =_xlfn.XLOOKUP(A8,'OJT IDs'!A:A,'OJT IDs'!N:N,"Not found") -> IHG0054667-OJT | F8: =_xlfn.XLOOKUP(E8,'OJT Links'!E:E,'OJT Links'!H:H,"Not found") -> https://mylearning.sumtotal.host/core/pillarRedirect?relyingParty=LM&url=app%2Fmanagement%2FLMS_ActDetails.aspx%3FActivityId%3D595030%26UserMode%3D0
A9: IHG Way of Clean 5-S Cleaning Program | B9: View the videos with your group to complete the learning offer . Once complete, review the assessments as a group. NOTE: Assessment records are not required) | C9: Link | D9: =_xlfn.XLOOKUP(A9,'All Courses'!A:A,'All Courses'!D:D,"Not found") -> course | E9: =_xlfn.XLOOKUP(A9,'OJT IDs'!A:A,'OJT IDs'!N:N,"Not found") -> IHG7376524-OJT | F9: =_xlfn.XLOOKUP(E9,'OJT Links'!E:E,'OJT Links'!H:H,"Not found") -> https://mylearning.sumtotal.host/core/pillarRedirect?relyingParty=LM&url=app%2Fmanagement%2FLMS_ActDetails.aspx%3FActivityId%3D468097%26UserMode%3D0
A10: IHG Way of Clean 5-S Cleaning Program for Non-Housekeeping Colleagues | B10: View the videos with your group to complete the learning offer . Once complete, review the assessments as a group. NOTE: Assessment records are not required) | C10: Link | D10: =_xlfn.XLOOKUP(A10,'All Courses'!A:A,'All Courses'!D:D,"Not found") -> course | E10: =_xlfn.XLOOKUP(A10,'OJT IDs'!A:A,'OJT IDs'!N:N,"Not found") -> IHG1227263-OJT | F10: =_xlfn.XLOOKUP(E10,'OJT Links'!E:E,'OJT Links'!H:H,"Not found") -> https://mylearning.sumtotal.host/core/pillarRedirect?relyingParty=LM&url=app%2Fmanagement%2FLMS_ActDetails.aspx%3FActivityId%3D595028%26UserMode%3D0
A11: IHG World Class Beverage Academy - 101 Essentials | B11: View the videos with your group to complete the learning offer . Once complete, review the assessments as a group. NOTE: Assessment records are not required) | C11: Link | D11: =_xlfn.XLOOKUP(A11,'All Courses'!A:A,'All Courses'!D:D,"Not found") -> course | E11: =_xlfn.XLOOKUP(A11,'OJT IDs'!A:A,'OJT IDs'!N:N,"Not found") -> IHG052185-OJT | F11: =_xlfn.XLOOKUP(E11,'OJT Links'!E:E,'OJT Links'!H:H,"Not found") -> https://mylearning.sumtotal.host/core/pillarRedirect?relyingParty=LM&url=app%2Fmanagement%2FLMS_ActDetails.aspx%3FActivityId%3D595029%26UserMode%3D0
A12: Introduction to Information Security | B12: View the videos with your group to complete the learning offer | C12: Link | D12: =_xlfn.XLOOKUP(A12,'All Courses'!A:A,'All Courses'!D:D,"Not found") -> course | E12: =_xlfn.XLOOKUP(A12,'OJT IDs'!A:A,'OJT IDs'!N:N,"Not found") -> IHG0047625-OJT | F12: =_xlfn.XLOOKUP(E12,'OJT Links'!E:E,'OJT Links'!H:H,"Not found") -> https://mylearning.sumtotal.host/core/pillarRedirect?relyingParty=LM&url=app%2Fmanagement%2FLMS_ActDetails.aspx%3FActivityId%3D596770%26UserMode%3D0
A13: Leading and Sustaining your Service Culture | B13: View the videos with your group to complete the learning offer . Once complete, review the assessments as a group. NOTE: Assessment records are not required) | C13: Link | D13: =_xlfn.XLOOKUP(A13,'All Courses'!A:A,'All Courses'!D:D,"Not found") -> course | E13: =_xlfn.XLOOKUP(A13,'OJT IDs'!A:A,'OJT IDs'!N:N,"Not found") -> IHG0056403-OJT | F13: =_xlfn.XLOOKUP(E13,'OJT Links'!E:E,'OJT Links'!H:H,"Not found") -> https://mylearning.sumtotal.host/core/pillarRedirect?relyingParty=LM&url=app%2Fmanagement%2FLMS_ActDetails.aspx%3FActivityId%3D596772%26UserMode%3D0
A14: Luxury Fundamentals | B14: Use the link provided to access the learning offer. Review the offering in its entirety to complete. | C14: Link | D14: course | E14: =_xlfn.XLOOKUP(A14,'OJT IDs'!A:A,'OJT IDs'!N:N,"Not found") -> IHG0063363-OJT | F14: =_xlfn.XLOOKUP(E14,'OJT Links'!E:E,'OJT Links'!H:H,"Not found") -> https://mylearning.sumtotal.host/core/pillarRedirect?relyingParty=LM&url=app%2Fmanagement%2FLMS_ActDetails.aspx%3FActivityId%3D468098%26UserMode%3D0
A15: Preventing Human Trafficking | B15: View the videos with your group to complete the learning offer . Once complete, review the assessments as a group. NOTE: Assessment records are not required) | C15: Link https://ihg.sharepoint.com/sites/ResponsibleBusiness/SitePages/Human-Rights-Brand-Standards-Guidance.aspx | D15: =_xlfn.XLOOKUP(A15,'All Courses'!A:A,'All Courses'!D:D,"Not found") -> course | E15: =_xlfn.XLOOKUP(A15,'OJT IDs'!A:A,'OJT IDs'!N:N,"Not found") -> IHG0057043-v2024-OJT | F15: =_xlfn.XLOOKUP(E15,'OJT Links'!E:E,'OJT Links'!H:H,"Not found") -> https://mylearning.sumtotal.host/core/pillarRedirect?relyingParty=LM&url=app%2Fmanagement%2FLMS_ActDetails.aspx%3FActivityId%3D468091%26UserMode%3D0
A16: IHG Problem Handling V2 | B16: View the videos with your group to complete the learning offer . Once complete, review the assessments as a group. NOTE: Assessment records are not required) | C16: Link | D16: =_xlfn.XLOOKUP(A16,'All Courses'!A:A,'All Courses'!D:D,"Not found") -> course | E16: =_xlfn.XLOOKUP(A16,'OJT IDs'!A:A,'OJT IDs'!N:N,"Not found") -> IHG056045-OJT | F16: =_xlfn.XLOOKUP(E16,'OJT Links'!E:E,'OJT Links'!H:H,"Not found") -> https://mylearning.sumtotal.host/core/pillarRedirect?relyingParty=LM&url=app%2Fmanagement%2FLMS_ActDetails.aspx%3FActivityId%3D468095%26UserMode%3D0
A17: Property Management System (PMS) | B17: Review maunufactor operating manual relevant department training in the PMS system | E17: =_xlfn.XLOOKUP(A17,'OJT IDs'!A:A,'OJT IDs'!N:N,"Not found") -> IHG5969164-OJT | F17: =_xlfn.XLOOKUP(E17,'OJT Links'!E:E,'OJT Links'!H:H,"Not found") -> https://mylearning.sumtotal.host/core/pillarRedirect?relyingParty=LM&url=app%2Fmanagement%2FLMS_ActDetails.aspx%3FActivityId%3D602920%26UserMode%3D0
A18: True Hospitality Service Skills | B18: View the videos with your group to complete the learning offer . Once complete, review the assessments as a group. NOTE: Assessment records are not required) | C18: Link | D18: =_xlfn.XLOOKUP(A18,'All Courses'!A:A,'All Courses'!D:D,"Not found") -> course | E18: =_xlfn.XLOOKUP(A18,'OJT IDs'!A:A,'OJT IDs'!N:N,"Not found") -> IHG051263-OJT | F18: =_xlfn.XLOOKUP(E18,'OJT Links'!E:E,'OJT Links'!H:H,"Not found") -> https://mylearning.sumtotal.host/core/pillarRedirect?relyingParty=LM&url=app%2Fmanagement%2FLMS_ActDetails.aspx%3FActivityId%3D468089%26UserMode%3D0
A19: Welcome to IHG | B19: View the videos with your group to complete the learning offer | C19: Link | D19: =_xlfn.XLOOKUP(A19,'All Courses'!A:A,'All Courses'!D:D,"Not found") -> course | E19: =_xlfn.XLOOKUP(A19,'OJT IDs'!A:A,'OJT IDs'!N:N,"Not found") -> IHG058044-OJT | F19: =_xlfn.XLOOKUP(E19,'OJT Links'!E:E,'OJT Links'!H:H,"Not found") -> Not found
A20: Property Orientation | B20: Complete a tour of your property with new hires. | E20: =_xlfn.XLOOKUP(A20,'OJT IDs'!A:A,'OJT IDs'!N:N,"Not found") -> IHG8342629-OJT | F20: =_xlfn.XLOOKUP(E20,'OJT Links'!E:E,'OJT Links'!H:H,"Not found") -> https://mylearning.sumtotal.host/core/pillarRedirect?relyingParty=LM&url=app%2Fmanagement%2FLMS_ActDetails.aspx%3FActivityId%3D603028%26UserMode%3D0

Sheet Hotel Indigo
A1: Course Title | B1: Instructions | C1: Hyperlink for Access | D1: Access ______ | E1: Not visible to learner: OJT Course ID: | F1: Create OJT Button
A2: Art of Breakfast | B2: Use the link provided to access the learning offer. Review the offering in its entirety to complete. | C2: https://ihgfbamericas.com/wp-content/uploads/2016/09/The-Art-of-Breakfast-Service-Manager-Handbook-1.pdf | D2: =_xlfn.XLOOKUP(A2,'All Courses'!A:A,'All Courses'!D:D,"Not found") -> Resource | E2: =_xlfn.XLOOKUP(A2,'OJT IDs'!A:A,'OJT IDs'!N:N,"Not found") -> IHG1353819-OJT | F2: =_xlfn.XLOOKUP(E2,'OJT Links'!E:E,'OJT Links'!H:H,"Not found") -> https://mylearning.sumtotal.host/core/pillarRedirect?relyingParty=LM&url=app%2Fmanagement%2FLMS_ActDetails.aspx%3FActivityId%3D601508%26UserMode%3D0
A3: Art of Room | B3: Use the link provided to access the learning offer. Review the offering in its entirety to complete. | C3: https://ihgfbamericas.com/wp-content/uploads/2016/09/Art-of-Room-Service-Training-Manual.pdf | D3: =_xlfn.XLOOKUP(A3,'All Courses'!A:A,'All Courses'!D:D,"Not found") -> Resource | E3: =_xlfn.XLOOKUP(A3,'OJT IDs'!A:A,'OJT IDs'!N:N,"Not found") -> IHG9959789-OJT | F3: =_xlfn.XLOOKUP(E3,'OJT Links'!E:E,'OJT Links'!H:H,"Not found") -> https://mylearning.sumtotal.host/core/pillarRedirect?relyingParty=LM&url=app%2Fmanagement%2FLMS_ActDetails.aspx%3FActivityId%3D601510%26UserMode%3D0
A4: Business Services training | B4: Review maunufactor operating manuals for equipment and software. | E4: =_xlfn.XLOOKUP(A4,'OJT IDs'!A:A,'OJT IDs'!N:N,"Not found") -> IHG6321776-OJT | F4: =_xlfn.XLOOKUP(E4,'OJT Links'!E:E,'OJT Links'!H:H,"Not found") -> https://mylearning.sumtotal.host/core/pillarRedirect?relyingParty=LM&url=app%2Fmanagement%2FLMS_ActDetails.aspx%3FActivityId%3D601648%26UserMode%3D0
A5: Digital Check-in | B5: View the videos with your group to complete the learning offer | C5: https://mylearning.sumtotal.host/core/pillarRedirect?relyingParty=LM&url=app%2fmanagement%2fLMS_ActDetails.aspx%3fActivityId%3d41%26UserMode%3d0 | D5: =_xlfn.XLOOKUP(A5,'All Courses'!A:A,'All Courses'!D:D,"Not found") -> course | E5: =_xlfn.XLOOKUP(A5,'OJT IDs'!A:A,'OJT IDs'!N:N,"Not found") -> IHG0061303-OJT | F5: =_xlfn.XLOOKUP(E5,'OJT Links'!E:E,'OJT Links'!H:H,"Not found") -> https://mylearning.sumtotal.host/core/pillarRedirect?relyingParty=LM&url=app%2Fmanagement%2FLMS_ActDetails.aspx%3FActivityId%3D595005%26UserMode%3D0
A6: First Aid | B6: Review your first aid procedures and practices. | E6: =_xlfn.XLOOKUP(A6,'OJT IDs'!A:A,'OJT IDs'!N:N,"Not found") -> IHG1885862-OJT | F6: =_xlfn.XLOOKUP(E6,'OJT Links'!E:E,'OJT Links'!H:H,"Not found") -> https://mylearning.sumtotal.host/core/pillarRedirect?relyingParty=LM&url=app%2Fmanagement%2FLMS_ActDetails.aspx%3FActivityId%3D601671%26UserMode%3D0
A7: Handling Credit Cards Securely | B7: View the videos with your group to complete the learning offer | C7: https://me2.ihgmerlin.com/web/init-ihg-information-security/homeandhttps://me2.ihgmerlin.com/web/init-pci-compliance | D7: =_xlfn.XLOOKUP(A7,'All Courses'!A:A,'All Courses'!D:D,"Not found") -> Resource | E7: =_xlfn.XLOOKUP(A7,'OJT IDs'!A:A,'OJT IDs'!N:N,"Not found") -> IHG0047626-OJT | F7: =_xlfn.XLOOKUP(E7,'OJT Links'!E:E,'OJT Links'!H:H,"Not found") -> Not found
A8: Health & Safety, Security an Emergency Procedures | B8: Review your health safety and security procedures, including fire evacuation plan. | C8: Link | D8: =_xlfn.XLOOKUP(A8,'All Courses'!A:A,'All Courses'!D:D,"Not found") -> course | E8: =_xlfn.XLOOKUP(A8,'OJT IDs'!A:A,'OJT IDs'!N:N,"Not found") -> IHG9191264-OJT | F8: =_xlfn.XLOOKUP(E8,'OJT Links'!E:E,'OJT Links'!H:H,"Not found") -> https://mylearning.sumtotal.host/core/pillarRedirect?relyingParty=LM&url=app%2Fmanagement%2FLMS_ActDetails.aspx%3FActivityId%3D601724%26UserMode%3D0
A9: Housekeeping Safety Device (US & Canada only) | B9: Review maunufactor operating manual for equipment and procedure for action when an alarm is triggered | E9: =_xlfn.XLOOKUP(A9,'OJT IDs'!A:A,'OJT IDs'!N:N,"Not found") -> IHG8611503-OJT | F9: =_xlfn.XLOOKUP(E9,'OJT Links'!E:E,'OJT Links'!H:H,"Not found") -> https://mylearning.sumtotal.host/core/pillarRedirect?relyingParty=LM&url=app%2Fmanagement%2FLMS_ActDetails.aspx%3FActivityId%3D601740%26UserMode%3D0
A10: Getting to Know IHG Concerto | B10: View the videos with your group to complete the learning offer . Once complete, review the assessments as a group. NOTE: Assessment records are not required) | C10: https://mylearning.sumtotal.host/core/pillarRedirect?relyingParty=LM&url=app%2fmanagement%2fLMS_ActDetails.aspx%3fActivityId%3d52090%26UserMode%3d0 | D10: =_xlfn.XLOOKUP(A10,'All Courses'!A:A,'All Courses'!D:D,"Not found") -> course | E10: =_xlfn.XLOOKUP(A10,'OJT IDs'!A:A,'OJT IDs'!N:N,"Not found") -> IHG0049491-OJT | F10: =_xlfn.XLOOKUP(E10,'OJT Links'!E:E,'OJT Links'!H:H,"Not found") -> https://mylearning.sumtotal.host/core/pillarRedirect?relyingParty=LM&url=app%2Fmanagement%2FLMS_ActDetails.aspx%3FActivityId%3D595027%26UserMode%3D0
A11: IHG Voice Program Training | B11: View the videos with your group to complete the learning offer | C11: https://mylearning.sumtotal.host/core/pillarRedirect?relyingParty=LM&url=app%2fmanagement%2fLMS_ActDetails.aspx%3fActivityId%3d2823%26UserMode%3d0 | D11: =_xlfn.XLOOKUP(A11,'All Courses'!A:A,'All Courses'!D:D,"Not found") -> course | E11: =_xlfn.XLOOKUP(A11,'OJT IDs'!A:A,'OJT IDs'!N:N,"Not found") -> IHG0054667-OJT | F11: =_xlfn.XLOOKUP(E11,'OJT Links'!E:E,'OJT Links'!H:H,"Not found") -> https://mylearning.sumtotal.host/core/pillarRedirect?relyingParty=LM&url=app%2Fmanagement%2FLMS_ActDetails.aspx%3FActivityId%3D595030%26UserMode%3D0
A12: IHG Way of Clean 5-S Cleaning Program | B12: View the videos with your group to complete the learning offer . Once complete, review the assessments as a group. NOTE: Assessment records are not required) | C12: Link | D12: =_xlfn.XLOOKUP(A12,'All Courses'!A:A,'All Courses'!D:D,"Not found") -> course | E12: =_xlfn.XLOOKUP(A12,'OJT IDs'!A:A,'OJT IDs'!N:N,"Not found") -> IHG7376524-OJT | F12: =_xlfn.XLOOKUP(E12,'OJT Links'!E:E,'OJT Links'!H:H,"Not found") -> https://mylearning.sumtotal.host/core/pillarRedirect?relyingParty=LM&url=app%2Fmanagement%2FLMS_ActDetails.aspx%3FActivityId%3D468097%26UserMode%3D0
A13: IHG Way of Clean 5-S Cleaning Program for Non-Housekeeping Colleagues | B13: View the videos with your group to complete the learning offer . Once complete, review the assessments as a group. NOTE: Assessment records are not required) | C13: Link | D13: =_xlfn.XLOOKUP(A13,'All Courses'!A:A,'All Courses'!D:D,"Not found") -> course | E13: =_xlfn.XLOOKUP(A13,'OJT IDs'!A:A,'OJT IDs'!N:N,"Not found") -> IHG1227263-OJT | F13: =_xlfn.XLOOKUP(E13,'OJT Links'!E:E,'OJT Links'!H:H,"Not found") -> https://mylearning.sumtotal.host/core/pillarRedirect?relyingParty=LM&url=app%2Fmanagement%2FLMS_ActDetails.aspx%3FActivityId%3D595028%26UserMode%3D0
A14: IHG World Class Beverage Academy - 101 Essentials | B14: View the videos with your group to complete the learning offer . Once complete, review the assessments as a group. NOTE: Assessment records are not required) | C14: Link | D14: =_xlfn.XLOOKUP(A14,'All Courses'!A:A,'All Courses'!D:D,"Not found") -> course | E14: =_xlfn.XLOOKUP(A14,'OJT IDs'!A:A,'OJT IDs'!N:N,"Not found") -> IHG052185-OJT | F14: =_xlfn.XLOOKUP(E14,'OJT Links'!E:E,'OJT Links'!H:H,"Not found") -> https://mylearning.sumtotal.host/core/pillarRedirect?relyingParty=LM&url=app%2Fmanagement%2FLMS_ActDetails.aspx%3FActivityId%3D595029%26UserMode%3D0
A15: Introduction to Information Security | B15: View the videos with your group to complete the learning offer | C15: Link | D15: =_xlfn.XLOOKUP(A15,'All Courses'!A:A,'All Courses'!D:D,"Not found") -> course | E15: =_xlfn.XLOOKUP(A15,'OJT IDs'!A:A,'OJT IDs'!N:N,"Not found") -> IHG0047625-OJT | F15: =_xlfn.XLOOKUP(E15,'OJT Links'!E:E,'OJT Links'!H:H,"Not found") -> https://mylearning.sumtotal.host/core/pillarRedirect?relyingParty=LM&url=app%2Fmanagement%2FLMS_ActDetails.aspx%3FActivityId%3D596770%26UserMode%3D0
A16: Leading and Sustaining your Service Culture | B16: View the videos with your group to complete the learning offer . Once complete, review the assessments as a group. NOTE: Assessment records are not required) | C16: Link | D16: =_xlfn.XLOOKUP(A16,'All Courses'!A:A,'All Courses'!D:D,"Not found") -> course | E16: =_xlfn.XLOOKUP(A16,'OJT IDs'!A:A,'OJT IDs'!N:N,"Not found") -> IHG0056403-OJT | F16: =_xlfn.XLOOKUP(E16,'OJT Links'!E:E,'OJT Links'!H:H,"Not found") -> https://mylearning.sumtotal.host/core/pillarRedirect?relyingParty=LM&url=app%2Fmanagement%2FLMS_ActDetails.aspx%3FActivityId%3D596772%26UserMode%3D0
A17: Preventing Human Trafficking | B17: View the videos with your group to complete the learning offer . Once complete, review the assessments as a group. NOTE: Assessment records are not required) | C17: Link | D17: =_xlfn.XLOOKUP(A17,'All Courses'!A:A,'All Courses'!D:D,"Not found") -> course | E17: =_xlfn.XLOOKUP(A17,'OJT IDs'!A:A,'OJT IDs'!N:N,"Not found") -> IHG0057043-v2024-OJT | F17: =_xlfn.XLOOKUP(E17,'OJT Links'!E:E,'OJT Links'!H:H,"Not found") -> https://mylearning.sumtotal.host/core/pillarRedirect?relyingParty=LM&url=app%2Fmanagement%2FLMS_ActDetails.aspx%3FActivityId%3D468091%26UserMode%3D0
A18: IHG Problem Handling V2 | B18: View the videos with your group to complete the learning offer . Once complete, review the assessments as a group. NOTE: Assessment records are not required) | C18: https://ihg.sharepoint.com/sites/ResponsibleBusiness/SitePages/Human-Rights-Brand-Standards-Guidance.aspx | D18: =_xlfn.XLOOKUP(A18,'All Courses'!A:A,'All Courses'!D:D,"Not found") -> course | E18: =_xlfn.XLOOKUP(A18,'OJT IDs'!A:A,'OJT IDs'!N:N,"Not found") -> IHG056045-OJT | F18: =_xlfn.XLOOKUP(E18,'OJT Links'!E:E,'OJT Links'!H:H,"Not found") -> https://mylearning.sumtotal.host/core/pillarRedirect?relyingParty=LM&url=app%2Fmanagement%2FLMS_ActDetails.aspx%3FActivityId%3D468095%26UserMode%3D0
A19: Property Management System (PMS) | B19: Review maunufactor operating manual relevant department training in the PMS system | C19: Link | E19: =_xlfn.XLOOKUP(A19,'OJT IDs'!A:A,'OJT IDs'!N:N,"Not found") -> IHG5969164-OJT | F19: =_xlfn.XLOOKUP(E19,'OJT Links'!E:E,'OJT Links'!H:H,"Not found") -> https://mylearning.sumtotal.host/core/pillarRedirect?relyingParty=LM&url=app%2Fmanagement%2FLMS_ActDetails.aspx%3FActivityId%3D602920%26UserMode%3D0
A20: True Hospitality Service Skills | B20: View the videos with your group to complete the learning offer . Once complete, review the assessments as a group. NOTE: Assessment records are not required) | D20: =_xlfn.XLOOKUP(A20,'All Courses'!A:A,'All Courses'!D:D,"Not found") -> course | E20: =_xlfn.XLOOKUP(A20,'OJT IDs'!A:A,'OJT IDs'!N:N,"Not found") -> IHG051263-OJT | F20: =_xlfn.XLOOKUP(E20,'OJT Links'!E:E,'OJT Links'!H:H,"Not found") -> https://mylearning.sumtotal.host/core/pillarRedirect?relyingParty=LM&url=app%2Fmanagement%2FLMS_ActDetails.aspx%3FActivityId%3D468089%26UserMode%3D0
A21: Welcome to IHG | B21: View the videos with your group to complete the learning offer | C21: Link | D21: =_xlfn.XLOOKUP(A21,'All Courses'!A:A,'All Courses'!D:D,"Not found") -> course | E21: =_xlfn.XLOOKUP(A21,'OJT IDs'!A:A,'OJT IDs'!N:N,"Not found") -> IHG058044-OJT | F21: =_xlfn.XLOOKUP(E21,'OJT Links'!E:E,'OJT Links'!H:H,"Not found") -> Not found
A22: Property Orientation | B22: Complete a tour of your property with new hires. | C22: Link | E22: =_xlfn.XLOOKUP(A22,'OJT IDs'!A:A,'OJT IDs'!N:N,"Not found") -> IHG8342629-OJT | F22: =_xlfn.XLOOKUP(E22,'OJT Links'!E:E,'OJT Links'!H:H,"Not found") -> https://mylearning.sumtotal.host/core/pillarRedirect?relyingParty=LM&url=app%2Fmanagement%2FLMS_ActDetails.aspx%3FActivityId%3D603028%26UserMode%3D0
A23: Hotel Indigo Inspire New Stories Brand Experience Training | B23: View the videos with your group to complete the learning offer . Once complete, review the assessments as a group. NOTE: Assessment records are not required) | D23: =_xlfn.XLOOKUP(A23,'All Courses'!A:A,'All Courses'!D:D,"Not found") -> course | E23: =_xlfn.XLOOKUP(A23,'OJT IDs'!A:A,'OJT IDs'!N:N,"Not found") -> IHG0064483-OJT | F23: =_xlfn.XLOOKUP(E23,'OJT Links'!E:E,'OJT Links'!H:H,"Not found") -> https://mylearning.sumtotal.host/core/pillarRedirect?relyingParty=LM&url=app%2Fmanagement%2FLMS_ActDetails.aspx%3FActivityId%3D595025%26UserMode%3D0
A24: Hotel Indigo Inspire New Stories Brand Orientation | B24: View the videos with your group to complete the learning offer . Once complete, review the assessments as a group. NOTE: Assessment records are not required) | C24: https://mylearning.sumtotal.host/core/pillarRedirect?relyingParty=LM&url=app%2fmanagement%2fLMS_ActDetails.aspx%3fActivityId%3d14870%26UserMode%3d0 | D24: =_xlfn.XLOOKUP(A24,'All Courses'!A:A,'All Courses'!D:D,"Not found") -> course | E24: =_xlfn.XLOOKUP(A24,'OJT IDs'!A:A,'OJT IDs'!N:N,"Not found") -> IHG0064483-OJT | F24: =_xlfn.XLOOKUP(E24,'OJT Links'!E:E,'OJT Links'!H:H,"Not found") -> https://mylearning.sumtotal.host/core/pillarRedirect?relyingParty=LM&url=app%2Fmanagement%2FLMS_ActDetails.aspx%3FActivityId%3D595025%26UserMode%3D0

Sheet voco
A1: Course Title | B1: Instructions | C1: Hyperlink for Access | D1: Access ______ | E1: Not visible to learner: OJT Course ID: | F1: Create OJT Button
A2: Digital Check-in | B2: View the videos with your group to complete the learning offer | C2: https://mylearning.sumtotal.host/core/pillarRedirect?relyingParty=LM&url=app%2fmanagement%2fLMS_ActDetails.aspx%3fActivityId%3d41%26UserMode%3d0 | D2: =_xlfn.XLOOKUP(A2,'All Courses'!A:A,'All Courses'!D:D,"Not found") -> course | E2: =_xlfn.XLOOKUP(A2,'OJT IDs'!A:A,'OJT IDs'!N:N,"Not found") -> IHG0061303-OJT | F2: =_xlfn.XLOOKUP(E2,'OJT Links'!E:E,'OJT Links'!H:H,"Not found") -> https://mylearning.sumtotal.host/core/pillarRedirect?relyingParty=LM&url=app%2Fmanagement%2FLMS_ActDetails.aspx%3FActivityId%3D595005%26UserMode%3D0
A3: First Aid | B3: Review your first aid procedures and practices. | E3: =_xlfn.XLOOKUP(A3,'OJT IDs'!A:A,'OJT IDs'!N:N,"Not found") -> IHG1885862-OJT | F3: =_xlfn.XLOOKUP(E3,'OJT Links'!E:E,'OJT Links'!H:H,"Not found") -> https://mylearning.sumtotal.host/core/pillarRedirect?relyingParty=LM&url=app%2Fmanagement%2FLMS_ActDetails.aspx%3FActivityId%3D601671%26UserMode%3D0
A4: Handling Credit Cards Securely | B4: View the videos with your group to complete the learning offer | C4: https://me2.ihgmerlin.com/web/init-ihg-information-security/homeandhttps://me2.ihgmerlin.com/web/init-pci-compliance | D4: =_xlfn.XLOOKUP(A4,'All Courses'!A:A,'All Courses'!D:D,"Not found") -> Resource | E4: =_xlfn.XLOOKUP(A4,'OJT IDs'!A:A,'OJT IDs'!N:N,"Not found") -> IHG0047626-OJT | F4: =_xlfn.XLOOKUP(E4,'OJT Links'!E:E,'OJT Links'!H:H,"Not found") -> Not found
A5: Health & Safety, Security an Emergency Procedures | B5: Review your health safety and security procedures, including fire evacuation plan. | C5: Link | D5: =_xlfn.XLOOKUP(A5,'All Courses'!A:A,'All Courses'!D:D,"Not found") -> course | E5: =_xlfn.XLOOKUP(A5,'OJT IDs'!A:A,'OJT IDs'!N:N,"Not found") -> IHG9191264-OJT | F5: =_xlfn.XLOOKUP(E5,'OJT Links'!E:E,'OJT Links'!H:H,"Not found") -> https://mylearning.sumtotal.host/core/pillarRedirect?relyingParty=LM&url=app%2Fmanagement%2FLMS_ActDetails.aspx%3FActivityId%3D601724%26UserMode%3D0
A6: Housekeeping Safety Device (US & Canada only) | B6: Review maunufactor operating manual for equipment and procedure for action when an alarm is triggered | E6: =_xlfn.XLOOKUP(A6,'OJT IDs'!A:A,'OJT IDs'!N:N,"Not found") -> IHG8611503-OJT | F6: =_xlfn.XLOOKUP(E6,'OJT Links'!E:E,'OJT Links'!H:H,"Not found") -> https://mylearning.sumtotal.host/core/pillarRedirect?relyingParty=LM&url=app%2Fmanagement%2FLMS_ActDetails.aspx%3FActivityId%3D601740%26UserMode%3D0
A7: Getting to Know IHG Concerto | B7: View the videos with your group to complete the learning offer . Once complete, review the assessments as a group. NOTE: Assessment records are not required) | C7: https://mylearning.sumtotal.host/core/pillarRedirect?relyingParty=LM&url=app%2fmanagement%2fLMS_ActDetails.aspx%3fActivityId%3d52090%26UserMode%3d0 | D7: =_xlfn.XLOOKUP(A7,'All Courses'!A:A,'All Courses'!D:D,"Not found") -> course | E7: =_xlfn.XLOOKUP(A7,'OJT IDs'!A:A,'OJT IDs'!N:N,"Not found") -> IHG0049491-OJT | F7: =_xlfn.XLOOKUP(E7,'OJT Links'!E:E,'OJT Links'!H:H,"Not found") -> https://mylearning.sumtotal.host/core/pillarRedirect?relyingParty=LM&url=app%2Fmanagement%2FLMS_ActDetails.aspx%3FActivityId%3D595027%26UserMode%3D0
A8: IHG Voice Program Training | B8: View the videos with your group to complete the learning offer | C8: https://mylearning.sumtotal.host/core/pillarRedirect?relyingParty=LM&url=app%2fmanagement%2fLMS_ActDetails.aspx%3fActivityId%3d2823%26UserMode%3d0 | D8: =_xlfn.XLOOKUP(A8,'All Courses'!A:A,'All Courses'!D:D,"Not found") -> course | E8: =_xlfn.XLOOKUP(A8,'OJT IDs'!A:A,'OJT IDs'!N:N,"Not found") -> IHG0054667-OJT | F8: =_xlfn.XLOOKUP(E8,'OJT Links'!E:E,'OJT Links'!H:H,"Not found") -> https://mylearning.sumtotal.host/core/pillarRedirect?relyingParty=LM&url=app%2Fmanagement%2FLMS_ActDetails.aspx%3FActivityId%3D595030%26UserMode%3D0
A9: IHG Way of Clean 5-S Cleaning Program | B9: View the videos with your group to complete the learning offer . Once complete, review the assessments as a group. NOTE: Assessment records are not required) | C9: Link | D9: =_xlfn.XLOOKUP(A9,'All Courses'!A:A,'All Courses'!D:D,"Not found") -> course | E9: =_xlfn.XLOOKUP(A9,'OJT IDs'!A:A,'OJT IDs'!N:N,"Not found") -> IHG7376524-OJT | F9: =_xlfn.XLOOKUP(E9,'OJT Links'!E:E,'OJT Links'!H:H,"Not found") -> https://mylearning.sumtotal.host/core/pillarRedirect?relyingParty=LM&url=app%2Fmanagement%2FLMS_ActDetails.aspx%3FActivityId%3D468097%26UserMode%3D0
A10: IHG Way of Clean 5-S Cleaning Program for Non-Housekeeping Colleagues | B10: View the videos with your group to complete the learning offer . Once complete, review the assessments as a group. NOTE: Assessment records are not required) | C10: Link | D10: =_xlfn.XLOOKUP(A10,'All Courses'!A:A,'All Courses'!D:D,"Not found") -> course | E10: =_xlfn.XLOOKUP(A10,'OJT IDs'!A:A,'OJT IDs'!N:N,"Not found") -> IHG1227263-OJT | F10: =_xlfn.XLOOKUP(E10,'OJT Links'!E:E,'OJT Links'!H:H,"Not found") -> https://mylearning.sumtotal.host/core/pillarRedirect?relyingParty=LM&url=app%2Fmanagement%2FLMS_ActDetails.aspx%3FActivityId%3D595028%26UserMode%3D0
A11: IHG World Class Beverage Academy - 101 Essentials | B11: View the videos with your group to complete the learning offer . Once complete, review the assessments as a group. NOTE: Assessment records are not required) | C11: Link | D11: =_xlfn.XLOOKUP(A11,'All Courses'!A:A,'All Courses'!D:D,"Not found") -> course | E11: =_xlfn.XLOOKUP(A11,'OJT IDs'!A:A,'OJT IDs'!N:N,"Not found") -> IHG052185-OJT | F11: =_xlfn.XLOOKUP(E11,'OJT Links'!E:E,'OJT Links'!H:H,"Not found") -> https://mylearning.sumtotal.host/core/pillarRedirect?relyingParty=LM&url=app%2Fmanagement%2FLMS_ActDetails.aspx%3FActivityId%3D595029%26UserMode%3D0
A12: Introduction to Information Security | B12: View the videos with your group to complete the learning offer | C12: Link | D12: =_xlfn.XLOOKUP(A12,'All Courses'!A:A,'All Courses'!D:D,"Not found") -> course | E12: =_xlfn.XLOOKUP(A12,'OJT IDs'!A:A,'OJT IDs'!N:N,"Not found") -> IHG0047625-OJT | F12: =_xlfn.XLOOKUP(E12,'OJT Links'!E:E,'OJT Links'!H:H,"Not found") -> https://mylearning.sumtotal.host/core/pillarRedirect?relyingParty=LM&url=app%2Fmanagement%2FLMS_ActDetails.aspx%3FActivityId%3D596770%26UserMode%3D0
A13: Leading and Sustaining your Service Culture | B13: View the videos with your group to complete the learning offer . Once complete, review the assessments as a group. NOTE: Assessment records are not required) | C13: Link | D13: =_xlfn.XLOOKUP(A13,'All Courses'!A:A,'All Courses'!D:D,"Not found") -> course | E13: =_xlfn.XLOOKUP(A13,'OJT IDs'!A:A,'OJT IDs'!N:N,"Not found") -> IHG0056403-OJT | F13: =_xlfn.XLOOKUP(E13,'OJT Links'!E:E,'OJT Links'!H:H,"Not found") -> https://mylearning.sumtotal.host/core/pillarRedirect?relyingParty=LM&url=app%2Fmanagement%2FLMS_ActDetails.aspx%3FActivityId%3D596772%26UserMode%3D0
A14: Preventing Human Trafficking | B14: View the videos with your group to complete the learning offer . Once complete, review the assessments as a group. NOTE: Assessment records are not required) | C14: Link https://ihg.sharepoint.com/sites/ResponsibleBusiness/SitePages/Human-Rights-Brand-Standards-Guidance.aspx | D14: =_xlfn.XLOOKUP(A14,'All Courses'!A:A,'All Courses'!D:D,"Not found") -> course | E14: =_xlfn.XLOOKUP(A14,'OJT IDs'!A:A,'OJT IDs'!N:N,"Not found") -> IHG0057043-v2024-OJT | F14: =_xlfn.XLOOKUP(E14,'OJT Links'!E:E,'OJT Links'!H:H,"Not found") -> https://mylearning.sumtotal.host/core/pillarRedirect?relyingParty=LM&url=app%2Fmanagement%2FLMS_ActDetails.aspx%3FActivityId%3D468091%26UserMode%3D0
A15: IHG Problem Handling V2 | B15: View the videos with your group to complete the learning offer . Once complete, review the assessments as a group. NOTE: Assessment records are not required) | C15: Link | D15: =_xlfn.XLOOKUP(A15,'All Courses'!A:A,'All Courses'!D:D,"Not found") -> course | E15: =_xlfn.XLOOKUP(A15,'OJT IDs'!A:A,'OJT IDs'!N:N,"Not found") -> IHG056045-OJT | F15: =_xlfn.XLOOKUP(E15,'OJT Links'!E:E,'OJT Links'!H:H,"Not found") -> https://mylearning.sumtotal.host/core/pillarRedirect?relyingParty=LM&url=app%2Fmanagement%2FLMS_ActDetails.aspx%3FActivityId%3D468095%26UserMode%3D0
A16: Property Management System (PMS) | B16: Review maunufactor operating manual relevant department training in the PMS system | E16: =_xlfn.XLOOKUP(A16,'OJT IDs'!A:A,'OJT IDs'!N:N,"Not found") -> IHG5969164-OJT | F16: =_xlfn.XLOOKUP(E16,'OJT Links'!E:E,'OJT Links'!H:H,"Not found") -> https://mylearning.sumtotal.host/core/pillarRedirect?relyingParty=LM&url=app%2Fmanagement%2FLMS_ActDetails.aspx%3FActivityId%3D602920%26UserMode%3D0
A17: True Hospitality Service Skills | B17: View the videos with your group to complete the learning offer . Once complete, review the assessments as a group. NOTE: Assessment records are not required) | C17: Link | D17: =_xlfn.XLOOKUP(A17,'All Courses'!A:A,'All Courses'!D:D,"Not found") -> course | E17: =_xlfn.XLOOKUP(A17,'OJT IDs'!A:A,'OJT IDs'!N:N,"Not found") -> IHG051263-OJT | F17: =_xlfn.XLOOKUP(E17,'OJT Links'!E:E,'OJT Links'!H:H,"Not found") -> https://mylearning.sumtotal.host/core/pillarRedirect?relyingParty=LM&url=app%2Fmanagement%2FLMS_ActDetails.aspx%3FActivityId%3D468089%26UserMode%3D0
A18: Welcome to IHG | B18: View the videos with your group to complete the learning offer | C18: Link | D18: =_xlfn.XLOOKUP(A18,'All Courses'!A:A,'All Courses'!D:D,"Not found") -> course | E18: =_xlfn.XLOOKUP(A18,'OJT IDs'!A:A,'OJT IDs'!N:N,"Not found") -> IHG058044-OJT | F18: =_xlfn.XLOOKUP(E18,'OJT Links'!E:E,'OJT Links'!H:H,"Not found") -> Not found
A19: Property Orientation | B19: Complete a tour of your property with new hires. | E19: =_xlfn.XLOOKUP(A19,'OJT IDs'!A:A,'OJT IDs'!N:N,"Not found") -> IHG8342629-OJT | F19: =_xlfn.XLOOKUP(E19,'OJT Links'!E:E,'OJT Links'!H:H,"Not found") -> https://mylearning.sumtotal.host/core/pillarRedirect?relyingParty=LM&url=app%2Fmanagement%2FLMS_ActDetails.aspx%3FActivityId%3D603028%26UserMode%3D0
A20: voco Hotels Brand Experience Training | B20: View the videos with your group to complete the learning offer . Once complete, review the assessments as a group. NOTE: Assessment records are not required) | C20: https://mylearning.sumtotal.host/core/pillarRedirect?relyingParty=LM&url=app%2fmanagement%2fLMS_ActDetails.aspx%3fActivityId%3d16585%26UserMode%3d0 | D20: =_xlfn.XLOOKUP(A20,'All Courses'!A:A,'All Courses'!D:D,"Not found") -> course | E20: =_xlfn.XLOOKUP(A20,'OJT IDs'!A:A,'OJT IDs'!N:N,"Not found") -> IHG0066043-OJT | F20: =_xlfn.XLOOKUP(E20,'OJT Links'!E:E,'OJT Links'!H:H,"Not found") -> https://mylearning.sumtotal.host/core/pillarRedirect?relyingParty=LM&url=app%2Fmanagement%2FLMS_ActDetails.aspx%3FActivityId%3D596785%26UserMode%3D0
A21: voco hotels Brand Orientation Training | B21: View the videos with your group to complete the learning offer . Once complete, review the assessments as a group. NOTE: Assessment records are not required) | C21: https://mylearning.sumtotal.host/core/pillarRedirect?relyingParty=LM&url=app%2fmanagement%2fLMS_ActDetails.aspx%3fActivityId%3d3735%26UserMode%3d0 | D21: =_xlfn.XLOOKUP(A21,'All Courses'!A:A,'All Courses'!D:D,"Not found") -> course | E21: =_xlfn.XLOOKUP(A21,'OJT IDs'!A:A,'OJT IDs'!N:N,"Not found") -> IHG0065384-OJT | F21: =_xlfn.XLOOKUP(E21,'OJT Links'!E:E,'OJT Links'!H:H,"Not found") -> https://mylearning.sumtotal.host/core/pillarRedirect?relyingParty=LM&url=app%2Fmanagement%2FLMS_ActDetails.aspx%3FActivityId%3D596786%26UserMode%3D0

Sheet Crowne Plaza
A1: Course Title | B1: Instructions | C1: Hyperlink for Access | D1: Access ______ | E1: Not visible to learner: OJT Course ID: | F1: Create OJT Button
A2: Crowne Plaza IGNITE Menu Program Videos - Recipes (North America) | B2: View the videos with your group to complete the learning offer | C2: Link | D2: Course | E2: IHG057307-EN-OJT | F2: =_xlfn.XLOOKUP(E2,'OJT Links'!E:E,'OJT Links'!H:H,"Not found") -> https://mylearning.sumtotal.host/core/pillarRedirect?relyingParty=LM&url=app%2Fmanagement%2FLMS_ActDetails.aspx%3FActivityId%3D595000%26UserMode%3D0
A3: Crowne Plaza Ignite Menu Programme Video - Recipes - Latin America | B3: View the videos with your group to complete the learning offer | C3: Link | D3: Course | E3: IHG057307-ES-OJT | F3: =_xlfn.XLOOKUP(E3,'OJT Links'!E:E,'OJT Links'!H:H,"Not found") -> https://mylearning.sumtotal.host/core/pillarRedirect?relyingParty=LM&url=app%2Fmanagement%2FLMS_ActDetails.aspx%3FActivityId%3D595001%26UserMode%3D0
A4: Crowne Plaza Ignite Menu Programme Video - Service | B4: View the videos with your group to complete the learning offer | C4: Link | D4: =_xlfn.XLOOKUP(A4,'All Courses'!A:A,'All Courses'!D:D,"Not found") -> course | E4: =_xlfn.XLOOKUP(A4,'OJT IDs'!A:A,'OJT IDs'!N:N,"Not found") -> IHG0057306-OJT | F4: =_xlfn.XLOOKUP(E4,'OJT Links'!E:E,'OJT Links'!H:H,"Not found") -> https://mylearning.sumtotal.host/core/pillarRedirect?relyingParty=LM&url=app%2Fmanagement%2FLMS_ActDetails.aspx%3FActivityId%3D595002%26UserMode%3D0
A5: Crowne Plaza Meeting Essentials | B5: View the videos with your group to complete the learning offer | C5: https://core-ihg.bravais.com/s/JyQdZmm70U6o8n6ZeWjP | D5: =_xlfn.XLOOKUP(A5,'All Courses'!A:A,'All Courses'!D:D,"Not found") -> Resource | E5: =_xlfn.XLOOKUP(A5,'OJT IDs'!A:A,'OJT IDs'!N:N,"Not found") -> IHG0048244-OJT | F5: =_xlfn.XLOOKUP(E5,'OJT Links'!E:E,'OJT Links'!H:H,"Not found") -> https://mylearning.sumtotal.host/core/pillarRedirect?relyingParty=LM&url=app%2Fmanagement%2FLMS_ActDetails.aspx%3FActivityId%3D595003%26UserMode%3D0
A6: Crowne Plaza Power up Mornings Breakfast Program | B6: View the videos with your group to complete the learning offer | D6: =_xlfn.XLOOKUP(A6,'All Courses'!A:A,'All Courses'!D:D,"Not found") -> course | E6: =_xlfn.XLOOKUP(A6,'OJT IDs'!A:A,'OJT IDs'!N:N,"Not found") -> IHG057363-OJT | F6: =_xlfn.XLOOKUP(E6,'OJT Links'!E:E,'OJT Links'!H:H,"Not found") -> https://mylearning.sumtotal.host/core/pillarRedirect?relyingParty=LM&url=app%2Fmanagement%2FLMS_ActDetails.aspx%3FActivityId%3D595004%26UserMode%3D0
A7: Digital Check-in | B7: View the videos with your group to complete the learning offer | C7: https://mylearning.sumtotal.host/core/pillarRedirect?relyingParty=LM&url=app%2fmanagement%2fLMS_ActDetails.aspx%3fActivityId%3d41%26UserMode%3d0 | D7: =_xlfn.XLOOKUP(A7,'All Courses'!A:A,'All Courses'!D:D,"Not found") -> course | E7: =_xlfn.XLOOKUP(A7,'OJT IDs'!A:A,'OJT IDs'!N:N,"Not found") -> IHG0061303-OJT | F7: =_xlfn.XLOOKUP(E7,'OJT Links'!E:E,'OJT Links'!H:H,"Not found") -> https://mylearning.sumtotal.host/core/pillarRedirect?relyingParty=LM&url=app%2Fmanagement%2FLMS_ActDetails.aspx%3FActivityId%3D595005%26UserMode%3D0
A8: First Aid | B8: Review your first aid procedures and practices. | E8: =_xlfn.XLOOKUP(A8,'OJT IDs'!A:A,'OJT IDs'!N:N,"Not found") -> IHG1885862-OJT | F8: =_xlfn.XLOOKUP(E8,'OJT Links'!E:E,'OJT Links'!H:H,"Not found") -> https://mylearning.sumtotal.host/core/pillarRedirect?relyingParty=LM&url=app%2Fmanagement%2FLMS_ActDetails.aspx%3FActivityId%3D601671%26UserMode%3D0
A9: Handling Credit Cards Securely | B9: View the videos with your group to complete the learning offer | C9: https://me2.ihgmerlin.com/web/init-ihg-information-security/homeandhttps://me2.ihgmerlin.com/web/init-pci-compliance | D9: =_xlfn.XLOOKUP(A9,'All Courses'!A:A,'All Courses'!D:D,"Not found") -> Resource | E9: =_xlfn.XLOOKUP(A9,'OJT IDs'!A:A,'OJT IDs'!N:N,"Not found") -> IHG0047626-OJT | F9: =_xlfn.XLOOKUP(E9,'OJT Links'!E:E,'OJT Links'!H:H,"Not found") -> Not found
A10: Health & Safety, Security an Emergency Procedures | B10: Review your health safety and security procedures, including fire evacuation plan. | C10: Link | D10: =_xlfn.XLOOKUP(A10,'All Courses'!A:A,'All Courses'!D:D,"Not found") -> course | E10: =_xlfn.XLOOKUP(A10,'OJT IDs'!A:A,'OJT IDs'!N:N,"Not found") -> IHG9191264-OJT | F10: =_xlfn.XLOOKUP(E10,'OJT Links'!E:E,'OJT Links'!H:H,"Not found") -> https://mylearning.sumtotal.host/core/pillarRedirect?relyingParty=LM&url=app%2Fmanagement%2FLMS_ActDetails.aspx%3FActivityId%3D601724%26UserMode%3D0
A11: Housekeeping Safety Device (US & Canada only) | B11: Review maunufactor operating manual for equipment and procedure for action when an alarm is triggered | E11: =_xlfn.XLOOKUP(A11,'OJT IDs'!A:A,'OJT IDs'!N:N,"Not found") -> IHG8611503-OJT | F11: =_xlfn.XLOOKUP(E11,'OJT Links'!E:E,'OJT Links'!H:H,"Not found") -> https://mylearning.sumtotal.host/core/pillarRedirect?relyingParty=LM&url=app%2Fmanagement%2FLMS_ActDetails.aspx%3FActivityId%3D601740%26UserMode%3D0
A12: Getting to Know IHG Concerto | B12: View the videos with your group to complete the learning offer . Once complete, review the assessments as a group. NOTE: Assessment records are not required) | C12: https://mylearning.sumtotal.host/core/pillarRedirect?relyingParty=LM&url=app%2fmanagement%2fLMS_ActDetails.aspx%3fActivityId%3d52090%26UserMode%3d0 | D12: =_xlfn.XLOOKUP(A12,'All Courses'!A:A,'All Courses'!D:D,"Not found") -> course | E12: =_xlfn.XLOOKUP(A12,'OJT IDs'!A:A,'OJT IDs'!N:N,"Not found") -> IHG0049491-OJT | F12: =_xlfn.XLOOKUP(E12,'OJT Links'!E:E,'OJT Links'!H:H,"Not found") -> https://mylearning.sumtotal.host/core/pillarRedirect?relyingParty=LM&url=app%2Fmanagement%2FLMS_ActDetails.aspx%3FActivityId%3D595027%26UserMode%3D0
A13: IHG Voice Program Training | B13: View the videos with your group to complete the learning offer | C13: https://mylearning.sumtotal.host/core/pillarRedirect?relyingParty=LM&url=app%2fmanagement%2fLMS_ActDetails.aspx%3fActivityId%3d2823%26UserMode%3d0 | D13: =_xlfn.XLOOKUP(A13,'All Courses'!A:A,'All Courses'!D:D,"Not found") -> course | E13: =_xlfn.XLOOKUP(A13,'OJT IDs'!A:A,'OJT IDs'!N:N,"Not found") -> IHG0054667-OJT | F13: =_xlfn.XLOOKUP(E13,'OJT Links'!E:E,'OJT Links'!H:H,"Not found") -> https://mylearning.sumtotal.host/core/pillarRedirect?relyingParty=LM&url=app%2Fmanagement%2FLMS_ActDetails.aspx%3FActivityId%3D595030%26UserMode%3D0
A14: IHG Way of Clean 5-S Cleaning Program | B14: View the videos with your group to complete the learning offer . Once complete, review the assessments as a group. NOTE: Assessment records are not required) | C14: Link | D14: =_xlfn.XLOOKUP(A14,'All Courses'!A:A,'All Courses'!D:D,"Not found") -> course | E14: =_xlfn.XLOOKUP(A14,'OJT IDs'!A:A,'OJT IDs'!N:N,"Not found") -> IHG7376524-OJT | F14: =_xlfn.XLOOKUP(E14,'OJT Links'!E:E,'OJT Links'!H:H,"Not found") -> https://mylearning.sumtotal.host/core/pillarRedirect?relyingParty=LM&url=app%2Fmanagement%2FLMS_ActDetails.aspx%3FActivityId%3D468097%26UserMode%3D0
A15: IHG Way of Clean 5-S Cleaning Program for Non-Housekeeping Colleagues | B15: View the videos with your group to complete the learning offer . Once complete, review the assessments as a group. NOTE: Assessment records are not required) | C15: Link | D15: =_xlfn.XLOOKUP(A15,'All Courses'!A:A,'All Courses'!D:D,"Not found") -> course | E15: =_xlfn.XLOOKUP(A15,'OJT IDs'!A:A,'OJT IDs'!N:N,"Not found") -> IHG1227263-OJT | F15: =_xlfn.XLOOKUP(E15,'OJT Links'!E:E,'OJT Links'!H:H,"Not found") -> https://mylearning.sumtotal.host/core/pillarRedirect?relyingParty=LM&url=app%2Fmanagement%2FLMS_ActDetails.aspx%3FActivityId%3D595028%26UserMode%3D0
A16: IHG World Class Beverage Academy - 101 Essentials | B16: View the videos with your group to complete the learning offer . Once complete, review the assessments as a group. NOTE: Assessment records are not required) | C16: Link | D16: =_xlfn.XLOOKUP(A16,'All Courses'!A:A,'All Courses'!D:D,"Not found") -> course | E16: =_xlfn.XLOOKUP(A16,'OJT IDs'!A:A,'OJT IDs'!N:N,"Not found") -> IHG052185-OJT | F16: =_xlfn.XLOOKUP(E16,'OJT Links'!E:E,'OJT Links'!H:H,"Not found") -> https://mylearning.sumtotal.host/core/pillarRedirect?relyingParty=LM&url=app%2Fmanagement%2FLMS_ActDetails.aspx%3FActivityId%3D595029%26UserMode%3D0
A17: Introduction to Information Security | B17: View the videos with your group to complete the learning offer | C17: Link | D17: =_xlfn.XLOOKUP(A17,'All Courses'!A:A,'All Courses'!D:D,"Not found") -> course | E17: =_xlfn.XLOOKUP(A17,'OJT IDs'!A:A,'OJT IDs'!N:N,"Not found") -> IHG0047625-OJT | F17: =_xlfn.XLOOKUP(E17,'OJT Links'!E:E,'OJT Links'!H:H,"Not found") -> https://mylearning.sumtotal.host/core/pillarRedirect?relyingParty=LM&url=app%2Fmanagement%2FLMS_ActDetails.aspx%3FActivityId%3D596770%26UserMode%3D0
A18: Leading and Sustaining your Service Culture | B18: View the videos with your group to complete the learning offer . Once complete, review the assessments as a group. NOTE: Assessment records are not required) | C18: Link | D18: =_xlfn.XLOOKUP(A18,'All Courses'!A:A,'All Courses'!D:D,"Not found") -> course | E18: =_xlfn.XLOOKUP(A18,'OJT IDs'!A:A,'OJT IDs'!N:N,"Not found") -> IHG0056403-OJT | F18: =_xlfn.XLOOKUP(E18,'OJT Links'!E:E,'OJT Links'!H:H,"Not found") -> https://mylearning.sumtotal.host/core/pillarRedirect?relyingParty=LM&url=app%2Fmanagement%2FLMS_ActDetails.aspx%3FActivityId%3D596772%26UserMode%3D0
A19: Preventing Human Trafficking | B19: View the videos with your group to complete the learning offer . Once complete, review the assessments as a group. NOTE: Assessment records are not required) | C19: Link https://ihg.sharepoint.com/sites/ResponsibleBusiness/SitePages/Human-Rights-Brand-Standards-Guidance.aspx | D19: =_xlfn.XLOOKUP(A19,'All Courses'!A:A,'All Courses'!D:D,"Not found") -> course | E19: =_xlfn.XLOOKUP(A19,'OJT IDs'!A:A,'OJT IDs'!N:N,"Not found") -> IHG0057043-v2024-OJT | F19: =_xlfn.XLOOKUP(E19,'OJT Links'!E:E,'OJT Links'!H:H,"Not found") -> https://mylearning.sumtotal.host/core/pillarRedirect?relyingParty=LM&url=app%2Fmanagement%2FLMS_ActDetails.aspx%3FActivityId%3D468091%26UserMode%3D0
A20: IHG Problem Handling V2 | B20: View the videos with your group to complete the learning offer . Once complete, review the assessments as a group. NOTE: Assessment records are not required) | C20: Link | D20: =_xlfn.XLOOKUP(A20,'All Courses'!A:A,'All Courses'!D:D,"Not found") -> course | E20: =_xlfn.XLOOKUP(A20,'OJT IDs'!A:A,'OJT IDs'!N:N,"Not found") -> IHG056045-OJT | F20: =_xlfn.XLOOKUP(E20,'OJT Links'!E:E,'OJT Links'!H:H,"Not found") -> https://mylearning.sumtotal.host/core/pillarRedirect?relyingParty=LM&url=app%2Fmanagement%2FLMS_ActDetails.aspx%3FActivityId%3D468095%26UserMode%3D0
A21: Property Management System (PMS) | B21: Review maunufactor operating manual relevant department training in the PMS system | E21: =_xlfn.XLOOKUP(A21,'OJT IDs'!A:A,'OJT IDs'!N:N,"Not found") -> IHG5969164-OJT | F21: =_xlfn.XLOOKUP(E21,'OJT Links'!E:E,'OJT Links'!H:H,"Not found") -> https://mylearning.sumtotal.host/core/pillarRedirect?relyingParty=LM&url=app%2Fmanagement%2FLMS_ActDetails.aspx%3FActivityId%3D602920%26UserMode%3D0
A22: True Hospitality Service Skills | B22: View the videos with your group to complete the learning offer . Once complete, review the assessments as a group. NOTE: Assessment records are not required) | C22: Link | D22: =_xlfn.XLOOKUP(A22,'All Courses'!A:A,'All Courses'!D:D,"Not found") -> course | E22: =_xlfn.XLOOKUP(A22,'OJT IDs'!A:A,'OJT IDs'!N:N,"Not found") -> IHG051263-OJT | F22: =_xlfn.XLOOKUP(E22,'OJT Links'!E:E,'OJT Links'!H:H,"Not found") -> https://mylearning.sumtotal.host/core/pillarRedirect?relyingParty=LM&url=app%2Fmanagement%2FLMS_ActDetails.aspx%3FActivityId%3D468089%26UserMode%3D0
A23: Welcome to IHG | B23: View the videos with your group to complete the learning offer | C23: Link | D23: =_xlfn.XLOOKUP(A23,'All Courses'!A:A,'All Courses'!D:D,"Not found") -> course | E23: =_xlfn.XLOOKUP(A23,'OJT IDs'!A:A,'OJT IDs'!N:N,"Not found") -> IHG058044-OJT | F23: =_xlfn.XLOOKUP(E23,'OJT Links'!E:E,'OJT Links'!H:H,"Not found") -> Not found
A24: Property Orientation | B24: Complete a tour of your property with new hires. | E24: =_xlfn.XLOOKUP(A24,'OJT IDs'!A:A,'OJT IDs'!N:N,"Not found") -> IHG8342629-OJT | F24: =_xlfn.XLOOKUP(E24,'OJT Links'!E:E,'OJT Links'!H:H,"Not found") -> https://mylearning.sumtotal.host/core/pillarRedirect?relyingParty=LM&url=app%2Fmanagement%2FLMS_ActDetails.aspx%3FActivityId%3D603028%26UserMode%3D0
A25: Crowne Plaza Brand Orientation | B25: View the videos with your group to complete the learning offer . Once complete, review the assessments as a group. NOTE: Assessment records are not required) | C25: https://mylearning.sumtotal.host/core/pillarRedirect?relyingParty=LM&url=app%2fmanagement%2fLMS_ActDetails.aspx%3fActivityId%3d10699%26UserMode%3d0 | D25: =_xlfn.XLOOKUP(A25,'All Courses'!A:A,'All Courses'!D:D,"Not found") -> course | E25: =_xlfn.XLOOKUP(A25,'OJT IDs'!A:A,'OJT IDs'!N:N,"Not found") -> IHG051234-OJT | F25: =_xlfn.XLOOKUP(E25,'OJT Links'!E:E,'OJT Links'!H:H,"Not found") -> https://mylearning.sumtotal.host/core/pillarRedirect?relyingParty=LM&url=app%2Fmanagement%2FLMS_ActDetails.aspx%3FActivityId%3D593215%26UserMode%3D0
A26: Crowne Plaza Brand Experience Training | B26: View the videos with your group to complete the learning offer . Once complete, review the assessments as a group. NOTE: Assessment records are not required) | C26: https://mylearning.sumtotal.host/core/pillarRedirect?relyingParty=LM&url=app%2fmanagement%2fLMS_ActDetails.aspx%3fActivityId%3d10769%26UserMode%3d0 | D26: =_xlfn.XLOOKUP(A26,'All Courses'!A:A,'All Courses'!D:D,"Not found") -> course | E26: =_xlfn.XLOOKUP(A26,'OJT IDs'!A:A,'OJT IDs'!N:N,"Not found") -> IHG057984-OJT | F26: =_xlfn.XLOOKUP(E26,'OJT Links'!E:E,'OJT Links'!H:H,"Not found") -> https://mylearning.sumtotal.host/core/pillarRedirect?relyingParty=LM&url=app%2Fmanagement%2FLMS_ActDetails.aspx%3FActivityId%3D593209%26UserMode%3D0

Sheet EVEN Hotels
A1: Course Title | B1: Instructions | C1: Hyperlink for Access | D1: Access ______ | E1: Not visible to learner: OJT Course ID: | F1: Create OJT Button
A2: Digital Check-in | B2: View the videos with your group to complete the learning offer | C2: https://mylearning.sumtotal.host/core/pillarRedirect?relyingParty=LM&url=app%2fmanagement%2fLMS_ActDetails.aspx%3fActivityId%3d41%26UserMode%3d0 | D2: =_xlfn.XLOOKUP(A2,'All Courses'!A:A,'All Courses'!D:D,"Not found") -> course | E2: =_xlfn.XLOOKUP(A2,'OJT IDs'!A:A,'OJT IDs'!N:N,"Not found") -> IHG0061303-OJT | F2: =_xlfn.XLOOKUP(E2,'OJT Links'!E:E,'OJT Links'!H:H,"Not found") -> https://mylearning.sumtotal.host/core/pillarRedirect?relyingParty=LM&url=app%2Fmanagement%2FLMS_ActDetails.aspx%3FActivityId%3D595005%26UserMode%3D0
A3: EVEN Brand Hallmarks | B3: Use the link provided to access the learning offer. Download any required job aids to support the learning | C3: https://me2.ihgmerlin.com/web/init-even-hotels-hotel-in-a-box/home | D3: =_xlfn.XLOOKUP(A3,'All Courses'!A:A,'All Courses'!D:D,"Not found") -> Resource | E3: =_xlfn.XLOOKUP(A3,'OJT IDs'!A:A,'OJT IDs'!N:N,"Not found") -> IHG2702277-OJT | F3: =_xlfn.XLOOKUP(E3,'OJT Links'!E:E,'OJT Links'!H:H,"Not found") -> https://mylearning.sumtotal.host/core/pillarRedirect?relyingParty=LM&url=app%2Fmanagement%2FLMS_ActDetails.aspx%3FActivityId%3D601660%26UserMode%3D0
A4: First Aid | B4: Review your first aid procedures and practices. | E4: =_xlfn.XLOOKUP(A4,'OJT IDs'!A:A,'OJT IDs'!N:N,"Not found") -> IHG1885862-OJT | F4: =_xlfn.XLOOKUP(E4,'OJT Links'!E:E,'OJT Links'!H:H,"Not found") -> https://mylearning.sumtotal.host/core/pillarRedirect?relyingParty=LM&url=app%2Fmanagement%2FLMS_ActDetails.aspx%3FActivityId%3D601671%26UserMode%3D0
A5: Fitness Equipment training | B5: Use the link provided to access the learning offer. Review the offering in its entirety to complete. | C5: Peloton Bike - https://ihgolm.my.salesforce.com/sfc/p/#j0000000KUiS/a/5b000000JrFs/d0iIg1kpRmAdH7X6Ov_FZxzM5gwfTCAgfmF416jsxPg | D5: =_xlfn.XLOOKUP(A5,'All Courses'!A:A,'All Courses'!D:D,"Not found") -> Resource | E5: =_xlfn.XLOOKUP(A5,'OJT IDs'!A:A,'OJT IDs'!N:N,"Not found") -> IHG6974268-OJT | F5: =_xlfn.XLOOKUP(E5,'OJT Links'!E:E,'OJT Links'!H:H,"Not found") -> https://mylearning.sumtotal.host/core/pillarRedirect?relyingParty=LM&url=app%2Fmanagement%2FLMS_ActDetails.aspx%3FActivityId%3D601691%26UserMode%3D0
A6: Food & Beverage training | B6: View the videos with your group to complete the learning offer | C6: https://ihgfbglobal.com/regional-home-amer/amer-even-hotels/amer-ev-guides-tools-learning/ | D6: =_xlfn.XLOOKUP(A6,'All Courses'!A:A,'All Courses'!D:D,"Not found") -> Resource | E6: =_xlfn.XLOOKUP(A6,'OJT IDs'!A:A,'OJT IDs'!N:N,"Not found") -> IHG4631229-OJT | F6: =_xlfn.XLOOKUP(E6,'OJT Links'!E:E,'OJT Links'!H:H,"Not found") -> https://mylearning.sumtotal.host/core/pillarRedirect?relyingParty=LM&url=app%2Fmanagement%2FLMS_ActDetails.aspx%3FActivityId%3D601702%26UserMode%3D0
A7: Handling Credit Cards Securely | B7: View the videos with your group to complete the learning offer | C7: https://me2.ihgmerlin.com/web/init-ihg-information-security/homeandhttps://me2.ihgmerlin.com/web/init-pci-compliance | D7: =_xlfn.XLOOKUP(A7,'All Courses'!A:A,'All Courses'!D:D,"Not found") -> Resource | E7: =_xlfn.XLOOKUP(A7,'OJT IDs'!A:A,'OJT IDs'!N:N,"Not found") -> IHG0047626-OJT | F7: =_xlfn.XLOOKUP(E7,'OJT Links'!E:E,'OJT Links'!H:H,"Not found") -> Not found
A8: Health & Safety, Security an Emergency Procedures | B8: Review your health safety and security procedures, including fire evacuation plan. | C8: Link | D8: =_xlfn.XLOOKUP(A8,'All Courses'!A:A,'All Courses'!D:D,"Not found") -> course | E8: =_xlfn.XLOOKUP(A8,'OJT IDs'!A:A,'OJT IDs'!N:N,"Not found") -> IHG9191264-OJT | F8: =_xlfn.XLOOKUP(E8,'OJT Links'!E:E,'OJT Links'!H:H,"Not found") -> https://mylearning.sumtotal.host/core/pillarRedirect?relyingParty=LM&url=app%2Fmanagement%2FLMS_ActDetails.aspx%3FActivityId%3D601724%26UserMode%3D0
A9: Housekeeping Safety Device (US & Canada only) | B9: Review maunufactor operating manual for equipment and procedure for action when an alarm is triggered | E9: =_xlfn.XLOOKUP(A9,'OJT IDs'!A:A,'OJT IDs'!N:N,"Not found") -> IHG8611503-OJT | F9: =_xlfn.XLOOKUP(E9,'OJT Links'!E:E,'OJT Links'!H:H,"Not found") -> https://mylearning.sumtotal.host/core/pillarRedirect?relyingParty=LM&url=app%2Fmanagement%2FLMS_ActDetails.aspx%3FActivityId%3D601740%26UserMode%3D0
A10: Getting to Know IHG Concerto | B10: View the videos with your group to complete the learning offer . Once complete, review the assessments as a group. NOTE: Assessment records are not required) | C10: https://mylearning.sumtotal.host/core/pillarRedirect?relyingParty=LM&url=app%2fmanagement%2fLMS_ActDetails.aspx%3fActivityId%3d52090%26UserMode%3d0 | D10: =_xlfn.XLOOKUP(A10,'All Courses'!A:A,'All Courses'!D:D,"Not found") -> course | E10: =_xlfn.XLOOKUP(A10,'OJT IDs'!A:A,'OJT IDs'!N:N,"Not found") -> IHG0049491-OJT | F10: =_xlfn.XLOOKUP(E10,'OJT Links'!E:E,'OJT Links'!H:H,"Not found") -> https://mylearning.sumtotal.host/core/pillarRedirect?relyingParty=LM&url=app%2Fmanagement%2FLMS_ActDetails.aspx%3FActivityId%3D595027%26UserMode%3D0
A11: IHG Voice Program Training | B11: View the videos with your group to complete the learning offer | C11: https://mylearning.sumtotal.host/core/pillarRedirect?relyingParty=LM&url=app%2fmanagement%2fLMS_ActDetails.aspx%3fActivityId%3d2823%26UserMode%3d0 | D11: =_xlfn.XLOOKUP(A11,'All Courses'!A:A,'All Courses'!D:D,"Not found") -> course | E11: =_xlfn.XLOOKUP(A11,'OJT IDs'!A:A,'OJT IDs'!N:N,"Not found") -> IHG0054667-OJT | F11: =_xlfn.XLOOKUP(E11,'OJT Links'!E:E,'OJT Links'!H:H,"Not found") -> https://mylearning.sumtotal.host/core/pillarRedirect?relyingParty=LM&url=app%2Fmanagement%2FLMS_ActDetails.aspx%3FActivityId%3D595030%26UserMode%3D0
A12: IHG Way of Clean 5-S Cleaning Program | B12: View the videos with your group to complete the learning offer . Once complete, review the assessments as a group. NOTE: Assessment records are not required) | C12: Link | D12: =_xlfn.XLOOKUP(A12,'All Courses'!A:A,'All Courses'!D:D,"Not found") -> course | E12: =_xlfn.XLOOKUP(A12,'OJT IDs'!A:A,'OJT IDs'!N:N,"Not found") -> IHG7376524-OJT | F12: =_xlfn.XLOOKUP(E12,'OJT Links'!E:E,'OJT Links'!H:H,"Not found") -> https://mylearning.sumtotal.host/core/pillarRedirect?relyingParty=LM&url=app%2Fmanagement%2FLMS_ActDetails.aspx%3FActivityId%3D468097%26UserMode%3D0
A13: IHG Way of Clean 5-S Cleaning Program for Non-Housekeeping Colleagues | B13: View the videos with your group to complete the learning offer . Once complete, review the assessments as a group. NOTE: Assessment records are not required) | C13: Link | D13: =_xlfn.XLOOKUP(A13,'All Courses'!A:A,'All Courses'!D:D,"Not found") -> course | E13: =_xlfn.XLOOKUP(A13,'OJT IDs'!A:A,'OJT IDs'!N:N,"Not found") -> IHG1227263-OJT | F13: =_xlfn.XLOOKUP(E13,'OJT Links'!E:E,'OJT Links'!H:H,"Not found") -> https://mylearning.sumtotal.host/core/pillarRedirect?relyingParty=LM&url=app%2Fmanagement%2FLMS_ActDetails.aspx%3FActivityId%3D595028%26UserMode%3D0
A14: IHG World Class Beverage Academy - 101 Essentials | B14: View the videos with your group to complete the learning offer . Once complete, review the assessments as a group. NOTE: Assessment records are not required) | C14: Link | D14: =_xlfn.XLOOKUP(A14,'All Courses'!A:A,'All Courses'!D:D,"Not found") -> course | E14: =_xlfn.XLOOKUP(A14,'OJT IDs'!A:A,'OJT IDs'!N:N,"Not found") -> IHG052185-OJT | F14: =_xlfn.XLOOKUP(E14,'OJT Links'!E:E,'OJT Links'!H:H,"Not found") -> https://mylearning.sumtotal.host/core/pillarRedirect?relyingParty=LM&url=app%2Fmanagement%2FLMS_ActDetails.aspx%3FActivityId%3D595029%26UserMode%3D0
A15: Introduction to Information Security | B15: View the videos with your group to complete the learning offer | C15: Link | D15: =_xlfn.XLOOKUP(A15,'All Courses'!A:A,'All Courses'!D:D,"Not found") -> course | E15: =_xlfn.XLOOKUP(A15,'OJT IDs'!A:A,'OJT IDs'!N:N,"Not found") -> IHG0047625-OJT | F15: =_xlfn.XLOOKUP(E15,'OJT Links'!E:E,'OJT Links'!H:H,"Not found") -> https://mylearning.sumtotal.host/core/pillarRedirect?relyingParty=LM&url=app%2Fmanagement%2FLMS_ActDetails.aspx%3FActivityId%3D596770%26UserMode%3D0
A16: Leading and Sustaining your Service Culture | B16: View the videos with your group to complete the learning offer . Once complete, review the assessments as a group. NOTE: Assessment records are not required) | C16: Link | D16: =_xlfn.XLOOKUP(A16,'All Courses'!A:A,'All Courses'!D:D,"Not found") -> course | E16: =_xlfn.XLOOKUP(A16,'OJT IDs'!A:A,'OJT IDs'!N:N,"Not found") -> IHG0056403-OJT | F16: =_xlfn.XLOOKUP(E16,'OJT Links'!E:E,'OJT Links'!H:H,"Not found") -> https://mylearning.sumtotal.host/core/pillarRedirect?relyingParty=LM&url=app%2Fmanagement%2FLMS_ActDetails.aspx%3FActivityId%3D596772%26UserMode%3D0
A17: Preventing Human Trafficking | B17: View the videos with your group to complete the learning offer . Once complete, review the assessments as a group. NOTE: Assessment records are not required) | C17: Link https://ihg.sharepoint.com/sites/ResponsibleBusiness/SitePages/Human-Rights-Brand-Standards-Guidance.aspx | D17: =_xlfn.XLOOKUP(A17,'All Courses'!A:A,'All Courses'!D:D,"Not found") -> course | E17: =_xlfn.XLOOKUP(A17,'OJT IDs'!A:A,'OJT IDs'!N:N,"Not found") -> IHG0057043-v2024-OJT | F17: =_xlfn.XLOOKUP(E17,'OJT Links'!E:E,'OJT Links'!H:H,"Not found") -> https://mylearning.sumtotal.host/core/pillarRedirect?relyingParty=LM&url=app%2Fmanagement%2FLMS_ActDetails.aspx%3FActivityId%3D468091%26UserMode%3D0
A18: IHG Problem Handling V2 | B18: View the videos with your group to complete the learning offer . Once complete, review the assessments as a group. NOTE: Assessment records are not required) | C18: Link | D18: =_xlfn.XLOOKUP(A18,'All Courses'!A:A,'All Courses'!D:D,"Not found") -> course | E18: =_xlfn.XLOOKUP(A18,'OJT IDs'!A:A,'OJT IDs'!N:N,"Not found") -> IHG056045-OJT | F18: =_xlfn.XLOOKUP(E18,'OJT Links'!E:E,'OJT Links'!H:H,"Not found") -> https://mylearning.sumtotal.host/core/pillarRedirect?relyingParty=LM&url=app%2Fmanagement%2FLMS_ActDetails.aspx%3FActivityId%3D468095%26UserMode%3D0
A19: Property Management System (PMS) | B19: Review maunufactor operating manual relevant department training in the PMS system | E19: =_xlfn.XLOOKUP(A19,'OJT IDs'!A:A,'OJT IDs'!N:N,"Not found") -> IHG5969164-OJT | F19: =_xlfn.XLOOKUP(E19,'OJT Links'!E:E,'OJT Links'!H:H,"Not found") -> https://mylearning.sumtotal.host/core/pillarRedirect?relyingParty=LM&url=app%2Fmanagement%2FLMS_ActDetails.aspx%3FActivityId%3D602920%26UserMode%3D0
A20: True Hospitality Service Skills | B20: View the videos with your group to complete the learning offer . Once complete, review the assessments as a group. NOTE: Assessment records are not required) | C20: Link | D20: =_xlfn.XLOOKUP(A20,'All Courses'!A:A,'All Courses'!D:D,"Not found") -> course | E20: =_xlfn.XLOOKUP(A20,'OJT IDs'!A:A,'OJT IDs'!N:N,"Not found") -> IHG051263-OJT | F20: =_xlfn.XLOOKUP(E20,'OJT Links'!E:E,'OJT Links'!H:H,"Not found") -> https://mylearning.sumtotal.host/core/pillarRedirect?relyingParty=LM&url=app%2Fmanagement%2FLMS_ActDetails.aspx%3FActivityId%3D468089%26UserMode%3D0
A21: Welcome to IHG | B21: View the videos with your group to complete the learning offer | C21: Link | D21: =_xlfn.XLOOKUP(A21,'All Courses'!A:A,'All Courses'!D:D,"Not found") -> course | E21: =_xlfn.XLOOKUP(A21,'OJT IDs'!A:A,'OJT IDs'!N:N,"Not found") -> IHG058044-OJT | F21: =_xlfn.XLOOKUP(E21,'OJT Links'!E:E,'OJT Links'!H:H,"Not found") -> Not found
A22: Property Orientation | B22: Complete a tour of your property with new hires. | E22: =_xlfn.XLOOKUP(A22,'OJT IDs'!A:A,'OJT IDs'!N:N,"Not found") -> IHG8342629-OJT | F22: =_xlfn.XLOOKUP(E22,'OJT Links'!E:E,'OJT Links'!H:H,"Not found") -> https://mylearning.sumtotal.host/core/pillarRedirect?relyingParty=LM&url=app%2Fmanagement%2FLMS_ActDetails.aspx%3FActivityId%3D603028%26UserMode%3D0
A23: Even Hotels Brand Service Training | B23: View the videos with your group to complete the learning offer . Once complete, review the assessments as a group. NOTE: Assessment records are not required) | C23: https://mylearning.sumtotal.host/core/pillarRedirect?relyingParty=LM&url=app%2fmanagement%2fLMS_ActDetails.aspx%3fActivityId%3d237982%26UserMode%3d0 | D23: =_xlfn.XLOOKUP(A23,'All Courses'!A:A,'All Courses'!D:D,"Not found") -> Course | E23: =_xlfn.XLOOKUP(A23,'OJT IDs'!A:A,'OJT IDs'!N:N,"Not found") -> IHG7942569-OJT | F23: =_xlfn.XLOOKUP(E23,'OJT Links'!E:E,'OJT Links'!H:H,"Not found") -> https://mylearning.sumtotal.host/core/pillarRedirect?relyingParty=LM&url=app%2Fmanagement%2FLMS_ActDetails.aspx%3FActivityId%3D472808%26UserMode%3D0
D24: =_xlfn.XLOOKUP(A24,'All Courses'!A:A,'All Courses'!D:D,"Not found") -> 0
D25: =_xlfn.XLOOKUP(A25,'All Courses'!A:A,'All Courses'!D:D,"Not found") -> 0
D26: =_xlfn.XLOOKUP(A26,'All Courses'!A:A,'All Courses'!D:D,"Not found") -> 0
D27: =_xlfn.XLOOKUP(A27,'All Courses'!A:A,'All Courses'!D:D,"Not found") -> 0
D28: =_xlfn.XLOOKUP(A28,'All Courses'!A:A,'All Courses'!D:D,"Not found") -> 0
D29: =_xlfn.XLOOKUP(A29,'All Courses'!A:A,'All Courses'!D:D,"Not found") -> 0
D30: =_xlfn.XLOOKUP(A30,'All Courses'!A:A,'All Courses'!D:D,"Not found") -> 0
D31: =_xlfn.XLOOKUP(A31,'All Courses'!A:A,'All Courses'!D:D,"Not found") -> 0
D32: =_xlfn.XLOOKUP(A32,'All Courses'!A:A,'All Courses'!D:D,"Not found") -> 0
D33: =_xlfn.XLOOKUP(A33,'All Courses'!A:A,'All Courses'!D:D,"Not found") -> 0
D34: =_xlfn.XLOOKUP(A34,'All Courses'!A:A,'All Courses'!D:D,"Not found") -> 0
D35: =_xlfn.XLOOKUP(A35,'All Courses'!A:A,'All Courses'!D:D,"Not found") -> 0
... D39: =_xlfn.XLOOKUP(A39,'All Courses'!A:A,'All Courses'!D:D,"Not found") -> 0

Sheet Holiday Inn
A1: Course Title | B1: Instructions | C1: Hyperlink for Access | D1: Access ______ | E1: Not visible to learner: OJT Course ID: | F1: Create OJT Button
A2: Buffet training Program | B2: View the videos with your group to complete the learning offer | C2: https://ihgfbamericas.com/brands/holiday-inn-hotels-resorts/breakfast-buffet-hub/training-implementation/ | D2: =_xlfn.XLOOKUP(A2,'All Courses'!A:A,'All Courses'!D:D,"Not found") -> Resource | E2: =_xlfn.XLOOKUP(A2,'OJT IDs'!A:A,'OJT IDs'!N:N,"Not found") -> IHG1057704-OJT | F2: =_xlfn.XLOOKUP(E2,'OJT Links'!E:E,'OJT Links'!H:H,"Not found") -> https://mylearning.sumtotal.host/core/pillarRedirect?relyingParty=LM&url=app%2Fmanagement%2FLMS_ActDetails.aspx%3FActivityId%3D601637%26UserMode%3D0
A3: Business Services training | B3: Review maunufactor operating manuals for equipment and software. | E3: =_xlfn.XLOOKUP(A3,'OJT IDs'!A:A,'OJT IDs'!N:N,"Not found") -> IHG6321776-OJT | F3: =_xlfn.XLOOKUP(E3,'OJT Links'!E:E,'OJT Links'!H:H,"Not found") -> https://mylearning.sumtotal.host/core/pillarRedirect?relyingParty=LM&url=app%2Fmanagement%2FLMS_ActDetails.aspx%3FActivityId%3D601648%26UserMode%3D0
A4: Digital Check-in | B4: View the videos with your group to complete the learning offer | C4: https://mylearning.sumtotal.host/core/pillarRedirect?relyingParty=LM&url=app%2fmanagement%2fLMS_ActDetails.aspx%3fActivityId%3d41%26UserMode%3d0 | D4: =_xlfn.XLOOKUP(A4,'All Courses'!A:A,'All Courses'!D:D,"Not found") -> course | E4: =_xlfn.XLOOKUP(A4,'OJT IDs'!A:A,'OJT IDs'!N:N,"Not found") -> IHG0061303-OJT | F4: =_xlfn.XLOOKUP(E4,'OJT Links'!E:E,'OJT Links'!H:H,"Not found") -> https://mylearning.sumtotal.host/core/pillarRedirect?relyingParty=LM&url=app%2Fmanagement%2FLMS_ActDetails.aspx%3FActivityId%3D595005%26UserMode%3D0
A5: First Aid | B5: Review your first aid procedures and practices. | E5: =_xlfn.XLOOKUP(A5,'OJT IDs'!A:A,'OJT IDs'!N:N,"Not found") -> IHG1885862-OJT | F5: =_xlfn.XLOOKUP(E5,'OJT Links'!E:E,'OJT Links'!H:H,"Not found") -> https://mylearning.sumtotal.host/core/pillarRedirect?relyingParty=LM&url=app%2Fmanagement%2FLMS_ActDetails.aspx%3FActivityId%3D601671%26UserMode%3D0
A6: Handling Credit Cards Securely | B6: View the videos with your group to complete the learning offer | C6: https://me2.ihgmerlin.com/web/init-ihg-information-security/homeandhttps://me2.ihgmerlin.com/web/init-pci-compliance | D6: =_xlfn.XLOOKUP(A6,'All Courses'!A:A,'All Courses'!D:D,"Not found") -> Resource | E6: =_xlfn.XLOOKUP(A6,'OJT IDs'!A:A,'OJT IDs'!N:N,"Not found") -> IHG0047626-OJT | F6: =_xlfn.XLOOKUP(E6,'OJT Links'!E:E,'OJT Links'!H:H,"Not found") -> Not found
A7: Health & Safety, Security an Emergency Procedures | B7: Review your health safety and security procedures, including fire evacuation plan. | C7: Link | D7: =_xlfn.XLOOKUP(A7,'All Courses'!A:A,'All Courses'!D:D,"Not found") -> course | E7: =_xlfn.XLOOKUP(A7,'OJT IDs'!A:A,'OJT IDs'!N:N,"Not found") -> IHG9191264-OJT | F7: =_xlfn.XLOOKUP(E7,'OJT Links'!E:E,'OJT Links'!H:H,"Not found") -> https://mylearning.sumtotal.host/core/pillarRedirect?relyingParty=LM&url=app%2Fmanagement%2FLMS_ActDetails.aspx%3FActivityId%3D601724%26UserMode%3D0
A8: Holiday Inn C.A.S.H - Core Menu | B8: View the videos with your group to complete the learning offer | C8: Link | D8: =_xlfn.XLOOKUP(A8,'All Courses'!A:A,'All Courses'!D:D,"Not found") -> course | E8: =_xlfn.XLOOKUP(A8,'OJT IDs'!A:A,'OJT IDs'!N:N,"Not found") -> IHG052303-OJT | F8: =_xlfn.XLOOKUP(E8,'OJT Links'!E:E,'OJT Links'!H:H,"Not found") -> https://mylearning.sumtotal.host/core/pillarRedirect?relyingParty=LM&url=app%2Fmanagement%2FLMS_ActDetails.aspx%3FActivityId%3D595015%26UserMode%3D0
A9: Holiday Inn C.A.S.H - Sequence of Service | B9: View the videos with your group to complete the learning offer . Once complete, review the assessments as a group. NOTE: Assessment records are not required) | C9: Link | D9: =_xlfn.XLOOKUP(A9,'All Courses'!A:A,'All Courses'!D:D,"Not found") -> course | E9: =_xlfn.XLOOKUP(A9,'OJT IDs'!A:A,'OJT IDs'!N:N,"Not found") -> IHG052304-OJT | F9: =_xlfn.XLOOKUP(E9,'OJT Links'!E:E,'OJT Links'!H:H,"Not found") -> https://mylearning.sumtotal.host/core/pillarRedirect?relyingParty=LM&url=app%2Fmanagement%2FLMS_ActDetails.aspx%3FActivityId%3D595016%26UserMode%3D0
A10: Holiday Inn Start Fresh Breakfast Program | B10: View the videos with your group to complete the learning offer | C10: Link | D10: =_xlfn.XLOOKUP(A10,'All Courses'!A:A,'All Courses'!D:D,"Not found") -> course | E10: =_xlfn.XLOOKUP(A10,'OJT IDs'!A:A,'OJT IDs'!N:N,"Not found") -> IHG051964-OJT | F10: =_xlfn.XLOOKUP(E10,'OJT Links'!E:E,'OJT Links'!H:H,"Not found") -> https://mylearning.sumtotal.host/core/pillarRedirect?relyingParty=LM&url=app%2Fmanagement%2FLMS_ActDetails.aspx%3FActivityId%3D595018%26UserMode%3D0
A11: Housekeeping Safety Device (US & Canada only) | B11: Review maunufactor operating manual for equipment and procedure for action when an alarm is triggered | E11: =_xlfn.XLOOKUP(A11,'OJT IDs'!A:A,'OJT IDs'!N:N,"Not found") -> IHG8611503-OJT | F11: =_xlfn.XLOOKUP(E11,'OJT Links'!E:E,'OJT Links'!H:H,"Not found") -> https://mylearning.sumtotal.host/core/pillarRedirect?relyingParty=LM&url=app%2Fmanagement%2FLMS_ActDetails.aspx%3FActivityId%3D601740%26UserMode%3D0
A12: Getting to Know IHG Concerto | B12: View the videos with your group to complete the learning offer . Once complete, review the assessments as a group. NOTE: Assessment records are not required) | C12: https://mylearning.sumtotal.host/core/pillarRedirect?relyingParty=LM&url=app%2fmanagement%2fLMS_ActDetails.aspx%3fActivityId%3d52090%26UserMode%3d0 | D12: =_xlfn.XLOOKUP(A12,'All Courses'!A:A,'All Courses'!D:D,"Not found") -> course | E12: =_xlfn.XLOOKUP(A12,'OJT IDs'!A:A,'OJT IDs'!N:N,"Not found") -> IHG0049491-OJT | F12: =_xlfn.XLOOKUP(E12,'OJT Links'!E:E,'OJT Links'!H:H,"Not found") -> https://mylearning.sumtotal.host/core/pillarRedirect?relyingParty=LM&url=app%2Fmanagement%2FLMS_ActDetails.aspx%3FActivityId%3D595027%26UserMode%3D0
A13: IHG Voice Program Training | B13: View the videos with your group to complete the learning offer | C13: https://mylearning.sumtotal.host/core/pillarRedirect?relyingParty=LM&url=app%2fmanagement%2fLMS_ActDetails.aspx%3fActivityId%3d2823%26UserMode%3d0 | D13: =_xlfn.XLOOKUP(A13,'All Courses'!A:A,'All Courses'!D:D,"Not found") -> course | E13: =_xlfn.XLOOKUP(A13,'OJT IDs'!A:A,'OJT IDs'!N:N,"Not found") -> IHG0054667-OJT | F13: =_xlfn.XLOOKUP(E13,'OJT Links'!E:E,'OJT Links'!H:H,"Not found") -> https://mylearning.sumtotal.host/core/pillarRedirect?relyingParty=LM&url=app%2Fmanagement%2FLMS_ActDetails.aspx%3FActivityId%3D595030%26UserMode%3D0
A14: IHG Way of Clean 5-S Cleaning Program | B14: View the videos with your group to complete the learning offer . Once complete, review the assessments as a group. NOTE: Assessment records are not required) | C14: Link | D14: =_xlfn.XLOOKUP(A14,'All Courses'!A:A,'All Courses'!D:D,"Not found") -> course | E14: =_xlfn.XLOOKUP(A14,'OJT IDs'!A:A,'OJT IDs'!N:N,"Not found") -> IHG7376524-OJT | F14: =_xlfn.XLOOKUP(E14,'OJT Links'!E:E,'OJT Links'!H:H,"Not found") -> https://mylearning.sumtotal.host/core/pillarRedirect?relyingParty=LM&url=app%2Fmanagement%2FLMS_ActDetails.aspx%3FActivityId%3D468097%26UserMode%3D0
A15: IHG Way of Clean 5-S Cleaning Program for Non-Housekeeping Colleagues | B15: View the videos with your group to complete the learning offer . Once complete, review the assessments as a group. NOTE: Assessment records are not required) | C15: Link | D15: =_xlfn.XLOOKUP(A15,'All Courses'!A:A,'All Courses'!D:D,"Not found") -> course | E15: =_xlfn.XLOOKUP(A15,'OJT IDs'!A:A,'OJT IDs'!N:N,"Not found") -> IHG1227263-OJT | F15: =_xlfn.XLOOKUP(E15,'OJT Links'!E:E,'OJT Links'!H:H,"Not found") -> https://mylearning.sumtotal.host/core/pillarRedirect?relyingParty=LM&url=app%2Fmanagement%2FLMS_ActDetails.aspx%3FActivityId%3D595028%26UserMode%3D0
A16: IHG World Class Beverage Academy - 101 Essentials | B16: View the videos with your group to complete the learning offer . Once complete, review the assessments as a group. NOTE: Assessment records are not required) | C16: Link | D16: =_xlfn.XLOOKUP(A16,'All Courses'!A:A,'All Courses'!D:D,"Not found") -> course | E16: =_xlfn.XLOOKUP(A16,'OJT IDs'!A:A,'OJT IDs'!N:N,"Not found") -> IHG052185-OJT | F16: =_xlfn.XLOOKUP(E16,'OJT Links'!E:E,'OJT Links'!H:H,"Not found") -> https://mylearning.sumtotal.host/core/pillarRedirect?relyingParty=LM&url=app%2Fmanagement%2FLMS_ActDetails.aspx%3FActivityId%3D595029%26UserMode%3D0
A17: Introduction to Information Security | B17: View the videos with your group to complete the learning offer | C17: Link | D17: =_xlfn.XLOOKUP(A17,'All Courses'!A:A,'All Courses'!D:D,"Not found") -> course | E17: =_xlfn.XLOOKUP(A17,'OJT IDs'!A:A,'OJT IDs'!N:N,"Not found") -> IHG0047625-OJT | F17: =_xlfn.XLOOKUP(E17,'OJT Links'!E:E,'OJT Links'!H:H,"Not found") -> https://mylearning.sumtotal.host/core/pillarRedirect?relyingParty=LM&url=app%2Fmanagement%2FLMS_ActDetails.aspx%3FActivityId%3D596770%26UserMode%3D0
A18: Leading and Sustaining your Service Culture | B18: View the videos with your group to complete the learning offer . Once complete, review the assessments as a group. NOTE: Assessment records are not required) | C18: Link | D18: =_xlfn.XLOOKUP(A18,'All Courses'!A:A,'All Courses'!D:D,"Not found") -> course | E18: =_xlfn.XLOOKUP(A18,'OJT IDs'!A:A,'OJT IDs'!N:N,"Not found") -> IHG0056403-OJT | F18: =_xlfn.XLOOKUP(E18,'OJT Links'!E:E,'OJT Links'!H:H,"Not found") -> https://mylearning.sumtotal.host/core/pillarRedirect?relyingParty=LM&url=app%2Fmanagement%2FLMS_ActDetails.aspx%3FActivityId%3D596772%26UserMode%3D0
A19: Preventing Human Trafficking | B19: View the videos with your group to complete the learning offer . Once complete, review the assessments as a group. NOTE: Assessment records are not required) | C19: Link https://ihg.sharepoint.com/sites/ResponsibleBusiness/SitePages/Human-Rights-Brand-Standards-Guidance.aspx | D19: =_xlfn.XLOOKUP(A19,'All Courses'!A:A,'All Courses'!D:D,"Not found") -> course | E19: =_xlfn.XLOOKUP(A19,'OJT IDs'!A:A,'OJT IDs'!N:N,"Not found") -> IHG0057043-v2024-OJT | F19: =_xlfn.XLOOKUP(E19,'OJT Links'!E:E,'OJT Links'!H:H,"Not found") -> https://mylearning.sumtotal.host/core/pillarRedirect?relyingParty=LM&url=app%2Fmanagement%2FLMS_ActDetails.aspx%3FActivityId%3D468091%26UserMode%3D0
A20: IHG Problem Handling V2 | B20: View the videos with your group to complete the learning offer . Once complete, review the assessments as a group. NOTE: Assessment records are not required) | C20: Link | D20: =_xlfn.XLOOKUP(A20,'All Courses'!A:A,'All Courses'!D:D,"Not found") -> course | E20: =_xlfn.XLOOKUP(A20,'OJT IDs'!A:A,'OJT IDs'!N:N,"Not found") -> IHG056045-OJT | F20: =_xlfn.XLOOKUP(E20,'OJT Links'!E:E,'OJT Links'!H:H,"Not found") -> https://mylearning.sumtotal.host/core/pillarRedirect?relyingParty=LM&url=app%2Fmanagement%2FLMS_ActDetails.aspx%3FActivityId%3D468095%26UserMode%3D0
A21: Property Management System (PMS) | B21: Review maunufactor operating manual relevant department training in the PMS system | E21: =_xlfn.XLOOKUP(A21,'OJT IDs'!A:A,'OJT IDs'!N:N,"Not found") -> IHG5969164-OJT | F21: =_xlfn.XLOOKUP(E21,'OJT Links'!E:E,'OJT Links'!H:H,"Not found") -> https://mylearning.sumtotal.host/core/pillarRedirect?relyingParty=LM&url=app%2Fmanagement%2FLMS_ActDetails.aspx%3FActivityId%3D602920%26UserMode%3D0
A22: True Hospitality Service Skills | B22: View the videos with your group to complete the learning offer . Once complete, review the assessments as a group. NOTE: Assessment records are not required) | C22: Link | D22: =_xlfn.XLOOKUP(A22,'All Courses'!A:A,'All Courses'!D:D,"Not found") -> course | E22: =_xlfn.XLOOKUP(A22,'OJT IDs'!A:A,'OJT IDs'!N:N,"Not found") -> IHG051263-OJT | F22: =_xlfn.XLOOKUP(E22,'OJT Links'!E:E,'OJT Links'!H:H,"Not found") -> https://mylearning.sumtotal.host/core/pillarRedirect?relyingParty=LM&url=app%2Fmanagement%2FLMS_ActDetails.aspx%3FActivityId%3D468089%26UserMode%3D0
A23: Welcome to IHG | B23: View the videos with your group to complete the learning offer | C23: Link | D23: =_xlfn.XLOOKUP(A23,'All Courses'!A:A,'All Courses'!D:D,"Not found") -> course | E23: =_xlfn.XLOOKUP(A23,'OJT IDs'!A:A,'OJT IDs'!N:N,"Not found") -> IHG058044-OJT | F23: =_xlfn.XLOOKUP(E23,'OJT Links'!E:E,'OJT Links'!H:H,"Not found") -> Not found
A24: Property Orientation | B24: Complete a tour of your property with new hires. | E24: =_xlfn.XLOOKUP(A24,'OJT IDs'!A:A,'OJT IDs'!N:N,"Not found") -> IHG8342629-OJT | F24: =_xlfn.XLOOKUP(E24,'OJT Links'!E:E,'OJT Links'!H:H,"Not found") -> https://mylearning.sumtotal.host/core/pillarRedirect?relyingParty=LM&url=app%2Fmanagement%2FLMS_ActDetails.aspx%3FActivityId%3D603028%26UserMode%3D0
A25: Holiday Inn Brand Service Training | B25: View the videos with your group to complete the learning offer | C25: https://mylearning.sumtotal.host/core/pillarRedirect?relyingParty=LM&url=app%2fmanagement%2fLMS_ActDetails.aspx%3fActivityId%3d104579%26UserMode%3d0 | D25: =_xlfn.XLOOKUP(A25,'All Courses'!A:A,'All Courses'!D:D,"Not found") -> course | E25: =_xlfn.XLOOKUP(A25,'OJT IDs'!A:A,'OJT IDs'!N:N,"Not found") -> IHG3075650-OJT | F25: =_xlfn.XLOOKUP(E25,'OJT Links'!E:E,'OJT Links'!H:H,"Not found") -> https://mylearning.sumtotal.host/core/pillarRedirect?relyingParty=LM&url=app%2Fmanagement%2FLMS_ActDetails.aspx%3FActivityId%3D472806%26UserMode%3D0
D26: =_xlfn.XLOOKUP(A26,'All Courses'!A:A,'All Courses'!D:D,"Not found") -> 0
D27: =_xlfn.XLOOKUP(A27,'All Courses'!A:A,'All Courses'!D:D,"Not found") -> 0
D28: =_xlfn.XLOOKUP(A28,'All Courses'!A:A,'All Courses'!D:D,"Not found") -> 0
D29: =_xlfn.XLOOKUP(A29,'All Courses'!A:A,'All Courses'!D:D,"Not found") -> 0
D30: =_xlfn.XLOOKUP(A30,'All Courses'!A:A,'All Courses'!D:D,"Not found") -> 0
D31: =_xlfn.XLOOKUP(A31,'All Courses'!A:A,'All Courses'!D:D,"Not found") -> 0
D32: =_xlfn.XLOOKUP(A32,'All Courses'!A:A,'All Courses'!D:D,"Not found") -> 0
D33: =_xlfn.XLOOKUP(A33,'All Courses'!A:A,'All Courses'!D:D,"Not found") -> 0
D34: =_xlfn.XLOOKUP(A34,'All Courses'!A:A,'All Courses'!D:D,"Not found") -> 0
D35: =_xlfn.XLOOKUP(A35,'All Courses'!A:A,'All Courses'!D:D,"Not found") -> 0
D36: =_xlfn.XLOOKUP(A36,'All Courses'!A:A,'All Courses'!D:D,"Not found") -> 0
D37: =_xlfn.XLOOKUP(A37,'All Courses'!A:A,'All Courses'!D:D,"Not found") -> 0
... D39: =_xlfn.XLOOKUP(A39,'All Courses'!A:A,'All Courses'!D:D,"Not found") -> 0

Sheet Holiday Inn Express
A1: Course Title | B1: Instructions | C1: Hyperlink for Access | D1: Access ______ | E1: Not visible to learner: OJT Course ID: | F1: Create OJT Button
A2: Digital Check-in | B2: View the videos with your group to complete the learning offer | C2: https://mylearning.sumtotal.host/core/pillarRedirect?relyingParty=LM&url=app%2fmanagement%2fLMS_ActDetails.aspx%3fActivityId%3d41%26UserMode%3d0 | D2: =_xlfn.XLOOKUP(A2,'All Courses'!A:A,'All Courses'!D:D,"Not found") -> course | E2: =_xlfn.XLOOKUP(A2,'OJT IDs'!A:A,'OJT IDs'!N:N,"Not found") -> IHG0061303-OJT | F2: =_xlfn.XLOOKUP(E2,'OJT Links'!E:E,'OJT Links'!H:H,"Not found") -> https://mylearning.sumtotal.host/core/pillarRedirect?relyingParty=LM&url=app%2Fmanagement%2FLMS_ActDetails.aspx%3FActivityId%3D595005%26UserMode%3D0
A3: The Express Start Breakfast Bar Experience - US & Canada | B3: View the videos with your group to complete the learning offer . Once complete, review the assessments as a group. NOTE: Assessment records are not required) | C3: https://mylearning.sumtotal.host/Core/pillarRedirect?relyingParty=LM&url=core%2Factivitydetails%2FViewActivityDetails%3FActivityId%3D10712%26UserMode%3D0 | D3: course | E3: =_xlfn.XLOOKUP(A3,'OJT IDs'!A:A,'OJT IDs'!N:N,"Not found") -> IHG052206-OJT | F3: =_xlfn.XLOOKUP(E3,'OJT Links'!E:E,'OJT Links'!H:H,"Not found") -> https://mylearning.sumtotal.host/core/pillarRedirect?relyingParty=LM&url=app%2Fmanagement%2FLMS_ActDetails.aspx%3FActivityId%3D595007%26UserMode%3D0
A4: First Aid | B4: Review your first aid procedures and practices. | E4: =_xlfn.XLOOKUP(A4,'OJT IDs'!A:A,'OJT IDs'!N:N,"Not found") -> IHG1885862-OJT | F4: =_xlfn.XLOOKUP(E4,'OJT Links'!E:E,'OJT Links'!H:H,"Not found") -> https://mylearning.sumtotal.host/core/pillarRedirect?relyingParty=LM&url=app%2Fmanagement%2FLMS_ActDetails.aspx%3FActivityId%3D601671%26UserMode%3D0
A5: Handling Credit Cards Securely | B5: View the videos with your group to complete the learning offer | C5: https://me2.ihgmerlin.com/web/init-ihg-information-security/homeandhttps://me2.ihgmerlin.com/web/init-pci-compliance | D5: =_xlfn.XLOOKUP(A5,'All Courses'!A:A,'All Courses'!D:D,"Not found") -> Resource | E5: =_xlfn.XLOOKUP(A5,'OJT IDs'!A:A,'OJT IDs'!N:N,"Not found") -> IHG0047626-OJT | F5: =_xlfn.XLOOKUP(E5,'OJT Links'!E:E,'OJT Links'!H:H,"Not found") -> Not found
A6: Health & Safety, Security an Emergency Procedures | B6: Review your health safety and security procedures, including fire evacuation plan. | C6: Link | D6: =_xlfn.XLOOKUP(A6,'All Courses'!A:A,'All Courses'!D:D,"Not found") -> course | E6: =_xlfn.XLOOKUP(A6,'OJT IDs'!A:A,'OJT IDs'!N:N,"Not found") -> IHG9191264-OJT | F6: =_xlfn.XLOOKUP(E6,'OJT Links'!E:E,'OJT Links'!H:H,"Not found") -> https://mylearning.sumtotal.host/core/pillarRedirect?relyingParty=LM&url=app%2Fmanagement%2FLMS_ActDetails.aspx%3FActivityId%3D601724%26UserMode%3D0
A7: Housekeeping Safety Device (US & Canada only) | B7: Review maunufactor operating manual for equipment and procedure for action when an alarm is triggered | E7: =_xlfn.XLOOKUP(A7,'OJT IDs'!A:A,'OJT IDs'!N:N,"Not found") -> IHG8611503-OJT | F7: =_xlfn.XLOOKUP(E7,'OJT Links'!E:E,'OJT Links'!H:H,"Not found") -> https://mylearning.sumtotal.host/core/pillarRedirect?relyingParty=LM&url=app%2Fmanagement%2FLMS_ActDetails.aspx%3FActivityId%3D601740%26UserMode%3D0
A8: Getting to Know IHG Concerto | B8: View the videos with your group to complete the learning offer . Once complete, review the assessments as a group. NOTE: Assessment records are not required) | C8: https://mylearning.sumtotal.host/core/pillarRedirect?relyingParty=LM&url=app%2fmanagement%2fLMS_ActDetails.aspx%3fActivityId%3d52090%26UserMode%3d0 | D8: course | E8: =_xlfn.XLOOKUP(A8,'OJT IDs'!A:A,'OJT IDs'!N:N,"Not found") -> IHG0049491-OJT | F8: =_xlfn.XLOOKUP(E8,'OJT Links'!E:E,'OJT Links'!H:H,"Not found") -> https://mylearning.sumtotal.host/core/pillarRedirect?relyingParty=LM&url=app%2Fmanagement%2FLMS_ActDetails.aspx%3FActivityId%3D595027%26UserMode%3D0
A9: IHG Voice Program Training | B9: View the videos with your group to complete the learning offer | C9: https://mylearning.sumtotal.host/core/pillarRedirect?relyingParty=LM&url=app%2fmanagement%2fLMS_ActDetails.aspx%3fActivityId%3d2823%26UserMode%3d0 | D9: =_xlfn.XLOOKUP(A9,'All Courses'!A:A,'All Courses'!D:D,"Not found") -> course | E9: =_xlfn.XLOOKUP(A9,'OJT IDs'!A:A,'OJT IDs'!N:N,"Not found") -> IHG0054667-OJT | F9: =_xlfn.XLOOKUP(E9,'OJT Links'!E:E,'OJT Links'!H:H,"Not found") -> https://mylearning.sumtotal.host/core/pillarRedirect?relyingParty=LM&url=app%2Fmanagement%2FLMS_ActDetails.aspx%3FActivityId%3D595030%26UserMode%3D0
A10: IHG Way of Clean 5-S Cleaning Program | B10: View the videos with your group to complete the learning offer . Once complete, review the assessments as a group. NOTE: Assessment records are not required) | C10: Link | D10: =_xlfn.XLOOKUP(A10,'All Courses'!A:A,'All Courses'!D:D,"Not found") -> course | E10: =_xlfn.XLOOKUP(A10,'OJT IDs'!A:A,'OJT IDs'!N:N,"Not found") -> IHG7376524-OJT | F10: =_xlfn.XLOOKUP(E10,'OJT Links'!E:E,'OJT Links'!H:H,"Not found") -> https://mylearning.sumtotal.host/core/pillarRedirect?relyingParty=LM&url=app%2Fmanagement%2FLMS_ActDetails.aspx%3FActivityId%3D468097%26UserMode%3D0
A11: IHG Way of Clean 5-S Cleaning Program for Non-Housekeeping Colleagues | B11: View the videos with your group to complete the learning offer . Once complete, review the assessments as a group. NOTE: Assessment records are not required) | C11: Link | D11: =_xlfn.XLOOKUP(A11,'All Courses'!A:A,'All Courses'!D:D,"Not found") -> course | E11: =_xlfn.XLOOKUP(A11,'OJT IDs'!A:A,'OJT IDs'!N:N,"Not found") -> IHG1227263-OJT | F11: =_xlfn.XLOOKUP(E11,'OJT Links'!E:E,'OJT Links'!H:H,"Not found") -> https://mylearning.sumtotal.host/core/pillarRedirect?relyingParty=LM&url=app%2Fmanagement%2FLMS_ActDetails.aspx%3FActivityId%3D595028%26UserMode%3D0
A12: IHG World Class Beverage Academy - 101 Essentials | B12: View the videos with your group to complete the learning offer . Once complete, review the assessments as a group. NOTE: Assessment records are not required) | C12: Link | D12: =_xlfn.XLOOKUP(A12,'All Courses'!A:A,'All Courses'!D:D,"Not found") -> course | E12: =_xlfn.XLOOKUP(A12,'OJT IDs'!A:A,'OJT IDs'!N:N,"Not found") -> IHG052185-OJT | F12: =_xlfn.XLOOKUP(E12,'OJT Links'!E:E,'OJT Links'!H:H,"Not found") -> https://mylearning.sumtotal.host/core/pillarRedirect?relyingParty=LM&url=app%2Fmanagement%2FLMS_ActDetails.aspx%3FActivityId%3D595029%26UserMode%3D0
A13: Introduction to Information Security | B13: View the videos with your group to complete the learning offer | C13: Link | D13: =_xlfn.XLOOKUP(A13,'All Courses'!A:A,'All Courses'!D:D,"Not found") -> course | E13: =_xlfn.XLOOKUP(A13,'OJT IDs'!A:A,'OJT IDs'!N:N,"Not found") -> IHG0047625-OJT | F13: =_xlfn.XLOOKUP(E13,'OJT Links'!E:E,'OJT Links'!H:H,"Not found") -> https://mylearning.sumtotal.host/core/pillarRedirect?relyingParty=LM&url=app%2Fmanagement%2FLMS_ActDetails.aspx%3FActivityId%3D596770%26UserMode%3D0
A14: Leading and Sustaining your Service Culture | B14: View the videos with your group to complete the learning offer . Once complete, review the assessments as a group. NOTE: Assessment records are not required) | C14: Link | D14: =_xlfn.XLOOKUP(A14,'All Courses'!A:A,'All Courses'!D:D,"Not found") -> course | E14: =_xlfn.XLOOKUP(A14,'OJT IDs'!A:A,'OJT IDs'!N:N,"Not found") -> IHG0056403-OJT | F14: =_xlfn.XLOOKUP(E14,'OJT Links'!E:E,'OJT Links'!H:H,"Not found") -> https://mylearning.sumtotal.host/core/pillarRedirect?relyingParty=LM&url=app%2Fmanagement%2FLMS_ActDetails.aspx%3FActivityId%3D596772%26UserMode%3D0
A15: Preventing Human Trafficking | B15: View the videos with your group to complete the learning offer . Once complete, review the assessments as a group. NOTE: Assessment records are not required) | C15: Link https://ihg.sharepoint.com/sites/ResponsibleBusiness/SitePages/Human-Rights-Brand-Standards-Guidance.aspx | D15: =_xlfn.XLOOKUP(A15,'All Courses'!A:A,'All Courses'!D:D,"Not found") -> course | E15: =_xlfn.XLOOKUP(A15,'OJT IDs'!A:A,'OJT IDs'!N:N,"Not found") -> IHG0057043-v2024-OJT | F15: =_xlfn.XLOOKUP(E15,'OJT Links'!E:E,'OJT Links'!H:H,"Not found") -> https://mylearning.sumtotal.host/core/pillarRedirect?relyingParty=LM&url=app%2Fmanagement%2FLMS_ActDetails.aspx%3FActivityId%3D468091%26UserMode%3D0
A16: IHG Problem Handling V2 | B16: View the videos with your group to complete the learning offer . Once complete, review the assessments as a group. NOTE: Assessment records are not required) | C16: Link | D16: =_xlfn.XLOOKUP(A16,'All Courses'!A:A,'All Courses'!D:D,"Not found") -> course | E16: =_xlfn.XLOOKUP(A16,'OJT IDs'!A:A,'OJT IDs'!N:N,"Not found") -> IHG056045-OJT | F16: =_xlfn.XLOOKUP(E16,'OJT Links'!E:E,'OJT Links'!H:H,"Not found") -> https://mylearning.sumtotal.host/core/pillarRedirect?relyingParty=LM&url=app%2Fmanagement%2FLMS_ActDetails.aspx%3FActivityId%3D468095%26UserMode%3D0
A17: Property Management System (PMS) | B17: Review maunufactor operating manual relevant department training in the PMS system | E17: =_xlfn.XLOOKUP(A17,'OJT IDs'!A:A,'OJT IDs'!N:N,"Not found") -> IHG5969164-OJT | F17: =_xlfn.XLOOKUP(E17,'OJT Links'!E:E,'OJT Links'!H:H,"Not found") -> https://mylearning.sumtotal.host/core/pillarRedirect?relyingParty=LM&url=app%2Fmanagement%2FLMS_ActDetails.aspx%3FActivityId%3D602920%26UserMode%3D0
A18: True Hospitality Service Skills | B18: View the videos with your group to complete the learning offer . Once complete, review the assessments as a group. NOTE: Assessment records are not required) | C18: Link | D18: =_xlfn.XLOOKUP(A18,'All Courses'!A:A,'All Courses'!D:D,"Not found") -> course | E18: =_xlfn.XLOOKUP(A18,'OJT IDs'!A:A,'OJT IDs'!N:N,"Not found") -> IHG051263-OJT | F18: =_xlfn.XLOOKUP(E18,'OJT Links'!E:E,'OJT Links'!H:H,"Not found") -> https://mylearning.sumtotal.host/core/pillarRedirect?relyingParty=LM&url=app%2Fmanagement%2FLMS_ActDetails.aspx%3FActivityId%3D468089%26UserMode%3D0
A19: Welcome to IHG | B19: View the videos with your group to complete the learning offer | C19: Link | D19: =_xlfn.XLOOKUP(A19,'All Courses'!A:A,'All Courses'!D:D,"Not found") -> course | E19: =_xlfn.XLOOKUP(A19,'OJT IDs'!A:A,'OJT IDs'!N:N,"Not found") -> IHG058044-OJT | F19: =_xlfn.XLOOKUP(E19,'OJT Links'!E:E,'OJT Links'!H:H,"Not found") -> Not found
A20: Property Orientation | B20: Complete a tour of your property with new hires. | E20: =_xlfn.XLOOKUP(A20,'OJT IDs'!A:A,'OJT IDs'!N:N,"Not found") -> IHG8342629-OJT | F20: =_xlfn.XLOOKUP(E20,'OJT Links'!E:E,'OJT Links'!H:H,"Not found") -> https://mylearning.sumtotal.host/core/pillarRedirect?relyingParty=LM&url=app%2Fmanagement%2FLMS_ActDetails.aspx%3FActivityId%3D603028%26UserMode%3D0
A21: Holiday Inn Express Brand Service Training | B21: View the videos with your group to complete the learning offer | C21: https://mylearning.sumtotal.host/core/pillarRedirect?relyingParty=LM&url=app%2fmanagement%2fLMS_ActDetails.aspx%3fActivityId%3d366737%26UserMode%3d0 | D21: =_xlfn.XLOOKUP(A21,'All Courses'!A:A,'All Courses'!D:D,"Not found") -> course | E21: =_xlfn.XLOOKUP(A21,'OJT IDs'!A:A,'OJT IDs'!N:N,"Not found") -> IHG4548388-OJT | F21: =_xlfn.XLOOKUP(E21,'OJT Links'!E:E,'OJT Links'!H:H,"Not found") -> https://mylearning.sumtotal.host/core/pillarRedirect?relyingParty=LM&url=app%2Fmanagement%2FLMS_ActDetails.aspx%3FActivityId%3D471268%26UserMode%3D0

Sheet avid Hotels
A1: Course Title | B1: Instructions | C1: Hyperlink for Access | D1: Access ______ | E1: Not visible to learner: OJT Course ID: | F1: Create OJT Button
A2: Digital Check-in | B2: View the videos with your group to complete the learning offer | C2: https://mylearning.sumtotal.host/core/pillarRedirect?relyingParty=LM&url=app%2fmanagement%2fLMS_ActDetails.aspx%3fActivityId%3d41%26UserMode%3d0 | D2: =_xlfn.XLOOKUP(A2,'All Courses'!A:A,'All Courses'!D:D,"Not found") -> course | E2: =_xlfn.XLOOKUP(A2,'OJT IDs'!A:A,'OJT IDs'!N:N,"Not found") -> IHG0061303-OJT | F2: =_xlfn.XLOOKUP(E2,'OJT Links'!E:E,'OJT Links'!H:H,"Not found") -> https://mylearning.sumtotal.host/core/pillarRedirect?relyingParty=LM&url=app%2Fmanagement%2FLMS_ActDetails.aspx%3FActivityId%3D595005%26UserMode%3D0
A3: First Aid | B3: Review your first aid procedures and practices. | E3: =_xlfn.XLOOKUP(A3,'OJT IDs'!A:A,'OJT IDs'!N:N,"Not found") -> IHG1885862-OJT | F3: =_xlfn.XLOOKUP(E3,'OJT Links'!E:E,'OJT Links'!H:H,"Not found") -> https://mylearning.sumtotal.host/core/pillarRedirect?relyingParty=LM&url=app%2Fmanagement%2FLMS_ActDetails.aspx%3FActivityId%3D601671%26UserMode%3D0
A4: Handling Credit Cards Securely | B4: View the videos with your group to complete the learning offer | C4: https://me2.ihgmerlin.com/web/init-ihg-information-security/homeandhttps://me2.ihgmerlin.com/web/init-pci-compliance | D4: =_xlfn.XLOOKUP(A4,'All Courses'!A:A,'All Courses'!D:D,"Not found") -> Resource | E4: =_xlfn.XLOOKUP(A4,'OJT IDs'!A:A,'OJT IDs'!N:N,"Not found") -> IHG0047626-OJT | F4: =_xlfn.XLOOKUP(E4,'OJT Links'!E:E,'OJT Links'!H:H,"Not found") -> Not found
A5: Health & Safety, Security an Emergency Procedures | B5: Review your health safety and security procedures, including fire evacuation plan. | C5: Link | D5: =_xlfn.XLOOKUP(A5,'All Courses'!A:A,'All Courses'!D:D,"Not found") -> course | E5: =_xlfn.XLOOKUP(A5,'OJT IDs'!A:A,'OJT IDs'!N:N,"Not found") -> IHG9191264-OJT | F5: =_xlfn.XLOOKUP(E5,'OJT Links'!E:E,'OJT Links'!H:H,"Not found") -> https://mylearning.sumtotal.host/core/pillarRedirect?relyingParty=LM&url=app%2Fmanagement%2FLMS_ActDetails.aspx%3FActivityId%3D601724%26UserMode%3D0
A6: Housekeeping Safety Device (US & Canada only) | B6: Review maunufactor operating manual for equipment and procedure for action when an alarm is triggered | E6: =_xlfn.XLOOKUP(A6,'OJT IDs'!A:A,'OJT IDs'!N:N,"Not found") -> IHG8611503-OJT | F6: =_xlfn.XLOOKUP(E6,'OJT Links'!E:E,'OJT Links'!H:H,"Not found") -> https://mylearning.sumtotal.host/core/pillarRedirect?relyingParty=LM&url=app%2Fmanagement%2FLMS_ActDetails.aspx%3FActivityId%3D601740%26UserMode%3D0
A7: Getting to Know IHG Concerto | B7: View the videos with your group to complete the learning offer . Once complete, review the assessments as a group. NOTE: Assessment records are not required) | C7: https://mylearning.sumtotal.host/core/pillarRedirect?relyingParty=LM&url=app%2fmanagement%2fLMS_ActDetails.aspx%3fActivityId%3d52090%26UserMode%3d0 | D7: =_xlfn.XLOOKUP(A7,'All Courses'!A:A,'All Courses'!D:D,"Not found") -> course | E7: =_xlfn.XLOOKUP(A7,'OJT IDs'!A:A,'OJT IDs'!N:N,"Not found") -> IHG0049491-OJT | F7: =_xlfn.XLOOKUP(E7,'OJT Links'!E:E,'OJT Links'!H:H,"Not found") -> https://mylearning.sumtotal.host/core/pillarRedirect?relyingParty=LM&url=app%2Fmanagement%2FLMS_ActDetails.aspx%3FActivityId%3D595027%26UserMode%3D0
A8: IHG Voice Program Training | B8: View the videos with your group to complete the learning offer | C8: https://mylearning.sumtotal.host/core/pillarRedirect?relyingParty=LM&url=app%2fmanagement%2fLMS_ActDetails.aspx%3fActivityId%3d2823%26UserMode%3d0 | D8: =_xlfn.XLOOKUP(A8,'All Courses'!A:A,'All Courses'!D:D,"Not found") -> course | E8: =_xlfn.XLOOKUP(A8,'OJT IDs'!A:A,'OJT IDs'!N:N,"Not found") -> IHG0054667-OJT | F8: =_xlfn.XLOOKUP(E8,'OJT Links'!E:E,'OJT Links'!H:H,"Not found") -> https://mylearning.sumtotal.host/core/pillarRedirect?relyingParty=LM&url=app%2Fmanagement%2FLMS_ActDetails.aspx%3FActivityId%3D595030%26UserMode%3D0
A9: IHG Way of Clean 5-S Cleaning Program | B9: View the videos with your group to complete the learning offer . Once complete, review the assessments as a group. NOTE: Assessment records are not required) | C9: Link | D9: =_xlfn.XLOOKUP(A9,'All Courses'!A:A,'All Courses'!D:D,"Not found") -> course | E9: =_xlfn.XLOOKUP(A9,'OJT IDs'!A:A,'OJT IDs'!N:N,"Not found") -> IHG7376524-OJT | F9: =_xlfn.XLOOKUP(E9,'OJT Links'!E:E,'OJT Links'!H:H,"Not found") -> https://mylearning.sumtotal.host/core/pillarRedirect?relyingParty=LM&url=app%2Fmanagement%2FLMS_ActDetails.aspx%3FActivityId%3D468097%26UserMode%3D0
A10: IHG Way of Clean 5-S Cleaning Program for Non-Housekeeping Colleagues | B10: View the videos with your group to complete the learning offer . Once complete, review the assessments as a group. NOTE: Assessment records are not required) | C10: Link | D10: =_xlfn.XLOOKUP(A10,'All Courses'!A:A,'All Courses'!D:D,"Not found") -> course | E10: =_xlfn.XLOOKUP(A10,'OJT IDs'!A:A,'OJT IDs'!N:N,"Not found") -> IHG1227263-OJT | F10: =_xlfn.XLOOKUP(E10,'OJT Links'!E:E,'OJT Links'!H:H,"Not found") -> https://mylearning.sumtotal.host/core/pillarRedirect?relyingParty=LM&url=app%2Fmanagement%2FLMS_ActDetails.aspx%3FActivityId%3D595028%26UserMode%3D0
A11: IHG World Class Beverage Academy - 101 Essentials | B11: View the videos with your group to complete the learning offer . Once complete, review the assessments as a group. NOTE: Assessment records are not required) | C11: Link | D11: =_xlfn.XLOOKUP(A11,'All Courses'!A:A,'All Courses'!D:D,"Not found") -> course | E11: =_xlfn.XLOOKUP(A11,'OJT IDs'!A:A,'OJT IDs'!N:N,"Not found") -> IHG052185-OJT | F11: =_xlfn.XLOOKUP(E11,'OJT Links'!E:E,'OJT Links'!H:H,"Not found") -> https://mylearning.sumtotal.host/core/pillarRedirect?relyingParty=LM&url=app%2Fmanagement%2FLMS_ActDetails.aspx%3FActivityId%3D595029%26UserMode%3D0
A12: Introduction to Information Security | B12: View the videos with your group to complete the learning offer | C12: Link | D12: =_xlfn.XLOOKUP(A12,'All Courses'!A:A,'All Courses'!D:D,"Not found") -> course | E12: =_xlfn.XLOOKUP(A12,'OJT IDs'!A:A,'OJT IDs'!N:N,"Not found") -> IHG0047625-OJT | F12: =_xlfn.XLOOKUP(E12,'OJT Links'!E:E,'OJT Links'!H:H,"Not found") -> https://mylearning.sumtotal.host/core/pillarRedirect?relyingParty=LM&url=app%2Fmanagement%2FLMS_ActDetails.aspx%3FActivityId%3D596770%26UserMode%3D0
A13: Leading and Sustaining your Service Culture | B13: View the videos with your group to complete the learning offer . Once complete, review the assessments as a group. NOTE: Assessment records are not required) | C13: Link | D13: =_xlfn.XLOOKUP(A13,'All Courses'!A:A,'All Courses'!D:D,"Not found") -> course | E13: =_xlfn.XLOOKUP(A13,'OJT IDs'!A:A,'OJT IDs'!N:N,"Not found") -> IHG0056403-OJT | F13: =_xlfn.XLOOKUP(E13,'OJT Links'!E:E,'OJT Links'!H:H,"Not found") -> https://mylearning.sumtotal.host/core/pillarRedirect?relyingParty=LM&url=app%2Fmanagement%2FLMS_ActDetails.aspx%3FActivityId%3D596772%26UserMode%3D0
A14: Preventing Human Trafficking | B14: View the videos with your group to complete the learning offer . Once complete, review the assessments as a group. NOTE: Assessment records are not required) | C14: Link https://ihg.sharepoint.com/sites/ResponsibleBusiness/SitePages/Human-Rights-Brand-Standards-Guidance.aspx | D14: =_xlfn.XLOOKUP(A14,'All Courses'!A:A,'All Courses'!D:D,"Not found") -> course | E14: =_xlfn.XLOOKUP(A14,'OJT IDs'!A:A,'OJT IDs'!N:N,"Not found") -> IHG0057043-v2024-OJT | F14: =_xlfn.XLOOKUP(E14,'OJT Links'!E:E,'OJT Links'!H:H,"Not found") -> https://mylearning.sumtotal.host/core/pillarRedirect?relyingParty=LM&url=app%2Fmanagement%2FLMS_ActDetails.aspx%3FActivityId%3D468091%26UserMode%3D0
A15: IHG Problem Handling V2 | B15: View the videos with your group to complete the learning offer . Once complete, review the assessments as a group. NOTE: Assessment records are not required) | C15: Link | D15: =_xlfn.XLOOKUP(A15,'All Courses'!A:A,'All Courses'!D:D,"Not found") -> course | E15: =_xlfn.XLOOKUP(A15,'OJT IDs'!A:A,'OJT IDs'!N:N,"Not found") -> IHG056045-OJT | F15: =_xlfn.XLOOKUP(E15,'OJT Links'!E:E,'OJT Links'!H:H,"Not found") -> https://mylearning.sumtotal.host/core/pillarRedirect?relyingParty=LM&url=app%2Fmanagement%2FLMS_ActDetails.aspx%3FActivityId%3D468095%26UserMode%3D0
A16: Property Management System (PMS) | B16: Review maunufactor operating manual relevant department training in the PMS system | E16: =_xlfn.XLOOKUP(A16,'OJT IDs'!A:A,'OJT IDs'!N:N,"Not found") -> IHG5969164-OJT | F16: =_xlfn.XLOOKUP(E16,'OJT Links'!E:E,'OJT Links'!H:H,"Not found") -> https://mylearning.sumtotal.host/core/pillarRedirect?relyingParty=LM&url=app%2Fmanagement%2FLMS_ActDetails.aspx%3FActivityId%3D602920%26UserMode%3D0
A17: Service Optimization Quore for avid Hotels | B17: View the videos with your group to complete the learning offer | C17: https://mylearning.sumtotal.host/core/pillarRedirect?relyingParty=LM&url=app%2fmanagement%2fLMS_ActDetails.aspx%3fActivityId%3d746%26UserMode%3d0 | D17: =_xlfn.XLOOKUP(A17,'All Courses'!A:A,'All Courses'!D:D,"Not found") -> course | E17: =_xlfn.XLOOKUP(A17,'OJT IDs'!A:A,'OJT IDs'!N:N,"Not found") -> IHG0058563-OJT | F17: =_xlfn.XLOOKUP(E17,'OJT Links'!E:E,'OJT Links'!H:H,"Not found") -> https://mylearning.sumtotal.host/core/pillarRedirect?relyingParty=LM&url=app%2Fmanagement%2FLMS_ActDetails.aspx%3FActivityId%3D596774%26UserMode%3D0
A18: True Hospitality Service Skills | B18: View the videos with your group to complete the learning offer . Once complete, review the assessments as a group. NOTE: Assessment records are not required) | C18: Link | D18: =_xlfn.XLOOKUP(A18,'All Courses'!A:A,'All Courses'!D:D,"Not found") -> course | E18: =_xlfn.XLOOKUP(A18,'OJT IDs'!A:A,'OJT IDs'!N:N,"Not found") -> IHG051263-OJT | F18: =_xlfn.XLOOKUP(E18,'OJT Links'!E:E,'OJT Links'!H:H,"Not found") -> https://mylearning.sumtotal.host/core/pillarRedirect?relyingParty=LM&url=app%2Fmanagement%2FLMS_ActDetails.aspx%3FActivityId%3D468089%26UserMode%3D0
A19: Welcome to IHG | B19: View the videos with your group to complete the learning offer | C19: Link | D19: =_xlfn.XLOOKUP(A19,'All Courses'!A:A,'All Courses'!D:D,"Not found") -> course | E19: =_xlfn.XLOOKUP(A19,'OJT IDs'!A:A,'OJT IDs'!N:N,"Not found") -> IHG058044-OJT | F19: =_xlfn.XLOOKUP(E19,'OJT Links'!E:E,'OJT Links'!H:H,"Not found") -> Not found
A20: Property Orientation | B20: Complete a tour of your property with new hires. | E20: =_xlfn.XLOOKUP(A20,'OJT IDs'!A:A,'OJT IDs'!N:N,"Not found") -> IHG8342629-OJT | F20: =_xlfn.XLOOKUP(E20,'OJT Links'!E:E,'OJT Links'!H:H,"Not found") -> https://mylearning.sumtotal.host/core/pillarRedirect?relyingParty=LM&url=app%2Fmanagement%2FLMS_ActDetails.aspx%3FActivityId%3D603028%26UserMode%3D0
A21: avid hotels and Candlewood Suites Dual - Brand Service Training | B21: View the videos with your group to complete the learning offer . Once complete, review the assessments as a group. NOTE: Assessment records are not required) | C21: https://mylearning.sumtotal.host/core/pillarRedirect?relyingParty=LM&url=app%2fmanagement%2fLMS_ActDetails.aspx%3fActivityId%3d301706%26UserMode%3d0 | D21: =_xlfn.XLOOKUP(A21,'All Courses'!A:A,'All Courses'!D:D,"Not found") -> course | E21: =_xlfn.XLOOKUP(A21,'OJT IDs'!A:A,'OJT IDs'!N:N,"Not found") -> IHG1645990-OJT | F21: =_xlfn.XLOOKUP(E21,'OJT Links'!E:E,'OJT Links'!H:H,"Not found") -> https://mylearning.sumtotal.host/core/pillarRedirect?relyingParty=LM&url=app%2Fmanagement%2FLMS_ActDetails.aspx%3FActivityId%3D472810%26UserMode%3D0
A22: avid hotels 'just right' Brand Experience Training | B22: View the videos with your group to complete the learning offer . Once complete, review the assessments as a group. NOTE: Assessment records are not required) | C22: https://mylearning.sumtotal.host/core/pillarRedirect?relyingParty=LM&url=app%2fmanagement%2fLMS_ActDetails.aspx%3fActivityId%3d27%26UserMode%3d0 | D22: =_xlfn.XLOOKUP(A22,'All Courses'!A:A,'All Courses'!D:D,"Not found") -> course | E22: =_xlfn.XLOOKUP(A22,'OJT IDs'!A:A,'OJT IDs'!N:N,"Not found") -> IHG0065503-OJT | F22: =_xlfn.XLOOKUP(E22,'OJT Links'!E:E,'OJT Links'!H:H,"Not found") -> https://mylearning.sumtotal.host/core/pillarRedirect?relyingParty=LM&url=app%2Fmanagement%2FLMS_ActDetails.aspx%3FActivityId%3D593204%26UserMode%3D0
A23: avid hotels 'Just right' Brand Orientation Training | B23: View the videos with your group to complete the learning offer . Once complete, review the assessments as a group. NOTE: Assessment records are not required) | C23: https://mylearning.sumtotal.host/core/pillarRedirect?relyingParty=LM&url=app%2fmanagement%2fLMS_ActDetails.aspx%3fActivityId%3d438%26UserMode%3d0 | D23: =_xlfn.XLOOKUP(A23,'All Courses'!A:A,'All Courses'!D:D,"Not found") -> course | E23: =_xlfn.XLOOKUP(A23,'OJT IDs'!A:A,'OJT IDs'!N:N,"Not found") -> IHG0065403-OJT | F23: =_xlfn.XLOOKUP(E23,'OJT Links'!E:E,'OJT Links'!H:H,"Not found") -> https://mylearning.sumtotal.host/core/pillarRedirect?relyingParty=LM&url=app%2Fmanagement%2FLMS_ActDetails.aspx%3FActivityId%3D593205%26UserMode%3D0
A24: avid hotels Just Right Brand Standards Guidance Training | B24: View the videos with your group to complete the learning offer . Once complete, review the assessments as a group. NOTE: Assessment records are not required) | C24: https://mylearning.sumtotal.host/core/pillarRedirect?relyingParty=LM&url=app%2fmanagement%2fLMS_ActDetails.aspx%3fActivityId%3d3555%26UserMode%3d0 | D24: =_xlfn.XLOOKUP(A24,'All Courses'!A:A,'All Courses'!D:D,"Not found") -> course | E24: =_xlfn.XLOOKUP(A24,'OJT IDs'!A:A,'OJT IDs'!N:N,"Not found") -> IHG0065583-OJT | F24: =_xlfn.XLOOKUP(E24,'OJT Links'!E:E,'OJT Links'!H:H,"Not found") -> https://mylearning.sumtotal.host/core/pillarRedirect?relyingParty=LM&url=app%2Fmanagement%2FLMS_ActDetails.aspx%3FActivityId%3D593206%26UserMode%3D0
D25: =_xlfn.XLOOKUP(A25,'All Courses'!A:A,'All Courses'!D:D,"Not found") -> 0
D26: =_xlfn.XLOOKUP(A26,'All Courses'!A:A,'All Courses'!D:D,"Not found") -> 0
D27: =_xlfn.XLOOKUP(A27,'All Courses'!A:A,'All Courses'!D:D,"Not found") -> 0
D28: =_xlfn.XLOOKUP(A28,'All Courses'!A:A,'All Courses'!D:D,"Not found") -> 0
D29: =_xlfn.XLOOKUP(A29,'All Courses'!A:A,'All Courses'!D:D,"Not found") -> 0
D30: =_xlfn.XLOOKUP(A30,'All Courses'!A:A,'All Courses'!D:D,"Not found") -> 0
D31: =_xlfn.XLOOKUP(A31,'All Courses'!A:A,'All Courses'!D:D,"Not found") -> 0
D32: =_xlfn.XLOOKUP(A32,'All Courses'!A:A,'All Courses'!D:D,"Not found") -> 0
D33: =_xlfn.XLOOKUP(A33,'All Courses'!A:A,'All Courses'!D:D,"Not found") -> 0
D34: =_xlfn.XLOOKUP(A34,'All Courses'!A:A,'All Courses'!D:D,"Not found") -> 0
D35: =_xlfn.XLOOKUP(A35,'All Courses'!A:A,'All Courses'!D:D,"Not found") -> 0
D36: =_xlfn.XLOOKUP(A36,'All Courses'!A:A,'All Courses'!D:D,"Not found") -> 0
... D39: =_xlfn.XLOOKUP(A39,'All Courses'!A:A,'All Courses'!D:D,"Not found") -> 0

Sheet Garner
A1: Course Title | B1: Instructions | C1: Hyperlink for Access | D1: Access ______ | E1: Not visible to learner: OJT Course ID: | F1: Create OJT Button
A2: Digital Check-in | B2: View the videos with your group to complete the learning offer | C2: https://mylearning.sumtotal.host/core/pillarRedirect?relyingParty=LM&url=app%2fmanagement%2fLMS_ActDetails.aspx%3fActivityId%3d41%26UserMode%3d0 | D2: =_xlfn.XLOOKUP(A2,'All Courses'!A:A,'All Courses'!D:D,"Not found") -> course | E2: =_xlfn.XLOOKUP(A2,'OJT IDs'!A:A,'OJT IDs'!N:N,"Not found") -> IHG0061303-OJT | F2: =_xlfn.XLOOKUP(E2,'OJT Links'!E:E,'OJT Links'!H:H,"Not found") -> https://mylearning.sumtotal.host/core/pillarRedirect?relyingParty=LM&url=app%2Fmanagement%2FLMS_ActDetails.aspx%3FActivityId%3D595005%26UserMode%3D0
A3: First Aid | B3: Review your first aid procedures and practices. | E3: =_xlfn.XLOOKUP(A3,'OJT IDs'!A:A,'OJT IDs'!N:N,"Not found") -> IHG1885862-OJT | F3: =_xlfn.XLOOKUP(E3,'OJT Links'!E:E,'OJT Links'!H:H,"Not found") -> https://mylearning.sumtotal.host/core/pillarRedirect?relyingParty=LM&url=app%2Fmanagement%2FLMS_ActDetails.aspx%3FActivityId%3D601671%26UserMode%3D0
A4: Handling Credit Cards Securely | B4: View the videos with your group to complete the learning offer | C4: https://me2.ihgmerlin.com/web/init-ihg-information-security/homeandhttps://me2.ihgmerlin.com/web/init-pci-compliance | D4: =_xlfn.XLOOKUP(A4,'All Courses'!A:A,'All Courses'!D:D,"Not found") -> Resource | E4: =_xlfn.XLOOKUP(A4,'OJT IDs'!A:A,'OJT IDs'!N:N,"Not found") -> IHG0047626-OJT | F4: =_xlfn.XLOOKUP(E4,'OJT Links'!E:E,'OJT Links'!H:H,"Not found") -> Not found
A5: Health & Safety, Security an Emergency Procedures | B5: Review your health safety and security procedures, including fire evacuation plan. | C5: Link | D5: =_xlfn.XLOOKUP(A5,'All Courses'!A:A,'All Courses'!D:D,"Not found") -> course | E5: =_xlfn.XLOOKUP(A5,'OJT IDs'!A:A,'OJT IDs'!N:N,"Not found") -> IHG9191264-OJT | F5: =_xlfn.XLOOKUP(E5,'OJT Links'!E:E,'OJT Links'!H:H,"Not found") -> https://mylearning.sumtotal.host/core/pillarRedirect?relyingParty=LM&url=app%2Fmanagement%2FLMS_ActDetails.aspx%3FActivityId%3D601724%26UserMode%3D0
A6: Housekeeping Safety Device (US & Canada only) | B6: Review maunufactor operating manual for equipment and procedure for action when an alarm is triggered | E6: =_xlfn.XLOOKUP(A6,'OJT IDs'!A:A,'OJT IDs'!N:N,"Not found") -> IHG8611503-OJT | F6: =_xlfn.XLOOKUP(E6,'OJT Links'!E:E,'OJT Links'!H:H,"Not found") -> https://mylearning.sumtotal.host/core/pillarRedirect?relyingParty=LM&url=app%2Fmanagement%2FLMS_ActDetails.aspx%3FActivityId%3D601740%26UserMode%3D0
A7: Getting to Know IHG Concerto | B7: View the videos with your group to complete the learning offer . Once complete, review the assessments as a group. NOTE: Assessment records are not required) | C7: https://mylearning.sumtotal.host/core/pillarRedirect?relyingParty=LM&url=app%2fmanagement%2fLMS_ActDetails.aspx%3fActivityId%3d52090%26UserMode%3d0 | D7: =_xlfn.XLOOKUP(A7,'All Courses'!A:A,'All Courses'!D:D,"Not found") -> course | E7: =_xlfn.XLOOKUP(A7,'OJT IDs'!A:A,'OJT IDs'!N:N,"Not found") -> IHG0049491-OJT | F7: =_xlfn.XLOOKUP(E7,'OJT Links'!E:E,'OJT Links'!H:H,"Not found") -> https://mylearning.sumtotal.host/core/pillarRedirect?relyingParty=LM&url=app%2Fmanagement%2FLMS_ActDetails.aspx%3FActivityId%3D595027%26UserMode%3D0
A8: IHG Voice Program Training | B8: View the videos with your group to complete the learning offer | C8: https://mylearning.sumtotal.host/core/pillarRedirect?relyingParty=LM&url=app%2fmanagement%2fLMS_ActDetails.aspx%3fActivityId%3d2823%26UserMode%3d0 | D8: =_xlfn.XLOOKUP(A8,'All Courses'!A:A,'All Courses'!D:D,"Not found") -> course | E8: =_xlfn.XLOOKUP(A8,'OJT IDs'!A:A,'OJT IDs'!N:N,"Not found") -> IHG0054667-OJT | F8: =_xlfn.XLOOKUP(E8,'OJT Links'!E:E,'OJT Links'!H:H,"Not found") -> https://mylearning.sumtotal.host/core/pillarRedirect?relyingParty=LM&url=app%2Fmanagement%2FLMS_ActDetails.aspx%3FActivityId%3D595030%26UserMode%3D0
A9: IHG Way of Clean 5-S Cleaning Program | B9: View the videos with your group to complete the learning offer . Once complete, review the assessments as a group. NOTE: Assessment records are not required) | C9: Link | D9: =_xlfn.XLOOKUP(A9,'All Courses'!A:A,'All Courses'!D:D,"Not found") -> course | E9: =_xlfn.XLOOKUP(A9,'OJT IDs'!A:A,'OJT IDs'!N:N,"Not found") -> IHG7376524-OJT | F9: =_xlfn.XLOOKUP(E9,'OJT Links'!E:E,'OJT Links'!H:H,"Not found") -> https://mylearning.sumtotal.host/core/pillarRedirect?relyingParty=LM&url=app%2Fmanagement%2FLMS_ActDetails.aspx%3FActivityId%3D468097%26UserMode%3D0
A10: IHG Way of Clean 5-S Cleaning Program for Non-Housekeeping Colleagues | B10: View the videos with your group to complete the learning offer . Once complete, review the assessments as a group. NOTE: Assessment records are not required) | C10: Link | D10: =_xlfn.XLOOKUP(A10,'All Courses'!A:A,'All Courses'!D:D,"Not found") -> course | E10: =_xlfn.XLOOKUP(A10,'OJT IDs'!A:A,'OJT IDs'!N:N,"Not found") -> IHG1227263-OJT | F10: =_xlfn.XLOOKUP(E10,'OJT Links'!E:E,'OJT Links'!H:H,"Not found") -> https://mylearning.sumtotal.host/core/pillarRedirect?relyingParty=LM&url=app%2Fmanagement%2FLMS_ActDetails.aspx%3FActivityId%3D595028%26UserMode%3D0
A11: IHG World Class Beverage Academy - 101 Essentials | B11: View the videos with your group to complete the learning offer . Once complete, review the assessments as a group. NOTE: Assessment records are not required) | C11: Link | D11: =_xlfn.XLOOKUP(A11,'All Courses'!A:A,'All Courses'!D:D,"Not found") -> course | E11: =_xlfn.XLOOKUP(A11,'OJT IDs'!A:A,'OJT IDs'!N:N,"Not found") -> IHG052185-OJT | F11: =_xlfn.XLOOKUP(E11,'OJT Links'!E:E,'OJT Links'!H:H,"Not found") -> https://mylearning.sumtotal.host/core/pillarRedirect?relyingParty=LM&url=app%2Fmanagement%2FLMS_ActDetails.aspx%3FActivityId%3D595029%26UserMode%3D0
A12: Introduction to Information Security | B12: View the videos with your group to complete the learning offer | C12: Link | D12: =_xlfn.XLOOKUP(A12,'All Courses'!A:A,'All Courses'!D:D,"Not found") -> course | E12: =_xlfn.XLOOKUP(A12,'OJT IDs'!A:A,'OJT IDs'!N:N,"Not found") -> IHG0047625-OJT | F12: =_xlfn.XLOOKUP(E12,'OJT Links'!E:E,'OJT Links'!H:H,"Not found") -> https://mylearning.sumtotal.host/core/pillarRedirect?relyingParty=LM&url=app%2Fmanagement%2FLMS_ActDetails.aspx%3FActivityId%3D596770%26UserMode%3D0
A13: Leading and Sustaining your Service Culture | B13: View the videos with your group to complete the learning offer . Once complete, review the assessments as a group. NOTE: Assessment records are not required) | C13: Link | D13: =_xlfn.XLOOKUP(A13,'All Courses'!A:A,'All Courses'!D:D,"Not found") -> course | E13: =_xlfn.XLOOKUP(A13,'OJT IDs'!A:A,'OJT IDs'!N:N,"Not found") -> IHG0056403-OJT | F13: =_xlfn.XLOOKUP(E13,'OJT Links'!E:E,'OJT Links'!H:H,"Not found") -> https://mylearning.sumtotal.host/core/pillarRedirect?relyingParty=LM&url=app%2Fmanagement%2FLMS_ActDetails.aspx%3FActivityId%3D596772%26UserMode%3D0
A14: Preventing Human Trafficking | B14: View the videos with your group to complete the learning offer . Once complete, review the assessments as a group. NOTE: Assessment records are not required) | C14: Link https://ihg.sharepoint.com/sites/ResponsibleBusiness/SitePages/Human-Rights-Brand-Standards-Guidance.aspx | D14: =_xlfn.XLOOKUP(A14,'All Courses'!A:A,'All Courses'!D:D,"Not found") -> course | E14: =_xlfn.XLOOKUP(A14,'OJT IDs'!A:A,'OJT IDs'!N:N,"Not found") -> IHG0057043-v2024-OJT | F14: =_xlfn.XLOOKUP(E14,'OJT Links'!E:E,'OJT Links'!H:H,"Not found") -> https://mylearning.sumtotal.host/core/pillarRedirect?relyingParty=LM&url=app%2Fmanagement%2FLMS_ActDetails.aspx%3FActivityId%3D468091%26UserMode%3D0
A15: IHG Problem Handling V2 | B15: View the videos with your group to complete the learning offer . Once complete, review the assessments as a group. NOTE: Assessment records are not required) | C15: Link | D15: =_xlfn.XLOOKUP(A15,'All Courses'!A:A,'All Courses'!D:D,"Not found") -> course | E15: =_xlfn.XLOOKUP(A15,'OJT IDs'!A:A,'OJT IDs'!N:N,"Not found") -> IHG056045-OJT | F15: =_xlfn.XLOOKUP(E15,'OJT Links'!E:E,'OJT Links'!H:H,"Not found") -> https://mylearning.sumtotal.host/core/pillarRedirect?relyingParty=LM&url=app%2Fmanagement%2FLMS_ActDetails.aspx%3FActivityId%3D468095%26UserMode%3D0
A16: Property Management System (PMS) | B16: Review maunufactor operating manual relevant department training in the PMS system | E16: =_xlfn.XLOOKUP(A16,'OJT IDs'!A:A,'OJT IDs'!N:N,"Not found") -> IHG5969164-OJT | F16: =_xlfn.XLOOKUP(E16,'OJT Links'!E:E,'OJT Links'!H:H,"Not found") -> https://mylearning.sumtotal.host/core/pillarRedirect?relyingParty=LM&url=app%2Fmanagement%2FLMS_ActDetails.aspx%3FActivityId%3D602920%26UserMode%3D0
A17: True Hospitality Service Skills | B17: View the videos with your group to complete the learning offer . Once complete, review the assessments as a group. NOTE: Assessment records are not required) | C17: Link | D17: =_xlfn.XLOOKUP(A17,'All Courses'!A:A,'All Courses'!D:D,"Not found") -> course | E17: =_xlfn.XLOOKUP(A17,'OJT IDs'!A:A,'OJT IDs'!N:N,"Not found") -> IHG051263-OJT | F17: =_xlfn.XLOOKUP(E17,'OJT Links'!E:E,'OJT Links'!H:H,"Not found") -> https://mylearning.sumtotal.host/core/pillarRedirect?relyingParty=LM&url=app%2Fmanagement%2FLMS_ActDetails.aspx%3FActivityId%3D468089%26UserMode%3D0
A18: Welcome to IHG | B18: View the videos with your group to complete the learning offer | C18: Link | D18: =_xlfn.XLOOKUP(A18,'All Courses'!A:A,'All Courses'!D:D,"Not found") -> course | E18: =_xlfn.XLOOKUP(A18,'OJT IDs'!A:A,'OJT IDs'!N:N,"Not found") -> IHG058044-OJT | F18: =_xlfn.XLOOKUP(E18,'OJT Links'!E:E,'OJT Links'!H:H,"Not found") -> Not found
A19: Property Orientation | B19: Complete a tour of your property with new hires. | E19: =_xlfn.XLOOKUP(A19,'OJT IDs'!A:A,'OJT IDs'!N:N,"Not found") -> IHG8342629-OJT | F19: =_xlfn.XLOOKUP(E19,'OJT Links'!E:E,'OJT Links'!H:H,"Not found") -> https://mylearning.sumtotal.host/core/pillarRedirect?relyingParty=LM&url=app%2Fmanagement%2FLMS_ActDetails.aspx%3FActivityId%3D603028%26UserMode%3D0
A20: Garner Brand Service Training | B20: View the videos with your group to complete the learning offer . Once complete, review the assessments as a group. NOTE: Assessment records are not required) | C20: https://mylearning.sumtotal.host/core/pillarRedirect?relyingParty=LM&url=app%2fmanagement%2fLMS_ActDetails.aspx%3fActivityId%3d394772%26UserMode%3d0 | D20: =_xlfn.XLOOKUP(A20,'All Courses'!A:A,'All Courses'!D:D,"Not found") -> course | E20: =_xlfn.XLOOKUP(A20,'OJT IDs'!A:A,'OJT IDs'!N:N,"Not found") -> IHG2096323-OJT | F20: =_xlfn.XLOOKUP(E20,'OJT Links'!E:E,'OJT Links'!H:H,"Not found") -> https://mylearning.sumtotal.host/core/pillarRedirect?relyingParty=LM&url=app%2Fmanagement%2FLMS_ActDetails.aspx%3FActivityId%3D595008%26UserMode%3D0
D21: =_xlfn.XLOOKUP(A21,'All Courses'!A:A,'All Courses'!D:D,"Not found") -> 0
D22: =_xlfn.XLOOKUP(A22,'All Courses'!A:A,'All Courses'!D:D,"Not found") -> 0
D23: =_xlfn.XLOOKUP(A23,'All Courses'!A:A,'All Courses'!D:D,"Not found") -> 0
D24: =_xlfn.XLOOKUP(A24,'All Courses'!A:A,'All Courses'!D:D,"Not found") -> 0
D25: =_xlfn.XLOOKUP(A25,'All Courses'!A:A,'All Courses'!D:D,"Not found") -> 0
D26: =_xlfn.XLOOKUP(A26,'All Courses'!A:A,'All Courses'!D:D,"Not found") -> 0
D27: =_xlfn.XLOOKUP(A27,'All Courses'!A:A,'All Courses'!D:D,"Not found") -> 0
D28: =_xlfn.XLOOKUP(A28,'All Courses'!A:A,'All Courses'!D:D,"Not found") -> 0
D29: =_xlfn.XLOOKUP(A29,'All Courses'!A:A,'All Courses'!D:D,"Not found") -> 0
D30: =_xlfn.XLOOKUP(A30,'All Courses'!A:A,'All Courses'!D:D,"Not found") -> 0
D31: =_xlfn.XLOOKUP(A31,'All Courses'!A:A,'All Courses'!D:D,"Not found") -> 0
D32: =_xlfn.XLOOKUP(A32,'All Courses'!A:A,'All Courses'!D:D,"Not found") -> 0
... D39: =_xlfn.XLOOKUP(A39,'All Courses'!A:A,'All Courses'!D:D,"Not found") -> 0

Sheet Atwell Suites
A1: Course Title | B1: Instructions | C1: Hyperlink for Access | D1: Access ______ | E1: Not visible to learner: OJT Course ID: | F1: Create OJT Button
A2: Digital Check-in | B2: View the videos with your group to complete the learning offer | C2: https://mylearning.sumtotal.host/core/pillarRedirect?relyingParty=LM&url=app%2fmanagement%2fLMS_ActDetails.aspx%3fActivityId%3d41%26UserMode%3d0 | D2: =_xlfn.XLOOKUP(A2,'All Courses'!A:A,'All Courses'!D:D,"Not found") -> course | E2: =_xlfn.XLOOKUP(A2,'OJT IDs'!A:A,'OJT IDs'!N:N,"Not found") -> IHG0061303-OJT | F2: =_xlfn.XLOOKUP(E2,'OJT Links'!E:E,'OJT Links'!H:H,"Not found") -> https://mylearning.sumtotal.host/core/pillarRedirect?relyingParty=LM&url=app%2Fmanagement%2FLMS_ActDetails.aspx%3FActivityId%3D595005%26UserMode%3D0
A3: First Aid | B3: Review your first aid procedures and practices. | E3: =_xlfn.XLOOKUP(A3,'OJT IDs'!A:A,'OJT IDs'!N:N,"Not found") -> IHG1885862-OJT | F3: =_xlfn.XLOOKUP(E3,'OJT Links'!E:E,'OJT Links'!H:H,"Not found") -> https://mylearning.sumtotal.host/core/pillarRedirect?relyingParty=LM&url=app%2Fmanagement%2FLMS_ActDetails.aspx%3FActivityId%3D601671%26UserMode%3D0
A4: Handling Credit Cards Securely | B4: View the videos with your group to complete the learning offer | C4: https://me2.ihgmerlin.com/web/init-ihg-information-security/homeandhttps://me2.ihgmerlin.com/web/init-pci-compliance | D4: =_xlfn.XLOOKUP(A4,'All Courses'!A:A,'All Courses'!D:D,"Not found") -> Resource | E4: =_xlfn.XLOOKUP(A4,'OJT IDs'!A:A,'OJT IDs'!N:N,"Not found") -> IHG0047626-OJT | F4: =_xlfn.XLOOKUP(E4,'OJT Links'!E:E,'OJT Links'!H:H,"Not found") -> Not found
A5: Health & Safety, Security an Emergency Procedures | B5: Review your health safety and security procedures, including fire evacuation plan. | C5: Link | D5: =_xlfn.XLOOKUP(A5,'All Courses'!A:A,'All Courses'!D:D,"Not found") -> course | E5: =_xlfn.XLOOKUP(A5,'OJT IDs'!A:A,'OJT IDs'!N:N,"Not found") -> IHG9191264-OJT | F5: =_xlfn.XLOOKUP(E5,'OJT Links'!E:E,'OJT Links'!H:H,"Not found") -> https://mylearning.sumtotal.host/core/pillarRedirect?relyingParty=LM&url=app%2Fmanagement%2FLMS_ActDetails.aspx%3FActivityId%3D601724%26UserMode%3D0
A6: Housekeeping Safety Device (US & Canada only) | B6: Review maunufactor operating manual for equipment and procedure for action when an alarm is triggered | E6: =_xlfn.XLOOKUP(A6,'OJT IDs'!A:A,'OJT IDs'!N:N,"Not found") -> IHG8611503-OJT | F6: =_xlfn.XLOOKUP(E6,'OJT Links'!E:E,'OJT Links'!H:H,"Not found") -> https://mylearning.sumtotal.host/core/pillarRedirect?relyingParty=LM&url=app%2Fmanagement%2FLMS_ActDetails.aspx%3FActivityId%3D601740%26UserMode%3D0
A7: Getting to Know IHG Concerto | B7: View the videos with your group to complete the learning offer . Once complete, review the assessments as a group. NOTE: Assessment records are not required) | C7: https://mylearning.sumtotal.host/core/pillarRedirect?relyingParty=LM&url=app%2fmanagement%2fLMS_ActDetails.aspx%3fActivityId%3d52090%26UserMode%3d0 | D7: =_xlfn.XLOOKUP(A7,'All Courses'!A:A,'All Courses'!D:D,"Not found") -> course | E7: =_xlfn.XLOOKUP(A7,'OJT IDs'!A:A,'OJT IDs'!N:N,"Not found") -> IHG0049491-OJT | F7: =_xlfn.XLOOKUP(E7,'OJT Links'!E:E,'OJT Links'!H:H,"Not found") -> https://mylearning.sumtotal.host/core/pillarRedirect?relyingParty=LM&url=app%2Fmanagement%2FLMS_ActDetails.aspx%3FActivityId%3D595027%26UserMode%3D0
A8: IHG Voice Program Training | B8: View the videos with your group to complete the learning offer | C8: https://mylearning.sumtotal.host/core/pillarRedirect?relyingParty=LM&url=app%2fmanagement%2fLMS_ActDetails.aspx%3fActivityId%3d2823%26UserMode%3d0 | D8: =_xlfn.XLOOKUP(A8,'All Courses'!A:A,'All Courses'!D:D,"Not found") -> course | E8: =_xlfn.XLOOKUP(A8,'OJT IDs'!A:A,'OJT IDs'!N:N,"Not found") -> IHG0054667-OJT | F8: =_xlfn.XLOOKUP(E8,'OJT Links'!E:E,'OJT Links'!H:H,"Not found") -> https://mylearning.sumtotal.host/core/pillarRedirect?relyingParty=LM&url=app%2Fmanagement%2FLMS_ActDetails.aspx%3FActivityId%3D595030%26UserMode%3D0
A9: IHG Way of Clean 5-S Cleaning Program | B9: View the videos with your group to complete the learning offer . Once complete, review the assessments as a group. NOTE: Assessment records are not required) | C9: Link | D9: =_xlfn.XLOOKUP(A9,'All Courses'!A:A,'All Courses'!D:D,"Not found") -> course | E9: =_xlfn.XLOOKUP(A9,'OJT IDs'!A:A,'OJT IDs'!N:N,"Not found") -> IHG7376524-OJT | F9: =_xlfn.XLOOKUP(E9,'OJT Links'!E:E,'OJT Links'!H:H,"Not found") -> https://mylearning.sumtotal.host/core/pillarRedirect?relyingParty=LM&url=app%2Fmanagement%2FLMS_ActDetails.aspx%3FActivityId%3D468097%26UserMode%3D0
A10: IHG Way of Clean 5-S Cleaning Program for Non-Housekeeping Colleagues | B10: View the videos with your group to complete the learning offer . Once complete, review the assessments as a group. NOTE: Assessment records are not required) | C10: Link | D10: =_xlfn.XLOOKUP(A10,'All Courses'!A:A,'All Courses'!D:D,"Not found") -> course | E10: =_xlfn.XLOOKUP(A10,'OJT IDs'!A:A,'OJT IDs'!N:N,"Not found") -> IHG1227263-OJT | F10: =_xlfn.XLOOKUP(E10,'OJT Links'!E:E,'OJT Links'!H:H,"Not found") -> https://mylearning.sumtotal.host/core/pillarRedirect?relyingParty=LM&url=app%2Fmanagement%2FLMS_ActDetails.aspx%3FActivityId%3D595028%26UserMode%3D0
A11: IHG World Class Beverage Academy - 101 Essentials | B11: View the videos with your group to complete the learning offer . Once complete, review the assessments as a group. NOTE: Assessment records are not required) | C11: Link | D11: =_xlfn.XLOOKUP(A11,'All Courses'!A:A,'All Courses'!D:D,"Not found") -> course | E11: =_xlfn.XLOOKUP(A11,'OJT IDs'!A:A,'OJT IDs'!N:N,"Not found") -> IHG052185-OJT | F11: =_xlfn.XLOOKUP(E11,'OJT Links'!E:E,'OJT Links'!H:H,"Not found") -> https://mylearning.sumtotal.host/core/pillarRedirect?relyingParty=LM&url=app%2Fmanagement%2FLMS_ActDetails.aspx%3FActivityId%3D595029%26UserMode%3D0
A12: Introduction to Information Security | B12: View the videos with your group to complete the learning offer | C12: Link | D12: =_xlfn.XLOOKUP(A12,'All Courses'!A:A,'All Courses'!D:D,"Not found") -> course | E12: =_xlfn.XLOOKUP(A12,'OJT IDs'!A:A,'OJT IDs'!N:N,"Not found") -> IHG0047625-OJT | F12: =_xlfn.XLOOKUP(E12,'OJT Links'!E:E,'OJT Links'!H:H,"Not found") -> https://mylearning.sumtotal.host/core/pillarRedirect?relyingParty=LM&url=app%2Fmanagement%2FLMS_ActDetails.aspx%3FActivityId%3D596770%26UserMode%3D0
A13: Leading and Sustaining your Service Culture | B13: View the videos with your group to complete the learning offer . Once complete, review the assessments as a group. NOTE: Assessment records are not required) | C13: Link | D13: =_xlfn.XLOOKUP(A13,'All Courses'!A:A,'All Courses'!D:D,"Not found") -> course | E13: =_xlfn.XLOOKUP(A13,'OJT IDs'!A:A,'OJT IDs'!N:N,"Not found") -> IHG0056403-OJT | F13: =_xlfn.XLOOKUP(E13,'OJT Links'!E:E,'OJT Links'!H:H,"Not found") -> https://mylearning.sumtotal.host/core/pillarRedirect?relyingParty=LM&url=app%2Fmanagement%2FLMS_ActDetails.aspx%3FActivityId%3D596772%26UserMode%3D0
A14: Preventing Human Trafficking | B14: View the videos with your group to complete the learning offer . Once complete, review the assessments as a group. NOTE: Assessment records are not required) | C14: Link https://ihg.sharepoint.com/sites/ResponsibleBusiness/SitePages/Human-Rights-Brand-Standards-Guidance.aspx | D14: =_xlfn.XLOOKUP(A14,'All Courses'!A:A,'All Courses'!D:D,"Not found") -> course | E14: =_xlfn.XLOOKUP(A14,'OJT IDs'!A:A,'OJT IDs'!N:N,"Not found") -> IHG0057043-v2024-OJT | F14: =_xlfn.XLOOKUP(E14,'OJT Links'!E:E,'OJT Links'!H:H,"Not found") -> https://mylearning.sumtotal.host/core/pillarRedirect?relyingParty=LM&url=app%2Fmanagement%2FLMS_ActDetails.aspx%3FActivityId%3D468091%26UserMode%3D0
A15: IHG Problem Handling V2 | B15: View the videos with your group to complete the learning offer . Once complete, review the assessments as a group. NOTE: Assessment records are not required) | C15: Link | D15: =_xlfn.XLOOKUP(A15,'All Courses'!A:A,'All Courses'!D:D,"Not found") -> course | E15: =_xlfn.XLOOKUP(A15,'OJT IDs'!A:A,'OJT IDs'!N:N,"Not found") -> IHG056045-OJT | F15: =_xlfn.XLOOKUP(E15,'OJT Links'!E:E,'OJT Links'!H:H,"Not found") -> https://mylearning.sumtotal.host/core/pillarRedirect?relyingParty=LM&url=app%2Fmanagement%2FLMS_ActDetails.aspx%3FActivityId%3D468095%26UserMode%3D0
A16: Property Management System (PMS) | B16: Review maunufactor operating manual relevant department training in the PMS system | E16: =_xlfn.XLOOKUP(A16,'OJT IDs'!A:A,'OJT IDs'!N:N,"Not found") -> IHG5969164-OJT | F16: =_xlfn.XLOOKUP(E16,'OJT Links'!E:E,'OJT Links'!H:H,"Not found") -> https://mylearning.sumtotal.host/core/pillarRedirect?relyingParty=LM&url=app%2Fmanagement%2FLMS_ActDetails.aspx%3FActivityId%3D602920%26UserMode%3D0
A17: True Hospitality Service Skills | B17: View the videos with your group to complete the learning offer . Once complete, review the assessments as a group. NOTE: Assessment records are not required) | C17: Link | D17: =_xlfn.XLOOKUP(A17,'All Courses'!A:A,'All Courses'!D:D,"Not found") -> course | E17: =_xlfn.XLOOKUP(A17,'OJT IDs'!A:A,'OJT IDs'!N:N,"Not found") -> IHG051263-OJT | F17: =_xlfn.XLOOKUP(E17,'OJT Links'!E:E,'OJT Links'!H:H,"Not found") -> https://mylearning.sumtotal.host/core/pillarRedirect?relyingParty=LM&url=app%2Fmanagement%2FLMS_ActDetails.aspx%3FActivityId%3D468089%26UserMode%3D0
A18: Welcome to IHG | B18: View the videos with your group to complete the learning offer | C18: Link | D18: =_xlfn.XLOOKUP(A18,'All Courses'!A:A,'All Courses'!D:D,"Not found") -> course | E18: =_xlfn.XLOOKUP(A18,'OJT IDs'!A:A,'OJT IDs'!N:N,"Not found") -> IHG058044-OJT | F18: =_xlfn.XLOOKUP(E18,'OJT Links'!E:E,'OJT Links'!H:H,"Not found") -> Not found
A19: Property Orientation | B19: Complete a tour of your property with new hires. | E19: =_xlfn.XLOOKUP(A19,'OJT IDs'!A:A,'OJT IDs'!N:N,"Not found") -> IHG8342629-OJT | F19: =_xlfn.XLOOKUP(E19,'OJT Links'!E:E,'OJT Links'!H:H,"Not found") -> https://mylearning.sumtotal.host/core/pillarRedirect?relyingParty=LM&url=app%2Fmanagement%2FLMS_ActDetails.aspx%3FActivityId%3D603028%26UserMode%3D0
A20: Atwell Suites Brand Service Training | B20: View the videos with your group to complete the learning offer . Once complete, review the assessments as a group. NOTE: Assessment records are not required) | C20: https://mylearning.sumtotal.host/core/pillarRedirect?relyingParty=LM&url=app%2fmanagement%2fLMS_ActDetails.aspx%3fActivityId%3d166549%26UserMode%3d0 | D20: =_xlfn.XLOOKUP(A20,'All Courses'!A:A,'All Courses'!D:D,"Not found") -> course | E20: =_xlfn.XLOOKUP(A20,'OJT IDs'!A:A,'OJT IDs'!N:N,"Not found") -> IHG1667137-OJT | F20: =_xlfn.XLOOKUP(E20,'OJT Links'!E:E,'OJT Links'!H:H,"Not found") -> https://mylearning.sumtotal.host/core/pillarRedirect?relyingParty=LM&url=app%2Fmanagement%2FLMS_ActDetails.aspx%3FActivityId%3D593195%26UserMode%3D0
D21: =_xlfn.XLOOKUP(A21,'All Courses'!A:A,'All Courses'!D:D,"Not found") -> 0
D22: =_xlfn.XLOOKUP(A22,'All Courses'!A:A,'All Courses'!D:D,"Not found") -> 0
D23: =_xlfn.XLOOKUP(A23,'All Courses'!A:A,'All Courses'!D:D,"Not found") -> 0
D24: =_xlfn.XLOOKUP(A24,'All Courses'!A:A,'All Courses'!D:D,"Not found") -> 0
D25: =_xlfn.XLOOKUP(A25,'All Courses'!A:A,'All Courses'!D:D,"Not found") -> 0
D26: =_xlfn.XLOOKUP(A26,'All Courses'!A:A,'All Courses'!D:D,"Not found") -> 0
D27: =_xlfn.XLOOKUP(A27,'All Courses'!A:A,'All Courses'!D:D,"Not found") -> 0
D28: =_xlfn.XLOOKUP(A28,'All Courses'!A:A,'All Courses'!D:D,"Not found") -> 0
D29: =_xlfn.XLOOKUP(A29,'All Courses'!A:A,'All Courses'!D:D,"Not found") -> 0
D30: =_xlfn.XLOOKUP(A30,'All Courses'!A:A,'All Courses'!D:D,"Not found") -> 0
D31: =_xlfn.XLOOKUP(A31,'All Courses'!A:A,'All Courses'!D:D,"Not found") -> 0
D32: =_xlfn.XLOOKUP(A32,'All Courses'!A:A,'All Courses'!D:D,"Not found") -> 0
... D39: =_xlfn.XLOOKUP(A39,'All Courses'!A:A,'All Courses'!D:D,"Not found") -> 0

Sheet Staybridge Suites
A1: Course Title | B1: Instructions | C1: Hyperlink for Access | D1: Access ______ | E1: Not visible to learner: OJT Course ID: | F1: Create OJT Button
A2: Business Services training | B2: Review maunufactor operating manuals for equipment and software. | E2: =_xlfn.XLOOKUP(A2,'OJT IDs'!A:A,'OJT IDs'!N:N,"Not found") -> IHG6321776-OJT | F2: =_xlfn.XLOOKUP(E2,'OJT Links'!E:E,'OJT Links'!H:H,"Not found") -> https://mylearning.sumtotal.host/core/pillarRedirect?relyingParty=LM&url=app%2Fmanagement%2FLMS_ActDetails.aspx%3FActivityId%3D601648%26UserMode%3D0
A3: Digital Check-in | B3: View the videos with your group to complete the learning offer | C3: https://mylearning.sumtotal.host/core/pillarRedirect?relyingParty=LM&url=app%2fmanagement%2fLMS_ActDetails.aspx%3fActivityId%3d41%26UserMode%3d0 | D3: =_xlfn.XLOOKUP(A3,'All Courses'!A:A,'All Courses'!D:D,"Not found") -> course | E3: =_xlfn.XLOOKUP(A3,'OJT IDs'!A:A,'OJT IDs'!N:N,"Not found") -> IHG0061303-OJT | F3: =_xlfn.XLOOKUP(E3,'OJT Links'!E:E,'OJT Links'!H:H,"Not found") -> https://mylearning.sumtotal.host/core/pillarRedirect?relyingParty=LM&url=app%2Fmanagement%2FLMS_ActDetails.aspx%3FActivityId%3D595005%26UserMode%3D0
A4: First Aid | B4: Review your first aid procedures and practices. | E4: =_xlfn.XLOOKUP(A4,'OJT IDs'!A:A,'OJT IDs'!N:N,"Not found") -> IHG1885862-OJT | F4: =_xlfn.XLOOKUP(E4,'OJT Links'!E:E,'OJT Links'!H:H,"Not found") -> https://mylearning.sumtotal.host/core/pillarRedirect?relyingParty=LM&url=app%2Fmanagement%2FLMS_ActDetails.aspx%3FActivityId%3D601671%26UserMode%3D0
A5: Handling Credit Cards Securely | B5: View the videos with your group to complete the learning offer | C5: https://me2.ihgmerlin.com/web/init-ihg-information-security/homeandhttps://me2.ihgmerlin.com/web/init-pci-compliance | D5: =_xlfn.XLOOKUP(A5,'All Courses'!A:A,'All Courses'!D:D,"Not found") -> Resource | E5: =_xlfn.XLOOKUP(A5,'OJT IDs'!A:A,'OJT IDs'!N:N,"Not found") -> IHG0047626-OJT | F5: =_xlfn.XLOOKUP(E5,'OJT Links'!E:E,'OJT Links'!H:H,"Not found") -> Not found
A6: Health & Safety, Security an Emergency Procedures | B6: Review your health safety and security procedures, including fire evacuation plan. | C6: Link | D6: =_xlfn.XLOOKUP(A6,'All Courses'!A:A,'All Courses'!D:D,"Not found") -> course | E6: =_xlfn.XLOOKUP(A6,'OJT IDs'!A:A,'OJT IDs'!N:N,"Not found") -> IHG9191264-OJT | F6: =_xlfn.XLOOKUP(E6,'OJT Links'!E:E,'OJT Links'!H:H,"Not found") -> https://mylearning.sumtotal.host/core/pillarRedirect?relyingParty=LM&url=app%2Fmanagement%2FLMS_ActDetails.aspx%3FActivityId%3D601724%26UserMode%3D0
A7: Housekeeping Safety Device (US & Canada only) | B7: Review maunufactor operating manual for equipment and procedure for action when an alarm is triggered | E7: =_xlfn.XLOOKUP(A7,'OJT IDs'!A:A,'OJT IDs'!N:N,"Not found") -> IHG8611503-OJT | F7: =_xlfn.XLOOKUP(E7,'OJT Links'!E:E,'OJT Links'!H:H,"Not found") -> https://mylearning.sumtotal.host/core/pillarRedirect?relyingParty=LM&url=app%2Fmanagement%2FLMS_ActDetails.aspx%3FActivityId%3D601740%26UserMode%3D0
A8: Getting to Know IHG Concerto | B8: View the videos with your group to complete the learning offer . Once complete, review the assessments as a group. NOTE: Assessment records are not required) | C8: https://mylearning.sumtotal.host/core/pillarRedirect?relyingParty=LM&url=app%2fmanagement%2fLMS_ActDetails.aspx%3fActivityId%3d52090%26UserMode%3d0 | D8: =_xlfn.XLOOKUP(A8,'All Courses'!A:A,'All Courses'!D:D,"Not found") -> course | E8: =_xlfn.XLOOKUP(A8,'OJT IDs'!A:A,'OJT IDs'!N:N,"Not found") -> IHG0049491-OJT | F8: =_xlfn.XLOOKUP(E8,'OJT Links'!E:E,'OJT Links'!H:H,"Not found") -> https://mylearning.sumtotal.host/core/pillarRedirect?relyingParty=LM&url=app%2Fmanagement%2FLMS_ActDetails.aspx%3FActivityId%3D595027%26UserMode%3D0
A9: IHG Voice Program Training | B9: View the videos with your group to complete the learning offer | C9: https://mylearning.sumtotal.host/core/pillarRedirect?relyingParty=LM&url=app%2fmanagement%2fLMS_ActDetails.aspx%3fActivityId%3d2823%26UserMode%3d0 | D9: =_xlfn.XLOOKUP(A9,'All Courses'!A:A,'All Courses'!D:D,"Not found") -> course | E9: =_xlfn.XLOOKUP(A9,'OJT IDs'!A:A,'OJT IDs'!N:N,"Not found") -> IHG0054667-OJT | F9: =_xlfn.XLOOKUP(E9,'OJT Links'!E:E,'OJT Links'!H:H,"Not found") -> https://mylearning.sumtotal.host/core/pillarRedirect?relyingParty=LM&url=app%2Fmanagement%2FLMS_ActDetails.aspx%3FActivityId%3D595030%26UserMode%3D0
A10: IHG Way of Clean 5-S Cleaning Program | B10: View the videos with your group to complete the learning offer . Once complete, review the assessments as a group. NOTE: Assessment records are not required) | C10: Link | D10: =_xlfn.XLOOKUP(A10,'All Courses'!A:A,'All Courses'!D:D,"Not found") -> course | E10: =_xlfn.XLOOKUP(A10,'OJT IDs'!A:A,'OJT IDs'!N:N,"Not found") -> IHG7376524-OJT | F10: =_xlfn.XLOOKUP(E10,'OJT Links'!E:E,'OJT Links'!H:H,"Not found") -> https://mylearning.sumtotal.host/core/pillarRedirect?relyingParty=LM&url=app%2Fmanagement%2FLMS_ActDetails.aspx%3FActivityId%3D468097%26UserMode%3D0
A11: IHG Way of Clean 5-S Cleaning Program for Non-Housekeeping Colleagues | B11: View the videos with your group to complete the learning offer . Once complete, review the assessments as a group. NOTE: Assessment records are not required) | C11: Link | D11: =_xlfn.XLOOKUP(A11,'All Courses'!A:A,'All Courses'!D:D,"Not found") -> course | E11: =_xlfn.XLOOKUP(A11,'OJT IDs'!A:A,'OJT IDs'!N:N,"Not found") -> IHG1227263-OJT | F11: =_xlfn.XLOOKUP(E11,'OJT Links'!E:E,'OJT Links'!H:H,"Not found") -> https://mylearning.sumtotal.host/core/pillarRedirect?relyingParty=LM&url=app%2Fmanagement%2FLMS_ActDetails.aspx%3FActivityId%3D595028%26UserMode%3D0
A12: IHG World Class Beverage Academy - 101 Essentials | B12: View the videos with your group to complete the learning offer . Once complete, review the assessments as a group. NOTE: Assessment records are not required) | C12: Link | D12: =_xlfn.XLOOKUP(A12,'All Courses'!A:A,'All Courses'!D:D,"Not found") -> course | E12: =_xlfn.XLOOKUP(A12,'OJT IDs'!A:A,'OJT IDs'!N:N,"Not found") -> IHG052185-OJT | F12: =_xlfn.XLOOKUP(E12,'OJT Links'!E:E,'OJT Links'!H:H,"Not found") -> https://mylearning.sumtotal.host/core/pillarRedirect?relyingParty=LM&url=app%2Fmanagement%2FLMS_ActDetails.aspx%3FActivityId%3D595029%26UserMode%3D0
A13: Introduction to Information Security | B13: View the videos with your group to complete the learning offer | C13: Link | D13: =_xlfn.XLOOKUP(A13,'All Courses'!A:A,'All Courses'!D:D,"Not found") -> course | E13: =_xlfn.XLOOKUP(A13,'OJT IDs'!A:A,'OJT IDs'!N:N,"Not found") -> IHG0047625-OJT | F13: =_xlfn.XLOOKUP(E13,'OJT Links'!E:E,'OJT Links'!H:H,"Not found") -> https://mylearning.sumtotal.host/core/pillarRedirect?relyingParty=LM&url=app%2Fmanagement%2FLMS_ActDetails.aspx%3FActivityId%3D596770%26UserMode%3D0
A14: Leading and Sustaining your Service Culture | B14: View the videos with your group to complete the learning offer . Once complete, review the assessments as a group. NOTE: Assessment records are not required) | C14: Link | D14: =_xlfn.XLOOKUP(A14,'All Courses'!A:A,'All Courses'!D:D,"Not found") -> course | E14: =_xlfn.XLOOKUP(A14,'OJT IDs'!A:A,'OJT IDs'!N:N,"Not found") -> IHG0056403-OJT | F14: =_xlfn.XLOOKUP(E14,'OJT Links'!E:E,'OJT Links'!H:H,"Not found") -> https://mylearning.sumtotal.host/core/pillarRedirect?relyingParty=LM&url=app%2Fmanagement%2FLMS_ActDetails.aspx%3FActivityId%3D596772%26UserMode%3D0
A15: Preventing Human Trafficking | B15: View the videos with your group to complete the learning offer . Once complete, review the assessments as a group. NOTE: Assessment records are not required) | C15: Link https://ihg.sharepoint.com/sites/ResponsibleBusiness/SitePages/Human-Rights-Brand-Standards-Guidance.aspx | D15: =_xlfn.XLOOKUP(A15,'All Courses'!A:A,'All Courses'!D:D,"Not found") -> course | E15: =_xlfn.XLOOKUP(A15,'OJT IDs'!A:A,'OJT IDs'!N:N,"Not found") -> IHG0057043-v2024-OJT | F15: =_xlfn.XLOOKUP(E15,'OJT Links'!E:E,'OJT Links'!H:H,"Not found") -> https://mylearning.sumtotal.host/core/pillarRedirect?relyingParty=LM&url=app%2Fmanagement%2FLMS_ActDetails.aspx%3FActivityId%3D468091%26UserMode%3D0
A16: IHG Problem Handling V2 | B16: View the videos with your group to complete the learning offer . Once complete, review the assessments as a group. NOTE: Assessment records are not required) | C16: Link | D16: =_xlfn.XLOOKUP(A16,'All Courses'!A:A,'All Courses'!D:D,"Not found") -> course | E16: =_xlfn.XLOOKUP(A16,'OJT IDs'!A:A,'OJT IDs'!N:N,"Not found") -> IHG056045-OJT | F16: =_xlfn.XLOOKUP(E16,'OJT Links'!E:E,'OJT Links'!H:H,"Not found") -> https://mylearning.sumtotal.host/core/pillarRedirect?relyingParty=LM&url=app%2Fmanagement%2FLMS_ActDetails.aspx%3FActivityId%3D468095%26UserMode%3D0
A17: Property Management System (PMS) | B17: Review maunufactor operating manual relevant department training in the PMS system | E17: =_xlfn.XLOOKUP(A17,'OJT IDs'!A:A,'OJT IDs'!N:N,"Not found") -> IHG5969164-OJT | F17: =_xlfn.XLOOKUP(E17,'OJT Links'!E:E,'OJT Links'!H:H,"Not found") -> https://mylearning.sumtotal.host/core/pillarRedirect?relyingParty=LM&url=app%2Fmanagement%2FLMS_ActDetails.aspx%3FActivityId%3D602920%26UserMode%3D0
A18: Staybridge Suites Breakfast Training Program | B18: View the videos with your group to complete the learning offer | C18: https://mylearning.sumtotal.host/core/pillarRedirect?relyingParty=LM&url=app%2fmanagement%2fLMS_ActDetails.aspx%3fActivityId%3d10766%26UserMode%3d0 | D18: =_xlfn.XLOOKUP(A18,'All Courses'!A:A,'All Courses'!D:D,"Not found") -> course | E18: =_xlfn.XLOOKUP(A18,'OJT IDs'!A:A,'OJT IDs'!N:N,"Not found") -> IHG057244-OJT | F18: =_xlfn.XLOOKUP(E18,'OJT Links'!E:E,'OJT Links'!H:H,"Not found") -> https://mylearning.sumtotal.host/core/pillarRedirect?relyingParty=LM&url=app%2Fmanagement%2FLMS_ActDetails.aspx%3FActivityId%3D596782%26UserMode%3D0
A19: Staybridge Suites The Social Training Program | B19: View the videos with your group to complete the learning offer | C19: https://mylearning.sumtotal.host/core/pillarRedirect?relyingParty=LM&url=app%2fmanagement%2fLMS_ActDetails.aspx%3fActivityId%3d300170%26UserMode%3d0 | D19: =_xlfn.XLOOKUP(A19,'All Courses'!A:A,'All Courses'!D:D,"Not found") -> course | E19: =_xlfn.XLOOKUP(A19,'OJT IDs'!A:A,'OJT IDs'!N:N,"Not found") -> IHG4839915-OJT | F19: =_xlfn.XLOOKUP(E19,'OJT Links'!E:E,'OJT Links'!H:H,"Not found") -> https://mylearning.sumtotal.host/core/pillarRedirect?relyingParty=LM&url=app%2Fmanagement%2FLMS_ActDetails.aspx%3FActivityId%3D596783%26UserMode%3D0
A20: True Hospitality Service Skills | B20: View the videos with your group to complete the learning offer . Once complete, review the assessments as a group. NOTE: Assessment records are not required) | C20: Link | D20: =_xlfn.XLOOKUP(A20,'All Courses'!A:A,'All Courses'!D:D,"Not found") -> course | E20: =_xlfn.XLOOKUP(A20,'OJT IDs'!A:A,'OJT IDs'!N:N,"Not found") -> IHG051263-OJT | F20: =_xlfn.XLOOKUP(E20,'OJT Links'!E:E,'OJT Links'!H:H,"Not found") -> https://mylearning.sumtotal.host/core/pillarRedirect?relyingParty=LM&url=app%2Fmanagement%2FLMS_ActDetails.aspx%3FActivityId%3D468089%26UserMode%3D0
A21: Welcome to IHG | B21: View the videos with your group to complete the learning offer | C21: Link | D21: =_xlfn.XLOOKUP(A21,'All Courses'!A:A,'All Courses'!D:D,"Not found") -> course | E21: =_xlfn.XLOOKUP(A21,'OJT IDs'!A:A,'OJT IDs'!N:N,"Not found") -> IHG058044-OJT | F21: =_xlfn.XLOOKUP(E21,'OJT Links'!E:E,'OJT Links'!H:H,"Not found") -> Not found
A22: Property Orientation | B22: Complete a tour of your property with new hires. | E22: =_xlfn.XLOOKUP(A22,'OJT IDs'!A:A,'OJT IDs'!N:N,"Not found") -> IHG8342629-OJT | F22: =_xlfn.XLOOKUP(E22,'OJT Links'!E:E,'OJT Links'!H:H,"Not found") -> https://mylearning.sumtotal.host/core/pillarRedirect?relyingParty=LM&url=app%2Fmanagement%2FLMS_ActDetails.aspx%3FActivityId%3D603028%26UserMode%3D0
A23: Staybridge Suites Brand Experience Training | B23: View the videos with your group to complete the learning offer . Once complete, review the assessments as a group. NOTE: Assessment records are not required) | C23: https://mylearning.sumtotal.host/core/pillarRedirect?relyingParty=LM&url=app%2fmanagement%2fLMS_ActDetails.aspx%3fActivityId%3d10779%26UserMode%3d0 | D23: =_xlfn.XLOOKUP(A23,'All Courses'!A:A,'All Courses'!D:D,"Not found") -> Course | E23: =_xlfn.XLOOKUP(A23,'OJT IDs'!A:A,'OJT IDs'!N:N,"Not found") -> IHG058784-OJT | F23: =_xlfn.XLOOKUP(E23,'OJT Links'!E:E,'OJT Links'!H:H,"Not found") -> https://mylearning.sumtotal.host/core/pillarRedirect?relyingParty=LM&url=app%2Fmanagement%2FLMS_ActDetails.aspx%3FActivityId%3D596775%26UserMode%3D0
A24: Staybridge Suites Brand Orientation | B24: View the videos with your group to complete the learning offer . Once complete, review the assessments as a group. NOTE: Assessment records are not required) | C24: https://mylearning.sumtotal.host/core/pillarRedirect?relyingParty=LM&url=app%2fmanagement%2fLMS_ActDetails.aspx%3fActivityId%3d10778%26UserMode%3d0 | D24: =_xlfn.XLOOKUP(A24,'All Courses'!A:A,'All Courses'!D:D,"Not found") -> course | E24: =_xlfn.XLOOKUP(A24,'OJT IDs'!A:A,'OJT IDs'!N:N,"Not found") -> IHG058783-OJT | F24: =_xlfn.XLOOKUP(E24,'OJT Links'!E:E,'OJT Links'!H:H,"Not found") -> https://mylearning.sumtotal.host/core/pillarRedirect?relyingParty=LM&url=app%2Fmanagement%2FLMS_ActDetails.aspx%3FActivityId%3D596776%26UserMode%3D0
D25: =_xlfn.XLOOKUP(A25,'All Courses'!A:A,'All Courses'!D:D,"Not found") -> 0
D26: =_xlfn.XLOOKUP(A26,'All Courses'!A:A,'All Courses'!D:D,"Not found") -> 0
D27: =_xlfn.XLOOKUP(A27,'All Courses'!A:A,'All Courses'!D:D,"Not found") -> 0
D28: =_xlfn.XLOOKUP(A28,'All Courses'!A:A,'All Courses'!D:D,"Not found") -> 0
D29: =_xlfn.XLOOKUP(A29,'All Courses'!A:A,'All Courses'!D:D,"Not found") -> 0
D30: =_xlfn.XLOOKUP(A30,'All Courses'!A:A,'All Courses'!D:D,"Not found") -> 0
D31: =_xlfn.XLOOKUP(A31,'All Courses'!A:A,'All Courses'!D:D,"Not found") -> 0
D32: =_xlfn.XLOOKUP(A32,'All Courses'!A:A,'All Courses'!D:D,"Not found") -> 0
D33: =_xlfn.XLOOKUP(A33,'All Courses'!A:A,'All Courses'!D:D,"Not found") -> 0
D34: =_xlfn.XLOOKUP(A34,'All Courses'!A:A,'All Courses'!D:D,"Not found") -> 0
D35: =_xlfn.XLOOKUP(A35,'All Courses'!A:A,'All Courses'!D:D,"Not found") -> 0
D36: =_xlfn.XLOOKUP(A36,'All Courses'!A:A,'All Courses'!D:D,"Not found") -> 0
... D39: =_xlfn.XLOOKUP(A39,'All Courses'!A:A,'All Courses'!D:D,"Not found") -> 0

Sheet Candlewood Suites
A1: Course Title | B1: Instructions | C1: Hyperlink for Access | D1: Access ______ | E1: Not visible to learner: OJT Course ID: | F1: Create OJT Button
A2: Digital Check-in | B2: View the videos with your group to complete the learning offer | C2: https://mylearning.sumtotal.host/core/pillarRedirect?relyingParty=LM&url=app%2fmanagement%2fLMS_ActDetails.aspx%3fActivityId%3d41%26UserMode%3d0 | D2: =_xlfn.XLOOKUP(A2,'All Courses'!A:A,'All Courses'!D:D,"Not found") -> course | E2: =_xlfn.XLOOKUP(A2,'OJT IDs'!A:A,'OJT IDs'!N:N,"Not found") -> IHG0061303-OJT | F2: =_xlfn.XLOOKUP(E2,'OJT Links'!E:E,'OJT Links'!H:H,"Not found") -> https://mylearning.sumtotal.host/core/pillarRedirect?relyingParty=LM&url=app%2Fmanagement%2FLMS_ActDetails.aspx%3FActivityId%3D595005%26UserMode%3D0
A3: First Aid | B3: Review your first aid procedures and practices. | E3: =_xlfn.XLOOKUP(A3,'OJT IDs'!A:A,'OJT IDs'!N:N,"Not found") -> IHG1885862-OJT | F3: =_xlfn.XLOOKUP(E3,'OJT Links'!E:E,'OJT Links'!H:H,"Not found") -> https://mylearning.sumtotal.host/core/pillarRedirect?relyingParty=LM&url=app%2Fmanagement%2FLMS_ActDetails.aspx%3FActivityId%3D601671%26UserMode%3D0
A4: Handling Credit Cards Securely | B4: View the videos with your group to complete the learning offer | C4: https://me2.ihgmerlin.com/web/init-ihg-information-security/homeandhttps://me2.ihgmerlin.com/web/init-pci-compliance | D4: =_xlfn.XLOOKUP(A4,'All Courses'!A:A,'All Courses'!D:D,"Not found") -> Resource | E4: =_xlfn.XLOOKUP(A4,'OJT IDs'!A:A,'OJT IDs'!N:N,"Not found") -> IHG0047626-OJT | F4: =_xlfn.XLOOKUP(E4,'OJT Links'!E:E,'OJT Links'!H:H,"Not found") -> Not found
A5: Health & Safety, Security an Emergency Procedures | B5: Review your health safety and security procedures, including fire evacuation plan. | C5: Link | D5: =_xlfn.XLOOKUP(A5,'All Courses'!A:A,'All Courses'!D:D,"Not found") -> course | E5: =_xlfn.XLOOKUP(A5,'OJT IDs'!A:A,'OJT IDs'!N:N,"Not found") -> IHG9191264-OJT | F5: =_xlfn.XLOOKUP(E5,'OJT Links'!E:E,'OJT Links'!H:H,"Not found") -> https://mylearning.sumtotal.host/core/pillarRedirect?relyingParty=LM&url=app%2Fmanagement%2FLMS_ActDetails.aspx%3FActivityId%3D601724%26UserMode%3D0
A6: Housekeeping Safety Device (US & Canada only) | B6: Review maunufactor operating manual for equipment and procedure for action when an alarm is triggered | E6: =_xlfn.XLOOKUP(A6,'OJT IDs'!A:A,'OJT IDs'!N:N,"Not found") -> IHG8611503-OJT | F6: =_xlfn.XLOOKUP(E6,'OJT Links'!E:E,'OJT Links'!H:H,"Not found") -> https://mylearning.sumtotal.host/core/pillarRedirect?relyingParty=LM&url=app%2Fmanagement%2FLMS_ActDetails.aspx%3FActivityId%3D601740%26UserMode%3D0
A7: Getting to Know IHG Concerto | B7: View the videos with your group to complete the learning offer . Once complete, review the assessments as a group. NOTE: Assessment records are not required) | C7: https://mylearning.sumtotal.host/core/pillarRedirect?relyingParty=LM&url=app%2fmanagement%2fLMS_ActDetails.aspx%3fActivityId%3d52090%26UserMode%3d0 | D7: =_xlfn.XLOOKUP(A7,'All Courses'!A:A,'All Courses'!D:D,"Not found") -> course | E7: =_xlfn.XLOOKUP(A7,'OJT IDs'!A:A,'OJT IDs'!N:N,"Not found") -> IHG0049491-OJT | F7: =_xlfn.XLOOKUP(E7,'OJT Links'!E:E,'OJT Links'!H:H,"Not found") -> https://mylearning.sumtotal.host/core/pillarRedirect?relyingParty=LM&url=app%2Fmanagement%2FLMS_ActDetails.aspx%3FActivityId%3D595027%26UserMode%3D0
A8: IHG Voice Program Training | B8: View the videos with your group to complete the learning offer | C8: https://mylearning.sumtotal.host/core/pillarRedirect?relyingParty=LM&url=app%2fmanagement%2fLMS_ActDetails.aspx%3fActivityId%3d2823%26UserMode%3d0 | D8: =_xlfn.XLOOKUP(A8,'All Courses'!A:A,'All Courses'!D:D,"Not found") -> course | E8: =_xlfn.XLOOKUP(A8,'OJT IDs'!A:A,'OJT IDs'!N:N,"Not found") -> IHG0054667-OJT | F8: =_xlfn.XLOOKUP(E8,'OJT Links'!E:E,'OJT Links'!H:H,"Not found") -> https://mylearning.sumtotal.host/core/pillarRedirect?relyingParty=LM&url=app%2Fmanagement%2FLMS_ActDetails.aspx%3FActivityId%3D595030%26UserMode%3D0
A9: IHG Way of Clean 5-S Cleaning Program | B9: View the videos with your group to complete the learning offer . Once complete, review the assessments as a group. NOTE: Assessment records are not required) | C9: Link | D9: =_xlfn.XLOOKUP(A9,'All Courses'!A:A,'All Courses'!D:D,"Not found") -> course | E9: =_xlfn.XLOOKUP(A9,'OJT IDs'!A:A,'OJT IDs'!N:N,"Not found") -> IHG7376524-OJT | F9: =_xlfn.XLOOKUP(E9,'OJT Links'!E:E,'OJT Links'!H:H,"Not found") -> https://mylearning.sumtotal.host/core/pillarRedirect?relyingParty=LM&url=app%2Fmanagement%2FLMS_ActDetails.aspx%3FActivityId%3D468097%26UserMode%3D0
A10: IHG Way of Clean 5-S Cleaning Program for Non-Housekeeping Colleagues | B10: View the videos with your group to complete the learning offer . Once complete, review the assessments as a group. NOTE: Assessment records are not required) | C10: Link | D10: =_xlfn.XLOOKUP(A10,'All Courses'!A:A,'All Courses'!D:D,"Not found") -> course | E10: =_xlfn.XLOOKUP(A10,'OJT IDs'!A:A,'OJT IDs'!N:N,"Not found") -> IHG1227263-OJT | F10: =_xlfn.XLOOKUP(E10,'OJT Links'!E:E,'OJT Links'!H:H,"Not found") -> https://mylearning.sumtotal.host/core/pillarRedirect?relyingParty=LM&url=app%2Fmanagement%2FLMS_ActDetails.aspx%3FActivityId%3D595028%26UserMode%3D0
A11: IHG World Class Beverage Academy - 101 Essentials | B11: View the videos with your group to complete the learning offer . Once complete, review the assessments as a group. NOTE: Assessment records are not required) | C11: Link | D11: =_xlfn.XLOOKUP(A11,'All Courses'!A:A,'All Courses'!D:D,"Not found") -> course | E11: =_xlfn.XLOOKUP(A11,'OJT IDs'!A:A,'OJT IDs'!N:N,"Not found") -> IHG052185-OJT | F11: =_xlfn.XLOOKUP(E11,'OJT Links'!E:E,'OJT Links'!H:H,"Not found") -> https://mylearning.sumtotal.host/core/pillarRedirect?relyingParty=LM&url=app%2Fmanagement%2FLMS_ActDetails.aspx%3FActivityId%3D595029%26UserMode%3D0
A12: Introduction to Information Security | B12: View the videos with your group to complete the learning offer | C12: Link | D12: =_xlfn.XLOOKUP(A12,'All Courses'!A:A,'All Courses'!D:D,"Not found") -> course | E12: =_xlfn.XLOOKUP(A12,'OJT IDs'!A:A,'OJT IDs'!N:N,"Not found") -> IHG0047625-OJT | F12: =_xlfn.XLOOKUP(E12,'OJT Links'!E:E,'OJT Links'!H:H,"Not found") -> https://mylearning.sumtotal.host/core/pillarRedirect?relyingParty=LM&url=app%2Fmanagement%2FLMS_ActDetails.aspx%3FActivityId%3D596770%26UserMode%3D0
A13: Leading and Sustaining your Service Culture | B13: View the videos with your group to complete the learning offer . Once complete, review the assessments as a group. NOTE: Assessment records are not required) | C13: Link | D13: =_xlfn.XLOOKUP(A13,'All Courses'!A:A,'All Courses'!D:D,"Not found") -> course | E13: =_xlfn.XLOOKUP(A13,'OJT IDs'!A:A,'OJT IDs'!N:N,"Not found") -> IHG0056403-OJT | F13: =_xlfn.XLOOKUP(E13,'OJT Links'!E:E,'OJT Links'!H:H,"Not found") -> https://mylearning.sumtotal.host/core/pillarRedirect?relyingParty=LM&url=app%2Fmanagement%2FLMS_ActDetails.aspx%3FActivityId%3D596772%26UserMode%3D0
A14: Preventing Human Trafficking | B14: View the videos with your group to complete the learning offer . Once complete, review the assessments as a group. NOTE: Assessment records are not required) | C14: Link https://ihg.sharepoint.com/sites/ResponsibleBusiness/SitePages/Human-Rights-Brand-Standards-Guidance.aspx | D14: =_xlfn.XLOOKUP(A14,'All Courses'!A:A,'All Courses'!D:D,"Not found") -> course | E14: =_xlfn.XLOOKUP(A14,'OJT IDs'!A:A,'OJT IDs'!N:N,"Not found") -> IHG0057043-v2024-OJT | F14: =_xlfn.XLOOKUP(E14,'OJT Links'!E:E,'OJT Links'!H:H,"Not found") -> https://mylearning.sumtotal.host/core/pillarRedirect?relyingParty=LM&url=app%2Fmanagement%2FLMS_ActDetails.aspx%3FActivityId%3D468091%26UserMode%3D0
A15: IHG Problem Handling V2 | B15: View the videos with your group to complete the learning offer . Once complete, review the assessments as a group. NOTE: Assessment records are not required) | C15: Link | D15: =_xlfn.XLOOKUP(A15,'All Courses'!A:A,'All Courses'!D:D,"Not found") -> course | E15: =_xlfn.XLOOKUP(A15,'OJT IDs'!A:A,'OJT IDs'!N:N,"Not found") -> IHG056045-OJT | F15: =_xlfn.XLOOKUP(E15,'OJT Links'!E:E,'OJT Links'!H:H,"Not found") -> https://mylearning.sumtotal.host/core/pillarRedirect?relyingParty=LM&url=app%2Fmanagement%2FLMS_ActDetails.aspx%3FActivityId%3D468095%26UserMode%3D0
A16: Property Management System (PMS) | B16: Review maunufactor operating manual relevant department training in the PMS system | E16: =_xlfn.XLOOKUP(A16,'OJT IDs'!A:A,'OJT IDs'!N:N,"Not found") -> IHG5969164-OJT | F16: =_xlfn.XLOOKUP(E16,'OJT Links'!E:E,'OJT Links'!H:H,"Not found") -> https://mylearning.sumtotal.host/core/pillarRedirect?relyingParty=LM&url=app%2Fmanagement%2FLMS_ActDetails.aspx%3FActivityId%3D602920%26UserMode%3D0
A17: True Hospitality Service Skills | B17: View the videos with your group to complete the learning offer . Once complete, review the assessments as a group. NOTE: Assessment records are not required) | C17: Link | D17: =_xlfn.XLOOKUP(A17,'All Courses'!A:A,'All Courses'!D:D,"Not found") -> course | E17: =_xlfn.XLOOKUP(A17,'OJT IDs'!A:A,'OJT IDs'!N:N,"Not found") -> IHG051263-OJT | F17: =_xlfn.XLOOKUP(E17,'OJT Links'!E:E,'OJT Links'!H:H,"Not found") -> https://mylearning.sumtotal.host/core/pillarRedirect?relyingParty=LM&url=app%2Fmanagement%2FLMS_ActDetails.aspx%3FActivityId%3D468089%26UserMode%3D0
A18: Welcome to IHG | B18: View the videos with your group to complete the learning offer | C18: Link | D18: =_xlfn.XLOOKUP(A18,'All Courses'!A:A,'All Courses'!D:D,"Not found") -> course | E18: =_xlfn.XLOOKUP(A18,'OJT IDs'!A:A,'OJT IDs'!N:N,"Not found") -> IHG058044-OJT | F18: =_xlfn.XLOOKUP(E18,'OJT Links'!E:E,'OJT Links'!H:H,"Not found") -> Not found
A19: Property Orientation | B19: Complete a tour of your property with new hires. | E19: =_xlfn.XLOOKUP(A19,'OJT IDs'!A:A,'OJT IDs'!N:N,"Not found") -> IHG8342629-OJT | F19: =_xlfn.XLOOKUP(E19,'OJT Links'!E:E,'OJT Links'!H:H,"Not found") -> https://mylearning.sumtotal.host/core/pillarRedirect?relyingParty=LM&url=app%2Fmanagement%2FLMS_ActDetails.aspx%3FActivityId%3D603028%26UserMode%3D0
A20: Candlewood Suites Brand Experience Training | B20: View the videos with your group to complete the learning offer . Once complete, review the assessments as a group. NOTE: Assessment records are not required) | C20: https://mylearning.sumtotal.host/core/pillarRedirect?relyingParty=LM&url=app%2fmanagement%2fLMS_ActDetails.aspx%3fActivityId%3d10781%26UserMode%3d0 | D20: =_xlfn.XLOOKUP(A20,'All Courses'!A:A,'All Courses'!D:D,"Not found") -> Course | E20: =_xlfn.XLOOKUP(A20,'OJT IDs'!A:A,'OJT IDs'!N:N,"Not found") -> IHG058786-OJT | F20: =_xlfn.XLOOKUP(E20,'OJT Links'!E:E,'OJT Links'!H:H,"Not found") -> https://mylearning.sumtotal.host/core/pillarRedirect?relyingParty=LM&url=app%2Fmanagement%2FLMS_ActDetails.aspx%3FActivityId%3D593207%26UserMode%3D0
A21: Candlewood Suites Brand Orientation | B21: View the videos with your group to complete the learning offer . Once complete, review the assessments as a group. NOTE: Assessment records are not required) | C21: https://mylearning.sumtotal.host/core/pillarRedirect?relyingParty=LM&url=app%2fmanagement%2fLMS_ActDetails.aspx%3fActivityId%3d10780%26UserMode%3d0 | D21: =_xlfn.XLOOKUP(A21,'All Courses'!A:A,'All Courses'!D:D,"Not found") -> course | E21: =_xlfn.XLOOKUP(A21,'OJT IDs'!A:A,'OJT IDs'!N:N,"Not found") -> IHG058785-OJT | F21: =_xlfn.XLOOKUP(E21,'OJT Links'!E:E,'OJT Links'!H:H,"Not found") -> https://mylearning.sumtotal.host/core/pillarRedirect?relyingParty=LM&url=app%2Fmanagement%2FLMS_ActDetails.aspx%3FActivityId%3D593208%26UserMode%3D0
D22: =_xlfn.XLOOKUP(A22,'All Courses'!A:A,'All Courses'!D:D,"Not found") -> 0
D23: =_xlfn.XLOOKUP(A23,'All Courses'!A:A,'All Courses'!D:D,"Not found") -> 0
D24: =_xlfn.XLOOKUP(A24,'All Courses'!A:A,'All Courses'!D:D,"Not found") -> 0
D25: =_xlfn.XLOOKUP(A25,'All Courses'!A:A,'All Courses'!D:D,"Not found") -> 0
D26: =_xlfn.XLOOKUP(A26,'All Courses'!A:A,'All Courses'!D:D,"Not found") -> 0
D27: =_xlfn.XLOOKUP(A27,'All Courses'!A:A,'All Courses'!D:D,"Not found") -> 0
D28: =_xlfn.XLOOKUP(A28,'All Courses'!A:A,'All Courses'!D:D,"Not found") -> 0
D29: =_xlfn.XLOOKUP(A29,'All Courses'!A:A,'All Courses'!D:D,"Not found") -> 0
D30: =_xlfn.XLOOKUP(A30,'All Courses'!A:A,'All Courses'!D:D,"Not found") -> 0
D31: =_xlfn.XLOOKUP(A31,'All Courses'!A:A,'All Courses'!D:D,"Not found") -> 0
D32: =_xlfn.XLOOKUP(A32,'All Courses'!A:A,'All Courses'!D:D,"Not found") -> 0
D33: =_xlfn.XLOOKUP(A33,'All Courses'!A:A,'All Courses'!D:D,"Not found") -> 0
... D39: =_xlfn.XLOOKUP(A39,'All Courses'!A:A,'All Courses'!D:D,"Not found") -> 0

Sheet All Courses
I1: Online Course IDs | N1: OJT Course IDs
A2: Course Name | B2: Delivery Type | C2: AMER & EMEAA Links to any resources | D2: Info | E2: Delivery Guidance | F2: Audience | G2: Audience Comments | H2: Brands | I2: Global | J2: AMER/EMEAA | K2: AMER | L2: GC | M2: EMEAA | N2: Global | O2: AMER/EMEAA | P2: AMER | Q2: GC | R2: EMEAA
A3: Art of Breakfast | B3: OJT only | C3: https://ihgfbamericas.com/wp-content/uploads/2016/09/The-Art-of-Breakfast-Service-Manager-Handbook-1.pdf | D3: Resource | E3: Use the link provided to access the learning offer. Review the offering in its entirety to complete. | F3: AMER | H3: Hotel Indigo | I3: N/A | J3: N/A | K3: N/A | L3: N/A | M3: N/A
A4: Art of Room | B4: OJT only | C4: https://ihgfbamericas.com/wp-content/uploads/2016/09/Art-of-Room-Service-Training-Manual.pdf | D4: Resource | E4: Use the link provided to access the learning offer. Review the offering in its entirety to complete. | F4: AMER | H4: Hotel Indigo | I4: N/A | J4: N/A | K4: N/A | L4: N/A | M4: N/A
A5: Brand Introduction (led by GM or Leader) | B5: OJT only | C5: https://www.ihgplc.com/en/our-brands | D5: Resource | E5: Discuss information from website relevant to your brand. | F5: EMEAA | H5: Vignette | I5: n/a | J5: n/a | K5: n/a | L5: n/a | M5: n/a
A6: Buffet training Program | B6: OJT only | C6: https://ihgfbamericas.com/brands/holiday-inn-hotels-resorts/breakfast-buffet-hub/training-implementation/ | D6: Resource | E6: View the videos with your group to complete the learning offer | F6: AMER | H6: Holiday Inn | I6: n/a | J6: n/a | K6: n/a | L6: n/a | M6: n/a
A7: Business Services training | B7: OJT only | D7: no link | E7: Review maunufactor operating manuals for equipment and software. | F7: AMER | H7: IC/KI/RG/IN/SB/HI/HIRT | I7: N/A | J7: N/A | K7: N/A | L7: N/A | M7: N/A
A8: Crowne Plaza Ignite Menu Programme Video - Recipes | B8: Online | C8: Link | D8: course | E8: View the videos with your group to complete the learning offer | F8: AMER | H8: CRWN | K8: IHG057307-EN (N AMER) IHG057307-ES (LATIN AMER) | L8: n/a | M8: n/a
A9: Crowne Plaza Ignite Menu Programme Video - Service | B9: Online | C9: Link | D9: course | E9: View the videos with your group to complete the learning offer | F9: AMER | G9: US & Canada | H9: CRWN | K9: IHG0057306 | L9: n/a | M9: n/a
A10: Crowne Plaza Meeting Essentials | B10: Online | C10: https://core-ihg.bravais.com/s/JyQdZmm70U6o8n6ZeWjP | D10: Resource | E10: View the videos with your group to complete the learning offer | F10: AMER | H10: CRWN | K10: IHG0048244
A11: Crowne Plaza Power up Mornings Breakfast Program | B11: Online | D11: course | E11: View the videos with your group to complete the learning offer | F11: AMER | H11: CRWN | K11: IHG057363
A12: Digital Check-in | B12: Online | C12: https://mylearning.sumtotal.host/core/pillarRedirect?relyingParty=LM&url=app%2fmanagement%2fLMS_ActDetails.aspx%3fActivityId%3d41%26UserMode%3d0 | D12: course | E12: View the videos with your group to complete the learning offer | F12: AMER | G12: US & Canada | H12: All | K12: IHG0061303
A13: Express Start Breakfast Bar Experience | B13: Online | D13: no link | E13: View the videos with your group to complete the learning offer . Once complete, review the assessments as a group. NOTE: Assessment records are not required) | F13: AMER | G13: US & Canada | H13: HIEX | K13: IHG052206
A14: EVEN Brand Hallmarks | B14: OJT only | C14: https://me2.ihgmerlin.com/web/init-even-hotels-hotel-in-a-box/home | D14: Resource | E14: Use the link provided to access the learning offer. Download any required job aids to support the learning | F14: AMER | G14: n/a | H14: EVEN Hotels | I14: n/a | J14: n/a | K14: n/a | L14: n/a | M14: n/a
A15: First Aid | B15: OJT only | D15: no link | E15: Review your first aid procedures and practices. | F15: AMER & EMEAA | G15: n/a | H15: all | I15: n/a | J15: n/a | K15: n/a | L15: n/a | M15: n/a
A16: Fitness Equipment training | B16: OJT only | C16: Peloton Bike - https://ihgolm.my.salesforce.com/sfc/p/#j0000000KUiS/a/5b000000JrFs/d0iIg1kpRmAdH7X6Ov_FZxzM5gwfTCAgfmF416jsxPg | D16: Resource | E16: Use the link provided to access the learning offer. Review the offering in its entirety to complete. | F16: AMER | H16: EVEN Hotels | I16: N/A | J16: N/A | K16: N/A | L16: N/A | M16: n/a
A17: Food & Beverage training | B17: OJT only | C17: https://ihgfbglobal.com/regional-home-amer/amer-even-hotels/amer-ev-guides-tools-learning/ | D17: Resource | E17: View the videos with your group to complete the learning offer | F17: AMER | H17: EVEN Hotels | I17: N/A | J17: N/A | K17: N/A | L17: N/A | M17: N/A
A18: Handling Credit Cards Securely | B18: Online | C18: https://me2.ihgmerlin.com/web/init-ihg-information-security/homeandhttps://me2.ihgmerlin.com/web/init-pci-compliance | D18: Resource | E18: View the videos with your group to complete the learning offer | F18: Global | G18: n/a | H18: all | J18: IHG0047626 | L18: IHG0047626-ZH
A19: Health & Safety, Security an Emergency Procedures | B19: OJT only | C19: Link | D19: course | E19: Review your health safety and security procedures, including fire evacuation plan. | F19: AMER & EMEAA | H19: All - except HICV | I19: n/a | J19: n/a | K19: n/a | L19: n/a | M19: n/a
A20: Holiday Inn C.A.S.H - Core Menu | B20: Online | C20: Link | D20: course | E20: View the videos with your group to complete the learning offer | F20: AMER | G20: n/a | H20: Holiday Inn | I20: n/a | K20: IHG052303 | L20: n/a | M20: n/a
A21: Holiday Inn C.A.S.H - Sequence of Service | B21: Online | C21: Link | D21: course | E21: View the videos with your group to complete the learning offer . Once complete, review the assessments as a group. NOTE: Assessment records are not required) | F21: AMER | G21: US & Canada | H21: Holiday Inn | I21: n/a | K21: IHG052304 | L21: n/a | M21: n/a
A22: Holiday Inn Start Fresh Breakfast Program | B22: Online | C22: Link | D22: course | E22: View the videos with your group to complete the learning offer | F22: AMER | G22: US & Canada | H22: Holiday Inn | I22: n/a | K22: IHG051964 | L22: n/a | M22: n/a
A23: Housekeeping Safety Device (US & Canada only) | B23: OJT only | D23: no link | E23: Review maunufactor operating manual for equipment and procedure for action when an alarm is triggered | F23: AMER | G23: US & Canada | H23: all | I23: N/A | J23: N/A | K23: N/A | L23: N/A | M23: N/A
A24: Getting to Know IHG Concerto | B24: Online | C24: https://mylearning.sumtotal.host/core/pillarRedirect?relyingParty=LM&url=app%2fmanagement%2fLMS_ActDetails.aspx%3fActivityId%3d52090%26UserMode%3d0 | D24: course | E24: View the videos with your group to complete the learning offer . Once complete, review the assessments as a group. NOTE: Assessment records are not required) | F24: Global | H24: ALL | I24: IHG0049491
A25: IHG Voice Program Training | B25: Online | C25: https://mylearning.sumtotal.host/core/pillarRedirect?relyingParty=LM&url=app%2fmanagement%2fLMS_ActDetails.aspx%3fActivityId%3d2823%26UserMode%3d0 | D25: course | E25: View the videos with your group to complete the learning offer | F25: Global | H25: ALL | I25: IHG0054667 | L25: IHG0054667
A26: IHG Way of Clean 5-S Cleaning Program | B26: Online | C26: Link | D26: course | E26: View the videos with your group to complete the learning offer . Once complete, review the assessments as a group. NOTE: Assessment records are not required) | F26: AMER & EMEAA | G26: n/a | H26: All - except HICV | I26: n/a | J26: IHG7376524 | K26: n/a | L26: n/a | M26: n/a | O26: IHG7376524 - OJT
A27: IHG Way of Clean 5-S Cleaning Program for Non-Housekeeping Colleagues | B27: Online | C27: Link | D27: course | E27: View the videos with your group to complete the learning offer . Once complete, review the assessments as a group. NOTE: Assessment records are not required) | F27: AMER & EMEAA | G27: n/a | H27: All - except HICV | I27: n/a | J27: IHG1227263 | K27: n/a | L27: n/a | M27: n/a
A28: IHG World Class Beverage Academy - 101 Essentials | B28: Online | C28: Link | D28: course | E28: View the videos with your group to complete the learning offer . Once complete, review the assessments as a group. NOTE: Assessment records are not required) | F28: AMER & EMEAA | G28: n/a | H28: All | I28: n/a | J28: IHG052185
A29: Introduction to Information Security | B29: Online | C29: Link | D29: course | E29: View the videos with your group to complete the learning offer | F29: Global | G29: n/a | H29: all | I29: n/a | J29: IHG0047625 | L29: IHG0047625-ZH
